rule_id	status	scope	match_kind	match	replacement	canonical_title	aliases_json	notes
normalize-57mm-gun	active	creation	exact	57mm-gun	57-mm-guns	57 mm Guns	[]	Deprecated joined-mm input is normalized without a compatibility alias; source https://www.bipm.org/en/publications/si-brochure
normalize-57mm-guns	active	creation	exact	57mm-guns	57-mm-guns	57 mm Guns	[]	Deprecated joined-mm input is normalized without a compatibility alias; source https://www.bipm.org/en/publications/si-brochure
normalize-76mm-gun	active	creation	exact	76mm-gun	76-mm-guns	76 mm Guns	[]	Deprecated joined-mm input is normalized without a compatibility alias; source https://www.bipm.org/en/publications/si-brochure
normalize-76mm-guns	active	creation	exact	76mm-guns	76-mm-guns	76 mm Guns	[]	Deprecated joined-mm input is normalized without a compatibility alias; source https://www.bipm.org/en/publications/si-brochure
normalize-74-gun-ship	active	creation	exact	74-gun-ship	74-gun-ships	74-Gun Ships	["74 Gun Ship"]	Reviewed exact duplicate family; policy task-notes/2026-07-16_T17-41-19-0500_topic-normalization-patterns-plan.md
normalize-seventy-four-gun-ships	active	creation	exact	seventy-four-gun-ships	74-gun-ships	74-Gun Ships	["Seventy Four Gun Ships","seventy-fours"]	Reviewed exact duplicate family; move the narrower ships-of-the-line alias under the canonical 74-gun topic; policy task-notes/2026-07-16_T17-41-19-0500_topic-normalization-patterns-plan.md
normalize-20mm-cannon	active	creation	exact	20mm-cannon	20-mm-cannon	20 mm Cannon	[]	Deprecated joined-mm input is normalized without a compatibility alias; source https://www.bipm.org/en/publications/si-brochure
normalize-30mm-guns	active	creation	exact	30mm-guns	30-mm-guns	30 mm Guns	[]	Deprecated joined-mm input is normalized without a compatibility alias; source https://www.bipm.org/en/publications/si-brochure
normalize-bofors-40mm	active	creation	exact	bofors-40mm	bofors-40-mm	Bofors 40 mm	[]	Deprecated joined-mm input is normalized without a compatibility alias; terminology source https://www.baesystems.com/en/product~57mm-naval-gun-system~
normalize-oerlikon-20mm	active	creation	exact	oerlikon-20mm	oerlikon-20-mm	Oerlikon 20 mm	[]	Deprecated joined-mm input is normalized without a compatibility alias; terminology source https://www.rheinmetall.com/en/products/air-defence-systems/naval-air-defence
normalize-oto-melara-76mm	active	creation	exact	oto-melara-76mm	oto-melara-76-mm	OTO Melara 76 mm	[]	Deprecated joined-mm input is normalized without a compatibility alias; terminology source https://electronics.leonardo.com/en/products/76-62-super-rapid
normalize-three-inch-guns	active	creation	exact	three-inch-guns	3-inch-guns	3-inch Guns	["Three Inch Guns"]	Reviewed exact duplicate family; policy task-notes/2026-07-16_T17-41-19-0500_topic-normalization-patterns-plan.md
normalize-four-inch-guns	active	creation	exact	four-inch-guns	4-inch-guns	4-inch Guns	["Four Inch Guns"]	Reviewed exact duplicate family; policy task-notes/2026-07-16_T17-41-19-0500_topic-normalization-patterns-plan.md
normalize-five-inch-gun	active	creation	exact	five-inch-gun	5-inch-guns	5-inch Guns	["Five Inch Gun"]	Reviewed exact duplicate family; policy task-notes/2026-07-16_T17-41-19-0500_topic-normalization-patterns-plan.md
normalize-five-inch-guns	active	creation	exact	five-inch-guns	5-inch-guns	5-inch Guns	["Five Inch Guns"]	Reviewed exact duplicate family; policy task-notes/2026-07-16_T17-41-19-0500_topic-normalization-patterns-plan.md
normalize-5-inch-38-caliber-gun	active	creation	exact	5-inch-38-caliber-gun	5-inch-guns	5-inch Guns	[]	User-approved merge of an over-specific gun topic with no compatibility alias
normalize-six-inch-guns	active	creation	exact	six-inch-guns	6-inch-guns	6-inch Guns	["Six Inch Guns"]	Reviewed exact duplicate family; policy task-notes/2026-07-16_T17-41-19-0500_topic-normalization-patterns-plan.md
normalize-eight-inch-guns	active	creation	exact	eight-inch-guns	8-inch-guns	8-inch Guns	["Eight Inch Guns"]	Reviewed exact duplicate family; policy task-notes/2026-07-16_T17-41-19-0500_topic-normalization-patterns-plan.md
normalize-ten-inch-guns	active	creation	exact	ten-inch-guns	10-inch-guns	10-inch Guns	["Ten Inch Guns"]	Reviewed exact duplicate family; policy task-notes/2026-07-16_T17-41-19-0500_topic-normalization-patterns-plan.md
normalize-eleven-inch-guns	active	creation	exact	eleven-inch-guns	11-inch-guns	11-inch Guns	["Eleven Inch Guns"]	Reviewed exact duplicate family; policy task-notes/2026-07-16_T17-41-19-0500_topic-normalization-patterns-plan.md
normalize-twelve-inch-guns	active	creation	exact	twelve-inch-guns	12-inch-guns	12-inch Guns	["Twelve Inch Guns"]	Reviewed exact duplicate family; policy task-notes/2026-07-16_T17-41-19-0500_topic-normalization-patterns-plan.md
normalize-fourteen-inch-guns	active	creation	exact	fourteen-inch-guns	14-inch-guns	14-inch Guns	["Fourteen Inch Guns"]	Reviewed exact duplicate family; policy task-notes/2026-07-16_T17-41-19-0500_topic-normalization-patterns-plan.md
normalize-fifteen-inch-gun	active	creation	exact	fifteen-inch-gun	15-inch-guns	15-inch Guns	["Fifteen Inch Gun"]	Reviewed exact duplicate family; policy task-notes/2026-07-16_T17-41-19-0500_topic-normalization-patterns-plan.md
normalize-fifteen-inch-guns	active	creation	exact	fifteen-inch-guns	15-inch-guns	15-inch Guns	["Fifteen Inch Guns"]	Reviewed exact duplicate family; policy task-notes/2026-07-16_T17-41-19-0500_topic-normalization-patterns-plan.md
normalize-sixteen-inch-gun	active	creation	exact	sixteen-inch-gun	16-inch-guns	16-inch Guns	["Sixteen Inch Gun"]	Reviewed exact duplicate family; policy task-notes/2026-07-16_T17-41-19-0500_topic-normalization-patterns-plan.md
normalize-sixteen-inch-guns	active	creation	exact	sixteen-inch-guns	16-inch-guns	16-inch Guns	["Sixteen Inch Guns"]	Reviewed exact duplicate family; policy task-notes/2026-07-16_T17-41-19-0500_topic-normalization-patterns-plan.md
normalize-eighteen-inch-guns	active	creation	exact	eighteen-inch-guns	18-inch-guns	18-inch Guns	["Eighteen Inch Guns"]	Reviewed exact duplicate family; policy task-notes/2026-07-16_T17-41-19-0500_topic-normalization-patterns-plan.md
normalize-twenty-inch-guns	active	creation	exact	twenty-inch-guns	20-inch-guns	20-inch Guns	["Twenty Inch Guns"]	Reviewed exact duplicate family; policy task-notes/2026-07-16_T17-41-19-0500_topic-normalization-patterns-plan.md
normalize-14-inch-naval-guns	active	creation	exact	14-inch-naval-guns	14-inch-guns	14-inch Guns	[]	User-approved exact merge with no compatibility alias; naval context does not create a separate generic calibre topic
normalize-16-inch-naval-guns	active	creation	exact	16-inch-naval-guns	16-inch-guns	16-inch Guns	[]	User-approved exact merge with no compatibility alias; naval context does not create a separate generic calibre topic
normalize-18-inch-naval-guns	active	creation	exact	18-inch-naval-guns	18-inch-guns	18-inch Guns	[]	User-approved exact merge with no compatibility alias; naval context does not create a separate generic calibre topic
normalize-20-inch-naval-guns	active	creation	exact	20-inch-naval-guns	20-inch-guns	20-inch Guns	[]	User-approved exact merge with no compatibility alias; naval context does not create a separate generic calibre topic
normalize-f-18	active	creation	exact	f-18	fa-18	F/A-18	[]	Deprecated non-USN form resolves to the official F/A-18 topic with no compatibility alias; source https://www.navair.navy.mil/product/FA-18EF-Super-Hornet
normalize-f-18-hornet	active	creation	exact	f-18-hornet	fa-18	F/A-18	[]	Deprecated non-USN form resolves to the official F/A-18 topic with no compatibility alias; source https://www.navair.navy.mil/product/FA-18EF-Super-Hornet
normalize-f-a-18	active	creation	exact	f-a-18	fa-18	F/A-18	[]	Slash-expanded path resolves to the official F/A-18 topic with no compatibility alias; source https://www.navair.navy.mil/product/FA-18EF-Super-Hornet
normalize-f-a-18-hornet	active	creation	exact	f-a-18-hornet	fa-18	F/A-18	[]	Slash-expanded path resolves to the official F/A-18 topic with no compatibility alias; source https://www.navair.navy.mil/product/FA-18EF-Super-Hornet
normalize-f-a-18-super-hornet	active	creation	exact	f-a-18-super-hornet	fa-18e-f-super-hornet	F/A-18E/F Super Hornet	[]	Malformed family path resolves to the official F/A-18E/F Super Hornet form with no compatibility alias; source https://www.navair.navy.mil/product/FA-18EF-Super-Hornet
normalize-f18-super-hornet	active	creation	exact	f18-super-hornet	fa-18e-f-super-hornet	F/A-18E/F Super Hornet	[]	Malformed family path resolves to the official F/A-18E/F Super Hornet form with no compatibility alias; source https://www.navair.navy.mil/product/FA-18EF-Super-Hornet
normalize-fa-18e-super-hornet	active	creation	exact	fa-18e-super-hornet	fa-18e-f-super-hornet	F/A-18E/F Super Hornet	[]	Over-specific family path resolves to the official E/F family form with no compatibility alias; source https://www.navair.navy.mil/product/FA-18EF-Super-Hornet
normalize-f-9f-panther	active	creation	exact	f-9f-panther	f9f-panther	F9F Panther	[]	Malformed post-1962-style path resolves to the compact pre-1962 USN designator with no compatibility alias; source https://www.history.navy.mil/content/dam/nhhc/research/publications/1910/Part1.pdf
normalize-f14-tomcat	active	creation	exact	f14-tomcat	f-14-tomcat	F-14 Tomcat	[]	Malformed joined designator resolves to the DoD mission-design-series form with no compatibility alias; source https://static.e-publishing.af.mil/production/1/af_a8/publication/afi16-401/afi16-401.pdf
normalize-f35	active	creation	exact	f35	f-35-lightning-ii	F-35 Lightning II	["F-35"]	Malformed joined designator resolves to the DoD mission-design-series form with no compatibility alias; source https://static.e-publishing.af.mil/production/1/af_a8/publication/afi16-401/afi16-401.pdf
normalize-f47-fighter	active	creation	exact	f47-fighter	f-47-fighter	F-47 Fighter	[]	Malformed joined designator resolves to the DoD mission-design-series form with no compatibility alias; source https://static.e-publishing.af.mil/production/1/af_a8/publication/afi16-401/afi16-401.pdf
normalize-p3-orion	active	creation	exact	p3-orion	lockheed-p-3-orion	Lockheed P-3 Orion	["P-3 Orion"]	Malformed joined designator resolves to the DoD mission-design-series form with no compatibility alias; source https://static.e-publishing.af.mil/production/1/af_a8/publication/afi16-401/afi16-401.pdf
normalize-s3-viking	active	creation	exact	s3-viking	s-3-viking	S-3 Viking	[]	Malformed joined designator resolves to the DoD mission-design-series form with no compatibility alias; source https://static.e-publishing.af.mil/production/1/af_a8/publication/afi16-401/afi16-401.pdf
normalize-f8-crusader	active	creation	exact	f8-crusader	vought-f-8-crusader	Vought F-8 Crusader	["F-8 Crusader","F8U Crusader"]	Malformed joined designator resolves to the DoD mission-design-series form with no compatibility alias; source https://static.e-publishing.af.mil/production/1/af_a8/publication/afi16-401/afi16-401.pdf
normalize-f-4-phantom	active	creation	exact	f-4-phantom	f-4-phantom-ii	F-4 Phantom II	[]	Incomplete nickname resolves to the established full aircraft name with no compatibility alias; source https://www.nationalmuseum.af.mil/Portals/7/documents/other/nmusaf_alpha_aircraft_list.pdf
normalize-f-35-lightning	active	creation	exact	f-35-lightning	f-35-lightning-ii	F-35 Lightning II	[]	Incomplete nickname resolves to the official full aircraft name with no compatibility alias; source https://www.af.mil/About-Us/Fact-Sheets/Display/Article/478441/f-35a-lightning-ii/
normalize-f-35b-lightning	active	creation	exact	f-35b-lightning	f-35b-lightning-ii	F-35B Lightning II	[]	Incomplete nickname resolves to the official full aircraft name with no compatibility alias; source https://www.af.mil/About-Us/Fact-Sheets/Display/Article/478441/f-35a-lightning-ii/
normalize-4-5-inch-gun	active	creation	exact	4-5-inch-gun	4-5-inch-guns	4.5-inch Guns	["4.5-inch Gun","4.5 inch gun","4 5 inch gun"]	Reviewed exact duplicate family; policy task-notes/2026-07-16_T17-41-19-0500_topic-normalization-patterns-plan.md
normalize-13-5-inch-gun	active	creation	exact	13-5-inch-gun	13-5-inch-guns	13.5-inch Guns	["13.5-inch Gun","13.5 inch gun","13 5 inch gun"]	Reviewed exact duplicate family; policy task-notes/2026-07-16_T17-41-19-0500_topic-normalization-patterns-plan.md
normalize-four-point-five-inch-gun	active	creation	exact	four-point-five-inch-gun	4-5-inch-guns	4.5-inch Guns	["Four Point Five Inch Gun"]	Reviewed exact duplicate family; policy task-notes/2026-07-16_T17-41-19-0500_topic-normalization-patterns-plan.md
normalize-four-point-five-inch-guns	active	creation	exact	four-point-five-inch-guns	4-5-inch-guns	4.5-inch Guns	["Four Point Five Inch Guns"]	Reviewed exact duplicate family; policy task-notes/2026-07-16_T17-41-19-0500_topic-normalization-patterns-plan.md
normalize-four-point-seven-inch-guns	active	creation	exact	four-point-seven-inch-guns	4-7-inch-guns	4.7-inch Guns	["Four Point Seven Inch Guns"]	Reviewed exact duplicate family; policy task-notes/2026-07-16_T17-41-19-0500_topic-normalization-patterns-plan.md
normalize-five-point-two-inch-guns	active	creation	exact	five-point-two-inch-guns	5-25-inch-guns	5.25-inch Guns	["Five Point Two Inch Guns"]	Transcript-backed 5.25-inch identity; evidence src/derived/video-segments/2024-02-04_T19-30-08_bruships-138-random-naval-history-books-from-me-random-naval-history-questions-from-you_7t-HYhXQ7wk.json
normalize-five-point-two-five-inch-gun	active	creation	exact	five-point-two-five-inch-gun	5-25-inch-guns	5.25-inch Guns	["Five Point Two Five Inch Gun"]	Reviewed exact duplicate family; policy task-notes/2026-07-16_T17-41-19-0500_topic-normalization-patterns-plan.md
normalize-five-point-two-five-inch-guns	active	creation	exact	five-point-two-five-inch-guns	5-25-inch-guns	5.25-inch Guns	["Five Point Two Five Inch Guns"]	Reviewed exact duplicate family; policy task-notes/2026-07-16_T17-41-19-0500_topic-normalization-patterns-plan.md
normalize-five-point-five-inch-gun	active	creation	exact	five-point-five-inch-gun	5-5-inch-guns	5.5-inch Guns	["Five Point Five Inch Gun"]	Reviewed exact duplicate family; policy task-notes/2026-07-16_T17-41-19-0500_topic-normalization-patterns-plan.md
normalize-five-point-five-inch-guns	active	creation	exact	five-point-five-inch-guns	5-5-inch-guns	5.5-inch Guns	["Five Point Five Inch Guns"]	Reviewed exact duplicate family; policy task-notes/2026-07-16_T17-41-19-0500_topic-normalization-patterns-plan.md
normalize-nine-point-two-inch-guns	active	creation	exact	nine-point-two-inch-guns	9-2-inch-guns	9.2-inch Guns	["Nine Point Two Inch Guns"]	Reviewed exact duplicate family; policy task-notes/2026-07-16_T17-41-19-0500_topic-normalization-patterns-plan.md
normalize-thirteen-point-five-inch-guns	active	creation	exact	thirteen-point-five-inch-guns	13-5-inch-guns	13.5-inch Guns	["Thirteen Point Five Inch Guns"]	Reviewed exact duplicate family; policy task-notes/2026-07-16_T17-41-19-0500_topic-normalization-patterns-plan.md
normalize-nine-four-inch-guns	active	creation	exact	nine-four-inch-guns	9-4-inch-guns	9.4-inch Guns	["Nine Four Inch Guns"]	Transcript-backed 9.4-inch identity; evidence src/derived/video-segments/2024-10-13_T18-39-01_bruships-166-as-i-walk-through-the-library-of-naval-history-i-take-a-look-at-my-shelf-space_ix7ZoZ3GCh4.json
normalize-coastal-defense-ships	active	creation	exact	coastal-defense-ships	coastal-defence-ships	Coastal Defence Ships	["Coastal Defense Ships","coastal defence ships","coastal defense ship","coastal defence ship"]	Reviewed spelling duplicate only; the distinct monitors topic is deliberately excluded. Policy source https://guidance.publishing.service.gov.uk/writing-to-gov-uk-standards/style-guides/a-to-z-style-guide/
normalize-air-defense	active	creation	exact	air-defense	air-defence	Air Defence	["Air Defense"]	Reviewed generic UK-English duplicate; policy source https://guidance.publishing.service.gov.uk/writing-to-gov-uk-standards/style-guides/a-to-z-style-guide/
normalize-defense-procurement	active	creation	exact	defense-procurement	defence-procurement	Defence Procurement	["Defense Procurement","stretch potential","procurement strategy"]	Reviewed generic UK-English duplicate; policy source https://guidance.publishing.service.gov.uk/writing-to-gov-uk-standards/style-guides/a-to-z-style-guide/
normalize-planetary-defense	active	creation	exact	planetary-defense	planetary-defence	Planetary Defence	["Planetary Defense"]	Reviewed generic UK-English duplicate; policy source https://guidance.publishing.service.gov.uk/writing-to-gov-uk-standards/style-guides/a-to-z-style-guide/
normalize-anti-aircraft-defense	active	creation	exact	anti-aircraft-defense	anti-aircraft-defence	Anti Aircraft Defence	["Anti Aircraft Defense"]	Reviewed generic UK-English duplicate; policy source https://guidance.publishing.service.gov.uk/writing-to-gov-uk-standards/style-guides/a-to-z-style-guide/
normalize-anti-destroyer-defense	active	creation	exact	anti-destroyer-defense	anti-destroyer-defence	Anti Destroyer Defence	["Anti Destroyer Defense"]	Reviewed generic UK-English duplicate; policy source https://guidance.publishing.service.gov.uk/writing-to-gov-uk-standards/style-guides/a-to-z-style-guide/
normalize-area-air-defense	active	creation	exact	area-air-defense	area-air-defence	Area Air Defence	["Area Air Defense"]	Reviewed generic UK-English duplicate; policy source https://guidance.publishing.service.gov.uk/writing-to-gov-uk-standards/style-guides/a-to-z-style-guide/
normalize-base-defense	active	creation	exact	base-defense	base-defence	Base Defence	["Base Defense"]	Reviewed generic UK-English duplicate; policy source https://guidance.publishing.service.gov.uk/writing-to-gov-uk-standards/style-guides/a-to-z-style-guide/
normalize-carrier-defense	active	creation	exact	carrier-defense	carrier-defence	Carrier Defence	["Carrier Defense"]	Reviewed generic UK-English duplicate; policy source https://guidance.publishing.service.gov.uk/writing-to-gov-uk-standards/style-guides/a-to-z-style-guide/
normalize-coastal-defense	active	creation	exact	coastal-defense	coastal-defence	Coastal Defence	["Coastal Defense"]	Reviewed generic UK-English duplicate; policy source https://guidance.publishing.service.gov.uk/writing-to-gov-uk-standards/style-guides/a-to-z-style-guide/
normalize-defense-in-depth	active	creation	exact	defense-in-depth	defence-in-depth	Defence In Depth	["Defense In Depth"]	Reviewed generic UK-English duplicate; policy source https://guidance.publishing.service.gov.uk/writing-to-gov-uk-standards/style-guides/a-to-z-style-guide/
normalize-defense-industrial-base	active	creation	exact	defense-industrial-base	defence-industrial-base	Defence Industrial Base	["Defense Industrial Base"]	Reviewed generic UK-English duplicate; policy source https://guidance.publishing.service.gov.uk/writing-to-gov-uk-standards/style-guides/a-to-z-style-guide/
normalize-defense-planning	active	creation	exact	defense-planning	defence-planning	Defence Planning	["Defense Planning"]	Reviewed generic UK-English duplicate; policy source https://guidance.publishing.service.gov.uk/writing-to-gov-uk-standards/style-guides/a-to-z-style-guide/
normalize-defense-spending	active	creation	exact	defense-spending	defence-spending	Defence Spending	["Defense Spending"]	Reviewed generic UK-English duplicate; policy source https://guidance.publishing.service.gov.uk/writing-to-gov-uk-standards/style-guides/a-to-z-style-guide/
normalize-fleet-air-defense	active	creation	exact	fleet-air-defense	fleet-air-defence	Fleet Air Defence	["Fleet Air Defense"]	Reviewed generic UK-English duplicate; policy source https://guidance.publishing.service.gov.uk/writing-to-gov-uk-standards/style-guides/a-to-z-style-guide/
normalize-fleet-defense	active	creation	exact	fleet-defense	fleet-defence	Fleet Defence	["Fleet Defense"]	Reviewed generic UK-English duplicate; policy source https://guidance.publishing.service.gov.uk/writing-to-gov-uk-standards/style-guides/a-to-z-style-guide/
normalize-imperial-defense	active	creation	exact	imperial-defense	imperial-defence	Imperial Defence	["Imperial Defense"]	Reviewed generic UK-English duplicate; policy source https://guidance.publishing.service.gov.uk/writing-to-gov-uk-standards/style-guides/a-to-z-style-guide/
normalize-island-defense	active	creation	exact	island-defense	island-defence	Island Defence	["Island Defense"]	Reviewed generic UK-English duplicate; policy source https://guidance.publishing.service.gov.uk/writing-to-gov-uk-standards/style-guides/a-to-z-style-guide/
normalize-layered-air-defense	active	creation	exact	layered-air-defense	layered-air-defence	Layered Air Defence	["Layered Air Defense"]	Reviewed generic UK-English duplicate; policy source https://guidance.publishing.service.gov.uk/writing-to-gov-uk-standards/style-guides/a-to-z-style-guide/
normalize-layered-defense	active	creation	exact	layered-defense	layered-defence	Layered Defence	["Layered Defense"]	Reviewed generic UK-English duplicate; policy source https://guidance.publishing.service.gov.uk/writing-to-gov-uk-standards/style-guides/a-to-z-style-guide/
normalize-missile-defense	active	creation	exact	missile-defense	missile-defence	Missile Defence	["Missile Defense"]	Reviewed generic UK-English duplicate; policy source https://guidance.publishing.service.gov.uk/writing-to-gov-uk-standards/style-guides/a-to-z-style-guide/
normalize-naval-air-defense	active	creation	exact	naval-air-defense	naval-air-defence	Naval Air Defence	["Naval Air Defense","Naval Air Defence"]	Reviewed generic UK-English duplicate; policy source https://guidance.publishing.service.gov.uk/writing-to-gov-uk-standards/style-guides/a-to-z-style-guide/
normalize-point-defense	active	creation	exact	point-defense	point-defence	Point Defence	["Point Defense"]	Reviewed generic UK-English duplicate; policy source https://guidance.publishing.service.gov.uk/writing-to-gov-uk-standards/style-guides/a-to-z-style-guide/
normalize-pugliese-torpedo-defense-system	active	creation	exact	pugliese-torpedo-defense-system	pugliese-torpedo-defence-system	Pugliese Torpedo Defence System	["Pugliese Torpedo Defense System"]	Reviewed generic UK-English duplicate; policy source https://guidance.publishing.service.gov.uk/writing-to-gov-uk-standards/style-guides/a-to-z-style-guide/
normalize-torpedo-defense	active	creation	exact	torpedo-defense	torpedo-defence	Torpedo Defence	["Torpedo Defense"]	Reviewed generic UK-English duplicate; policy source https://guidance.publishing.service.gov.uk/writing-to-gov-uk-standards/style-guides/a-to-z-style-guide/
normalize-carrier-air-defense	active	creation	exact	carrier-air-defense	carrier-air-defence	Carrier Air Defence	["Carrier Air Defense"]	Reviewed generic UK-English duplicate; policy source https://guidance.publishing.service.gov.uk/writing-to-gov-uk-standards/style-guides/a-to-z-style-guide/
normalize-colonial-defense	active	creation	exact	colonial-defense	colonial-defence	Colonial Defence	["Colonial Defense"]	Reviewed generic UK-English duplicate; policy source https://guidance.publishing.service.gov.uk/writing-to-gov-uk-standards/style-guides/a-to-z-style-guide/
normalize-air-defense-destroyers	active	creation	exact	air-defense-destroyers	air-defence-destroyers	Air Defence Destroyers	["Air Defense Destroyers"]	Reviewed generic UK-English duplicate; policy source https://guidance.publishing.service.gov.uk/writing-to-gov-uk-standards/style-guides/a-to-z-style-guide/
normalize-ballistic-missile-defense	active	creation	exact	ballistic-missile-defense	ballistic-missile-defence	Ballistic Missile Defence	["Ballistic Missile Defense"]	Reviewed generic UK-English duplicate; policy source https://guidance.publishing.service.gov.uk/writing-to-gov-uk-standards/style-guides/a-to-z-style-guide/
normalize-convoy-defense	active	creation	exact	convoy-defense	convoy-defence	Convoy Defence	["Convoy Defense"]	Reviewed generic UK-English duplicate; policy source https://guidance.publishing.service.gov.uk/writing-to-gov-uk-standards/style-guides/a-to-z-style-guide/
normalize-invasion-defense	active	creation	exact	invasion-defense	invasion-defence	Invasion Defence	["Invasion Defense"]	Reviewed generic UK-English duplicate; policy source https://guidance.publishing.service.gov.uk/writing-to-gov-uk-standards/style-guides/a-to-z-style-guide/
normalize-british-defense-policy	active	creation	exact	british-defense-policy	british-defence-policy	British Defence Policy	["British Defense Policy"]	Reviewed generic UK-English duplicate; policy source https://guidance.publishing.service.gov.uk/writing-to-gov-uk-standards/style-guides/a-to-z-style-guide/
normalize-defense-policy	active	creation	exact	defense-policy	defence-policy	Defence Policy	["Defense Policy"]	Reviewed generic UK-English duplicate; policy source https://guidance.publishing.service.gov.uk/writing-to-gov-uk-standards/style-guides/a-to-z-style-guide/
normalize-close-in-defense	active	creation	exact	close-in-defense	close-in-defence	Close In Defence	["Close In Defense"]	Reviewed generic UK-English duplicate; policy source https://guidance.publishing.service.gov.uk/writing-to-gov-uk-standards/style-guides/a-to-z-style-guide/
normalize-port-defense	active	creation	exact	port-defense	port-defence	Port Defence	["Port Defense"]	Reviewed generic UK-English duplicate; policy source https://guidance.publishing.service.gov.uk/writing-to-gov-uk-standards/style-guides/a-to-z-style-guide/
normalize-civil-defense	active	creation	exact	civil-defense	civil-defence	Civil Defence	["Civil Defense"]	Reviewed generic UK-English duplicate; policy source https://guidance.publishing.service.gov.uk/writing-to-gov-uk-standards/style-guides/a-to-z-style-guide/
normalize-defense-budget	active	creation	exact	defense-budget	defence-budget	Defence Budget	["Defense Budget","Defence Budgets","Defense Budgets"]	Reviewed generic UK-English duplicate; policy source https://guidance.publishing.service.gov.uk/writing-to-gov-uk-standards/style-guides/a-to-z-style-guide/
normalize-defense-economics	active	creation	exact	defense-economics	defence-economics	Defence Economics	["Defense Economics"]	Reviewed generic UK-English duplicate; policy source https://guidance.publishing.service.gov.uk/writing-to-gov-uk-standards/style-guides/a-to-z-style-guide/
normalize-defense-funding	active	creation	exact	defense-funding	defence-funding	Defence Funding	["Defense Funding"]	Reviewed generic UK-English duplicate; policy source https://guidance.publishing.service.gov.uk/writing-to-gov-uk-standards/style-guides/a-to-z-style-guide/
normalize-defense-industry	active	creation	exact	defense-industry	defence-industry	Defence Industry	["Defense Industry"]	Reviewed generic UK-English duplicate; policy source https://guidance.publishing.service.gov.uk/writing-to-gov-uk-standards/style-guides/a-to-z-style-guide/
normalize-defense-infrastructure	active	creation	exact	defense-infrastructure	defence-infrastructure	Defence Infrastructure	["Defense Infrastructure"]	Reviewed generic UK-English duplicate; policy source https://guidance.publishing.service.gov.uk/writing-to-gov-uk-standards/style-guides/a-to-z-style-guide/
normalize-torpedo-defense-systems	active	creation	exact	torpedo-defense-systems	torpedo-defence-systems	Torpedo Defence Systems	["Torpedo Defense Systems"]	Reviewed generic UK-English duplicate; policy source https://guidance.publishing.service.gov.uk/writing-to-gov-uk-standards/style-guides/a-to-z-style-guide/
normalize-defense-budgeting	active	creation	exact	defense-budgeting	defence-budgeting	Defence Budgeting	["Defense Budgeting"]	Reviewed generic UK-English duplicate; policy source https://guidance.publishing.service.gov.uk/writing-to-gov-uk-standards/style-guides/a-to-z-style-guide/
normalize-destroyer-defense	active	creation	exact	destroyer-defense	destroyer-defence	Destroyer Defence	["Destroyer Defense"]	Reviewed generic UK-English duplicate; policy source https://guidance.publishing.service.gov.uk/writing-to-gov-uk-standards/style-guides/a-to-z-style-guide/
normalize-commonwealth-defense	active	creation	exact	commonwealth-defense	commonwealth-defence	Commonwealth Defence	["Commonwealth Defense"]	Reviewed generic UK-English duplicate; policy source https://guidance.publishing.service.gov.uk/writing-to-gov-uk-standards/style-guides/a-to-z-style-guide/
normalize-french-defense-industry	active	creation	exact	french-defense-industry	french-defence-industry	French Defence Industry	["French Defense Industry"]	Reviewed generic UK-English duplicate; policy source https://guidance.publishing.service.gov.uk/writing-to-gov-uk-standards/style-guides/a-to-z-style-guide/
normalize-japanese-defense-policy	active	creation	exact	japanese-defense-policy	japanese-defence-policy	Japanese Defence Policy	["Japanese Defense Policy"]	Reviewed generic UK-English duplicate; policy source https://guidance.publishing.service.gov.uk/writing-to-gov-uk-standards/style-guides/a-to-z-style-guide/
normalize-scandinavian-defense	active	creation	exact	scandinavian-defense	scandinavian-defence	Scandinavian Defence	["Scandinavian Defense"]	Reviewed generic UK-English duplicate; policy source https://guidance.publishing.service.gov.uk/writing-to-gov-uk-standards/style-guides/a-to-z-style-guide/
normalize-defense-budgets	active	creation	exact	defense-budgets	defence-budget	Defence Budget	["Defense Budget","Defence Budgets","Defense Budgets"]	Reviewed generic UK-English duplicate; policy source https://guidance.publishing.service.gov.uk/writing-to-gov-uk-standards/style-guides/a-to-z-style-guide/
normalize-french-defense-policy	active	creation	exact	french-defense-policy	french-defence-policy	French Defence Policy	["French Defense Policy"]	Reviewed generic UK-English duplicate; policy source https://guidance.publishing.service.gov.uk/writing-to-gov-uk-standards/style-guides/a-to-z-style-guide/
normalize-torpedo-boat-defense	active	creation	exact	torpedo-boat-defense	torpedo-boat-defence	Torpedo Boat Defence	["Torpedo Boat Defense"]	Reviewed generic UK-English duplicate; policy source https://guidance.publishing.service.gov.uk/writing-to-gov-uk-standards/style-guides/a-to-z-style-guide/
normalize-flotilla-defense	active	creation	exact	flotilla-defense	flotilla-defence	Flotilla Defence	["Flotilla Defense"]	Reviewed generic UK-English duplicate; policy source https://guidance.publishing.service.gov.uk/writing-to-gov-uk-standards/style-guides/a-to-z-style-guide/
normalize-defense-administration	active	creation	exact	defense-administration	defence-administration	Defence Administration	["Defense Administration"]	Reviewed generic UK-English duplicate; policy source https://guidance.publishing.service.gov.uk/writing-to-gov-uk-standards/style-guides/a-to-z-style-guide/
normalize-active-defense	active	creation	exact	active-defense	active-defence	Active Defence	["Active Defense"]	Reviewed generic UK-English duplicate; policy source https://guidance.publishing.service.gov.uk/writing-to-gov-uk-standards/style-guides/a-to-z-style-guide/
normalize-collective-defense	active	creation	exact	collective-defense	collective-defence	Collective Defence	["Collective Defense"]	Reviewed generic UK-English duplicate; policy source https://guidance.publishing.service.gov.uk/writing-to-gov-uk-standards/style-guides/a-to-z-style-guide/
normalize-interwar-defense-policy	active	creation	exact	interwar-defense-policy	interwar-defence-policy	Interwar Defence Policy	["Interwar Defense Policy"]	Reviewed generic UK-English duplicate; policy source https://guidance.publishing.service.gov.uk/writing-to-gov-uk-standards/style-guides/a-to-z-style-guide/
normalize-defense-cuts	active	creation	exact	defense-cuts	defence-cuts	Defence Cuts	["Defense Cuts"]	Reviewed generic UK-English duplicate; policy source https://guidance.publishing.service.gov.uk/writing-to-gov-uk-standards/style-guides/a-to-z-style-guide/
normalize-bastion-defense	active	creation	exact	bastion-defense	bastion-defence	Bastion Defence	["Bastion Defense"]	Reviewed generic UK-English duplicate; policy source https://guidance.publishing.service.gov.uk/writing-to-gov-uk-standards/style-guides/a-to-z-style-guide/
normalize-frontier-defense	active	creation	exact	frontier-defense	frontier-defence	Frontier Defence	["Frontier Defense"]	Reviewed generic UK-English duplicate; policy source https://guidance.publishing.service.gov.uk/writing-to-gov-uk-standards/style-guides/a-to-z-style-guide/
normalize-hms-defense	active	creation	exact	hms-defense	hms-defence	HMS Defence	["HMS Defense"]	Exact ship-name duplicate; evidence src/derived/video-segments/2022-02-12_T18-00-02_fisher-s-foil-lord-charles-beresford-long-patrol_2AJYdFzM-8A.json
normalize-defense-diplomacy	active	creation	exact	defense-diplomacy	defence-diplomacy	Defence Diplomacy	["Defense Diplomacy"]	Reviewed generic UK-English duplicate; policy source https://guidance.publishing.service.gov.uk/writing-to-gov-uk-standards/style-guides/a-to-z-style-guide/
normalize-defense-technology	active	creation	exact	defense-technology	defence-technology	Defence Technology	["Defense Technology"]	Reviewed generic UK-English duplicate; policy source https://guidance.publishing.service.gov.uk/writing-to-gov-uk-standards/style-guides/a-to-z-style-guide/
normalize-home-defense	active	creation	exact	home-defense	home-defence	Home Defence	["Home Defense"]	Reviewed generic UK-English duplicate; policy source https://guidance.publishing.service.gov.uk/writing-to-gov-uk-standards/style-guides/a-to-z-style-guide/
normalize-defense-cooperation	active	creation	exact	defense-cooperation	defence-cooperation	Defence Cooperation	["Defense Cooperation"]	Reviewed generic UK-English duplicate; policy source https://guidance.publishing.service.gov.uk/writing-to-gov-uk-standards/style-guides/a-to-z-style-guide/
normalize-defense-politics	active	creation	exact	defense-politics	defence-politics	Defence Politics	["Defense Politics"]	Reviewed generic UK-English duplicate; policy source https://guidance.publishing.service.gov.uk/writing-to-gov-uk-standards/style-guides/a-to-z-style-guide/
normalize-german-defenses	active	creation	exact	german-defenses	german-defences	German Defences	["German Defenses"]	Reviewed generic UK-English duplicate; policy source https://guidance.publishing.service.gov.uk/writing-to-gov-uk-standards/style-guides/a-to-z-style-guide/
normalize-coastal-defenses	active	creation	exact	coastal-defenses	coastal-defence	Coastal Defence	["Coastal Defense","Coastal Defences","Coastal Defenses","invasion defenses"]	Reviewed generic UK-English spelling and plural duplicate; policy source https://guidance.publishing.service.gov.uk/writing-to-gov-uk-standards/style-guides/a-to-z-style-guide/
normalize-armor	active	creation	exact	armor	armour	Armour	["Armor"]	Reviewed generic UK-English duplicate; policy source https://guidance.publishing.service.gov.uk/writing-to-gov-uk-standards/style-guides/a-to-z-style-guide/
normalize-armor-belts	active	creation	exact	armor-belts	armour-belts	Armour Belts	["Armor Belts"]	Reviewed generic UK-English duplicate; policy source https://guidance.publishing.service.gov.uk/writing-to-gov-uk-standards/style-guides/a-to-z-style-guide/
normalize-armor-piercing-shells	active	creation	exact	armor-piercing-shells	armour-piercing-shells	Armour Piercing Shells	["Armor Piercing Shells"]	Reviewed generic UK-English duplicate; policy source https://guidance.publishing.service.gov.uk/writing-to-gov-uk-standards/style-guides/a-to-z-style-guide/
normalize-armor-protection	active	creation	exact	armor-protection	armour-protection	Armour Protection	["Armor Protection"]	Reviewed generic UK-English duplicate; policy source https://guidance.publishing.service.gov.uk/writing-to-gov-uk-standards/style-guides/a-to-z-style-guide/
normalize-cruiser-armor	active	creation	exact	cruiser-armor	cruiser-armour	Cruiser Armour	["Cruiser Armor"]	Reviewed generic UK-English duplicate; policy source https://guidance.publishing.service.gov.uk/writing-to-gov-uk-standards/style-guides/a-to-z-style-guide/
normalize-naval-armor	active	creation	exact	naval-armor	naval-armour	Naval Armour	["Naval Armor"]	Reviewed generic UK-English duplicate; policy source https://guidance.publishing.service.gov.uk/writing-to-gov-uk-standards/style-guides/a-to-z-style-guide/
normalize-warship-armor	active	creation	exact	warship-armor	warship-armour	Warship Armour	["Warship Armor"]	Reviewed generic UK-English duplicate; policy source https://guidance.publishing.service.gov.uk/writing-to-gov-uk-standards/style-guides/a-to-z-style-guide/
normalize-deck-armor	active	creation	exact	deck-armor	deck-armour	Deck Armour	["Deck Armor"]	Reviewed generic UK-English duplicate; policy source https://guidance.publishing.service.gov.uk/writing-to-gov-uk-standards/style-guides/a-to-z-style-guide/
normalize-ship-armor	active	creation	exact	ship-armor	ship-armour	Ship Armour	["Ship Armor"]	Reviewed generic UK-English duplicate; policy source https://guidance.publishing.service.gov.uk/writing-to-gov-uk-standards/style-guides/a-to-z-style-guide/
normalize-all-or-nothing-armor	active	creation	exact	all-or-nothing-armor	all-or-nothing-armour	All Or Nothing Armour	["All Or Nothing Armor"]	Reviewed generic UK-English duplicate; policy source https://guidance.publishing.service.gov.uk/writing-to-gov-uk-standards/style-guides/a-to-z-style-guide/
normalize-armor-piercing-bombs	active	creation	exact	armor-piercing-bombs	armour-piercing-bombs	Armour Piercing Bombs	["Armor Piercing Bombs"]	Reviewed generic UK-English duplicate; policy source https://guidance.publishing.service.gov.uk/writing-to-gov-uk-standards/style-guides/a-to-z-style-guide/
normalize-armor-penetration	active	creation	exact	armor-penetration	armour-penetration	Armour Penetration	["Armor Penetration"]	Reviewed generic UK-English duplicate; policy source https://guidance.publishing.service.gov.uk/writing-to-gov-uk-standards/style-guides/a-to-z-style-guide/
normalize-armor-schemes	active	creation	exact	armor-schemes	armour-schemes	Armour Schemes	["Armor Schemes"]	Reviewed generic UK-English duplicate; policy source https://guidance.publishing.service.gov.uk/writing-to-gov-uk-standards/style-guides/a-to-z-style-guide/
normalize-harvey-armor	active	creation	exact	harvey-armor	harvey-armour	Harvey Armour	["Harvey Armor"]	Reviewed generic UK-English duplicate; policy source https://guidance.publishing.service.gov.uk/writing-to-gov-uk-standards/style-guides/a-to-z-style-guide/
normalize-armor-testing	active	creation	exact	armor-testing	armour-testing	Armour Testing	["Armor Testing"]	Reviewed generic UK-English duplicate; policy source https://guidance.publishing.service.gov.uk/writing-to-gov-uk-standards/style-guides/a-to-z-style-guide/
normalize-armor-decks	active	creation	exact	armor-decks	deck-armour	Deck Armour	["Deck Armor","Armour Decks","Armor Decks"]	Reviewed generic UK-English duplicate; policy source https://guidance.publishing.service.gov.uk/writing-to-gov-uk-standards/style-guides/a-to-z-style-guide/
normalize-battleship-armor	active	creation	exact	battleship-armor	battleship-armour	Battleship Armour	["Battleship Armor"]	Reviewed generic UK-English duplicate; policy source https://guidance.publishing.service.gov.uk/writing-to-gov-uk-standards/style-guides/a-to-z-style-guide/
normalize-armor-steel	active	creation	exact	armor-steel	armour-steel	Armour Steel	["Armor Steel"]	Reviewed generic UK-English duplicate; policy source https://guidance.publishing.service.gov.uk/writing-to-gov-uk-standards/style-guides/a-to-z-style-guide/
normalize-armor-production	active	creation	exact	armor-production	armour-production	Armour Production	["Armor Production"]	Reviewed generic UK-English duplicate; policy source https://guidance.publishing.service.gov.uk/writing-to-gov-uk-standards/style-guides/a-to-z-style-guide/
normalize-gun-caliber	active	creation	exact	gun-caliber	gun-calibres	Gun Calibres	["Gun Calibers","Gun Calibre","Gun Caliber"]	Reviewed generic UK-English duplicate; policy source https://guidance.publishing.service.gov.uk/writing-to-gov-uk-standards/style-guides/a-to-z-style-guide/
normalize-gun-calibers	active	creation	exact	gun-calibers	gun-calibres	Gun Calibres	["Gun Calibers"]	Reviewed generic UK-English duplicate; policy source https://guidance.publishing.service.gov.uk/writing-to-gov-uk-standards/style-guides/a-to-z-style-guide/
normalize-harbor-defense	active	creation	exact	harbor-defense	harbour-defence	Harbour Defence	["Harbor Defense"]	Reviewed generic UK-English duplicate; policy source https://guidance.publishing.service.gov.uk/writing-to-gov-uk-standards/style-guides/a-to-z-style-guide/
normalize-harbor-defence	active	creation	exact	harbor-defence	harbour-defence	Harbour Defence	["Harbor Defence"]	Reviewed exact duplicate family; policy task-notes/2026-07-16_T17-41-19-0500_topic-normalization-patterns-plan.md
normalize-harbour-defense	active	creation	exact	harbour-defense	harbour-defence	Harbour Defence	["Harbour Defense"]	Reviewed generic UK-English duplicate; policy source https://guidance.publishing.service.gov.uk/writing-to-gov-uk-standards/style-guides/a-to-z-style-guide/
normalize-suppression-of-enemy-air-defences	active	creation	exact	suppression-of-enemy-air-defences	suppression-of-enemy-air-defenses	Suppression of Enemy Air Defenses	["Suppression Of Enemy Air Defences"]	Official US term retained; evidence src/derived/video-segments/2020-07-26_T17-01-23_bru-ships-episode-12-new-to-me-themed-books-to-review-and-a-general-q-a_ZOQGVnqQh2s.json
normalize-jmsdf	active	creation	exact	jmsdf	japan-maritime-self-defense-force	Japan Maritime Self-Defense Force	["JMSDF","Japan Maritime Self-Defense Force"]	Exact official-name duplicate; source https://www.mod.go.jp/msdf/en/
normalize-japanese-maritime-self-defense-force	active	creation	exact	japanese-maritime-self-defense-force	japan-maritime-self-defense-force	Japan Maritime Self-Defense Force	["Japanese Maritime Self Defense Force"]	Exact official-name duplicate; source https://www.mod.go.jp/msdf/en/
normalize-japanese-maritime-self-defence-force	active	creation	exact	japanese-maritime-self-defence-force	japan-maritime-self-defense-force	Japan Maritime Self-Defense Force	["Japanese Maritime Self Defence Force"]	Exact official-name duplicate; source https://www.mod.go.jp/msdf/en/
normalize-japan-maritime-self-defence-force	active	creation	exact	japan-maritime-self-defence-force	japan-maritime-self-defense-force	Japan Maritime Self-Defense Force	["Japan Maritime Self Defence Force"]	Exact official-name duplicate; source https://www.mod.go.jp/msdf/en/
normalize-arc-royal	active	creation	exact	arc-royal	ark-royal	Ark Royal	["Arc Royal"]	Repository-owner-approved correction of the ship name Ark Royal
normalize-arc-royal-class	active	creation	exact	arc-royal-class	ark-royal-class	Ark Royal Class	["Arc Royal Class"]	Repository-owner-approved correction of the ship name Ark Royal
normalize-arc-royal-series	active	creation	exact	arc-royal-series	ark-royal-series	Ark Royal Series	["Arc Royal Series"]	Repository-owner-approved correction of the ship name Ark Royal
normalize-hms-arc-royal	active	creation	exact	hms-arc-royal	hms-ark-royal	HMS Ark Royal	["HMS Arc Royal"]	Repository-owner-approved correction of the ship name Ark Royal
normalize-project-arc-royal	active	creation	exact	project-arc-royal	project-ark-royal	Project Ark Royal	["Project Arc Royal"]	Repository-owner-approved correction of the name Ark Royal
normalize-uss-arc-royal	active	creation	exact	uss-arc-royal	uss-ark-royal	USS Ark Royal	["USS Arc Royal"]	Repository-owner-approved correction of the name Ark Royal
normalize-hmnz	active	creation	exact	hmnz	royal-new-zealand-navy	Royal New Zealand Navy	["HMNZ","HMNZS"]	Bare mistyped ship prefix resolves to the navy rather than creating an orphan prefix topic
normalize-hmnzs	active	creation	exact	hmnzs	royal-new-zealand-navy	Royal New Zealand Navy	["HMNZS","HMNZ"]	Bare ship prefix resolves to the Royal New Zealand Navy; compound HMNZS ship slugs remain distinct
normalize-hmnz-achilles	active	creation	exact	hmnz-achilles	hmnzs-achilles	HMNZS Achilles	["HMNZ Achilles"]	Repository-owner-approved correction to the New Zealand ship prefix HMNZS
normalize-hmnz-ship-prefix	active	creation	regex	^hmnz-(.+)$	hmnzs-$1		[]	Future HMNZ-prefixed topics resolve to the correct HMNZS ship prefix
normalize-first-world-war	active	creation	exact	first-world-war	world-war-i	World War I	["First World War"]	Repository-owner-approved consolidation of common First World War names
normalize-world-war-one	active	creation	exact	world-war-one	world-war-i	World War I	["World War One"]	Repository-owner-approved consolidation of common First World War names
normalize-world-war-1	active	creation	exact	world-war-1	world-war-i	World War I	["World War 1"]	Repository-owner-approved consolidation of common First World War names
normalize-1st-world-war	active	creation	exact	1st-world-war	world-war-i	World War I	["1st World War"]	Repository-owner-approved consolidation of common First World War names
normalize-great-war	active	creation	exact	great-war	world-war-i	World War I	["Great War","The Great War"]	Repository-owner-approved consolidation of common First World War names
normalize-wwi	active	creation	exact	wwi	world-war-i	World War I	["WWI"]	Repository-owner-approved consolidation of common First World War names
normalize-ww1	active	creation	exact	ww1	world-war-i	World War I	["WW1"]	Repository-owner-approved consolidation of common First World War names
normalize-second-world-war	active	creation	exact	second-world-war	world-war-ii	World War II	["Second World War","The Second World War"]	Repository-owner-approved consolidation of common Second World War names
normalize-world-war-two	active	creation	exact	world-war-two	world-war-ii	World War II	["World War Two"]	Repository-owner-approved consolidation of common Second World War names
normalize-world-war-2	active	creation	exact	world-war-2	world-war-ii	World War II	["World War 2"]	Repository-owner-approved consolidation of common Second World War names
normalize-2nd-world-war	active	creation	exact	2nd-world-war	world-war-ii	World War II	["2nd World War"]	Repository-owner-approved consolidation of common Second World War names
normalize-wwii	active	creation	exact	wwii	world-war-ii	World War II	["WWII"]	Repository-owner-approved consolidation of common Second World War names
normalize-ww2	active	creation	exact	ww2	world-war-ii	World War II	["WW2"]	Repository-owner-approved consolidation of common Second World War names
normalize-phony-war	active	creation	exact	phony-war	phoney-war	Phoney War	["Phony War"]	Repository-owner-approved UK-English spelling correction
normalize-pom-pom	active	creation	exact	pom-pom	pom-pom-guns	Pom Pom Guns	["Pom Pom","Pom-Pom"]	Generic Pom-Pom weapon-family topic consolidated at the repository owner's request
normalize-pom-pom-gun	active	creation	exact	pom-pom-gun	pom-pom-guns	Pom Pom Guns	["Pom Pom Gun","Pom-Pom Gun"]	Generic Pom-Pom weapon-family topic consolidated at the repository owner's request
normalize-pom-poms	active	creation	exact	pom-poms	pom-pom-guns	Pom Pom Guns	["Pom Poms","Pom-Poms"]	Generic Pom-Pom weapon-family topic consolidated at the repository owner's request
normalize-wrens	active	creation	exact	wrens	wrns	WRNS	["Wrens","WRENS"]	Women's Royal Naval Service name consolidation; source https://en.wikipedia.org/wiki/Women%27s_Royal_Naval_Service
normalize-womens-royal-naval-service	active	creation	exact	womens-royal-naval-service	wrns	WRNS	["Women's Royal Naval Service","Womens Royal Naval Service"]	Women's Royal Naval Service name consolidation; source https://en.wikipedia.org/wiki/Women%27s_Royal_Naval_Service
normalize-women-s-royal-naval-service	active	creation	exact	women-s-royal-naval-service	wrns	WRNS	["Women's Royal Naval Service"]	Women's Royal Naval Service name consolidation; source https://en.wikipedia.org/wiki/Women%27s_Royal_Naval_Service
display-live-q-and-a	active	display	exact	live-q-and-a	live-q-and-a	Live Q&A	["questions","q&a"]	Existing curated display and alias policy retained
display-u-boats	active	display	exact	u-boats	u-boats	U-Boats	["Uboats"]	Existing curated display and alias policy retained; Reviewed duplicate-topic normalization requested by the repository owner
display-4-7-inch-guns	active	display	exact	4-7-inch-guns	4-7-inch-guns	4.7-inch Guns	["4.7 inch guns","4 7 inch guns"]	Existing curated display and alias policy retained
display-5-25-inch-guns	active	display	exact	5-25-inch-guns	5-25-inch-guns	5.25-inch Guns	["5.25 inch guns","5 25 inch guns"]	Existing curated display and alias policy retained
display-9-2-inch-guns	active	display	exact	9-2-inch-guns	9-2-inch-guns	9.2-inch Guns	["9.2 inch guns","9 2 inch guns"]	Existing curated display and alias policy retained
display-qf-4-5-inch-gun	disabled	display	exact	qf-4-5-inch-gun	4-5-inch-guns	4.5-inch Guns	["4.5-inch Gun","Four Point Five Inch Gun","Four Point Five Inch Guns","QF 4.5-inch Gun","QF 4.5-inch Guns","QF 4.5 inch gun","QF 4 5 inch gun"]	Existing curated display and alias policy retained; aliases migrated and display rule disabled because its exact source slug was consolidated
display-qf-4-7-inch-gun	disabled	display	exact	qf-4-7-inch-gun	4-7-inch-guns	4.7-inch Guns	["Four Point Seven Inch Guns","QF 4.7-inch Gun","4.7-inch Gun","QF 4.7-inch Guns","QF 4.7 inch gun","QF 4 7 inch gun"]	Existing curated display and alias policy retained; aliases migrated and display rule disabled because its exact source slug was consolidated
display-qf-5-25-inch-gun	disabled	display	exact	qf-5-25-inch-gun	5-25-inch-guns	5.25-inch Guns	["Five Point Two Inch Guns","Five Point Two Five Inch Gun","Five Point Two Five Inch Guns","QF 5.25-inch Gun","5.25-inch Gun","QF 5.25-inch Guns","QF 5.25 inch gun","QF 5 25 inch gun"]	Existing curated display and alias policy retained; aliases migrated and display rule disabled because its exact source slug was consolidated
display-anglo-spanish-war-1654-1660	active	display	exact	anglo-spanish-war-1654-1660	anglo-spanish-war-1654-1660	Anglo-Spanish War (1654–1660)	["Anglo-Spanish War 1654-1660","Anglo Spanish War 1654 1660"]	Existing curated display and alias policy retained
display-russo-swedish-war-1741-1743	active	display	exact	russo-swedish-war-1741-1743	russo-swedish-war-1741-1743	Russo-Swedish War (1741–1743)	["Russo-Swedish War 1741-1743","Russo Swedish War 1741 1743"]	Existing curated display and alias policy retained
display-russo-swedish-war-1788-1790	active	display	exact	russo-swedish-war-1788-1790	russo-swedish-war-1788-1790	Russo-Swedish War (1788–1790)	["Russo-Swedish War 1788-1790","Russo Swedish War 1788 1790"]	Existing curated display and alias policy retained
display-russo-turkish-war-1828-1829	active	display	exact	russo-turkish-war-1828-1829	russo-turkish-war-1828-1829	Russo-Turkish War (1828–1829)	["Russo-Turkish War 1828-1829","Russo Turkish War 1828 1829"]	Existing curated display and alias policy retained
display-russo-turkish-war-1877-1878	active	display	exact	russo-turkish-war-1877-1878	russo-turkish-war-1877-1878	Russo-Turkish War (1877–1878)	["Russo-Turkish War 1877-1878","Russo Turkish War 1877 1878"]	Existing curated display and alias policy retained
display-venezuelan-crisis-of-1902-1903	active	display	exact	venezuelan-crisis-of-1902-1903	venezuelan-crisis-of-1902-1903	Venezuelan Crisis of 1902–1903	["Venezuelan Crisis of 1902-1903","Venezuelan Crisis of 1902 1903"]	Existing curated display and alias policy retained
display-naval-warfare-1900-1939	active	display	exact	naval-warfare-1900-1939	naval-warfare-1900-1939	Naval Warfare, 1900–1939	["Naval Warfare 1900-1939","Naval Warfare 1900 1939"]	Existing curated display and alias policy retained
display-gloster-e-28-39	active	display	exact	gloster-e-28-39	gloster-e-28-39	Gloster E.28/39	["Gloster E 28 39"]	Designation evidence src/derived/video-segments/2023-12-28_T19-00-08_what-happens-if-whittle-is-supported-and-britain-develops-jet-engines-gas-turbines-in-1930s_4JTzmYKrsH0.json
display-specification-m-1-30	active	display	exact	specification-m-1-30	specification-m-1-30	Specification M.1/30	["Specification M 1 30"]	Designation evidence src/derived/video-segments/2020-10-04_T20-00-02_specification-m-1-30-genesis-of-a-legend-2-minutes-ish_9sDwBp0hJv4.json
display-otobreda-127-64	active	display	exact	otobreda-127-64	otobreda-127-64	OTO Melara 127/64	["OTO Melara 127 64"]	Manufacturer designation evidence src/derived/video-segments/2021-11-14_T18-01-37_bruships-60-covid-jab-bad-back-and-new-books_hpEdeeDDGDY.json
display-a-1-skyraider	active	display	exact	a-1-skyraider	a-1-skyraider	A-1 Skyraider	[]	Post-1962 DoD mission-design-series punctuation; source https://static.e-publishing.af.mil/production/1/af_a8/publication/afi16-401/afi16-401.pdf
display-a-4-skyhawk	active	display	exact	a-4-skyhawk	a-4-skyhawk	A-4 Skyhawk	[]	Post-1962 DoD mission-design-series punctuation; source https://static.e-publishing.af.mil/production/1/af_a8/publication/afi16-401/afi16-401.pdf
display-a-5-vigilante	active	display	exact	a-5-vigilante	a-5-vigilante	A-5 Vigilante	[]	Post-1962 DoD mission-design-series punctuation; source https://static.e-publishing.af.mil/production/1/af_a8/publication/afi16-401/afi16-401.pdf
display-a-6-intruder	active	display	exact	a-6-intruder	a-6-intruder	A-6 Intruder	[]	Post-1962 DoD mission-design-series punctuation; source https://static.e-publishing.af.mil/production/1/af_a8/publication/afi16-401/afi16-401.pdf
display-a-7-corsair-ii	active	display	exact	a-7-corsair-ii	a-7-corsair-ii	A-7 Corsair II	[]	Post-1962 DoD mission-design-series punctuation; source https://static.e-publishing.af.mil/production/1/af_a8/publication/afi16-401/afi16-401.pdf
display-a-10-thunderbolt-ii	active	display	exact	a-10-thunderbolt-ii	a-10-thunderbolt-ii	A-10 Thunderbolt II	[]	Official USAF form; source https://www.af.mil/News/Article-Display/Article/118199/thunderbolts-receive-wing-modification/
display-a-12-avenger-ii	active	display	exact	a-12-avenger-ii	a-12-avenger-ii	A-12 Avenger II	[]	Post-1962 DoD mission-design-series punctuation; source https://static.e-publishing.af.mil/production/1/af_a8/publication/afi16-401/afi16-401.pdf
display-a-25-shrike	active	display	exact	a-25-shrike	a-25-shrike	A-25 Shrike	[]	Official USAAF historical form; source https://www.nationalmuseum.af.mil/Visit/Museum-Exhibits/Fact-Sheets/Display/Article/196335/1944-curtiss-a-25a/
display-a-29-super-tucano	active	display	exact	a-29-super-tucano	a-29-super-tucano	A-29 Super Tucano	[]	DoD mission-design-series punctuation; source https://static.e-publishing.af.mil/production/1/af_a8/publication/afi16-401/afi16-401.pdf
display-b-1-lancer	active	display	exact	b-1-lancer	b-1-lancer	B-1 Lancer	[]	DoD mission-design-series punctuation; source https://static.e-publishing.af.mil/production/1/af_a8/publication/afi16-401/afi16-401.pdf
display-b-2-spirit	active	display	exact	b-2-spirit	b-2-spirit	B-2 Spirit	[]	DoD mission-design-series punctuation; source https://static.e-publishing.af.mil/production/1/af_a8/publication/afi16-401/afi16-401.pdf
display-b-17	disabled	display	exact	b-17	b-17-flying-fortress	B-17 Flying Fortress	["B-17"]	Official USAAF historical designation styling; source https://www.nationalmuseum.af.mil/Portals/7/documents/other/nmusaf_alpha_aircraft_list.pdf; aliases migrated and display rule disabled because its exact source slug was consolidated
display-b-17-flying-fortress	active	display	exact	b-17-flying-fortress	b-17-flying-fortress	B-17 Flying Fortress	[]	Official USAAF historical designation styling; source https://www.nationalmuseum.af.mil/Portals/7/documents/other/nmusaf_alpha_aircraft_list.pdf
display-b-21-raider	active	display	exact	b-21-raider	b-21-raider	B-21 Raider	[]	DoD mission-design-series punctuation; source https://static.e-publishing.af.mil/production/1/af_a8/publication/afi16-401/afi16-401.pdf
display-b-24-liberator	active	display	exact	b-24-liberator	b-24-liberator	B-24 Liberator	[]	Official USAAF historical designation styling; source https://www.nationalmuseum.af.mil/Portals/7/documents/other/nmusaf_alpha_aircraft_list.pdf
display-b-25-mitchell	active	display	exact	b-25-mitchell	b-25-mitchell	B-25 Mitchell	[]	Official USAAF historical designation styling; source https://www.nationalmuseum.af.mil/Portals/7/documents/other/nmusaf_alpha_aircraft_list.pdf
display-b-29	disabled	display	exact	b-29	b-29-superfortress	B-29 Superfortress	["B-29"]	Official USAAF historical designation styling; source https://www.nationalmuseum.af.mil/Portals/7/documents/other/nmusaf_alpha_aircraft_list.pdf; aliases migrated and display rule disabled because its exact source slug was consolidated
display-b-29-superfortress	active	display	exact	b-29-superfortress	b-29-superfortress	B-29 Superfortress	[]	Official USAAF historical designation styling; source https://www.nationalmuseum.af.mil/Portals/7/documents/other/nmusaf_alpha_aircraft_list.pdf
display-b-36-peacemaker	active	display	exact	b-36-peacemaker	b-36-peacemaker	B-36 Peacemaker	[]	USAF designation styling; source https://www.nationalmuseum.af.mil/Portals/7/documents/other/nmusaf_alpha_aircraft_list.pdf
display-b-52	disabled	display	exact	b-52	b-52-stratofortress	B-52 Stratofortress	["B-52"]	DoD mission-design-series punctuation; source https://static.e-publishing.af.mil/production/1/af_a8/publication/afi16-401/afi16-401.pdf; aliases migrated and display rule disabled because its exact source slug was consolidated
display-b-52-stratofortress	active	display	exact	b-52-stratofortress	b-52-stratofortress	B-52 Stratofortress	[]	DoD mission-design-series punctuation; source https://static.e-publishing.af.mil/production/1/af_a8/publication/afi16-401/afi16-401.pdf
display-c-1-trader	active	display	exact	c-1-trader	c-1-trader	C-1 Trader	[]	Post-1962 DoD mission-design-series punctuation; source https://static.e-publishing.af.mil/production/1/af_a8/publication/afi16-401/afi16-401.pdf
display-c-2-greyhound	active	display	exact	c-2-greyhound	c-2-greyhound	C-2 Greyhound	[]	Post-1962 DoD mission-design-series punctuation; source https://static.e-publishing.af.mil/production/1/af_a8/publication/afi16-401/afi16-401.pdf
display-c-130-hercules	active	display	exact	c-130-hercules	c-130-hercules	C-130 Hercules	[]	DoD mission-design-series punctuation; source https://static.e-publishing.af.mil/production/1/af_a8/publication/afi16-401/afi16-401.pdf
display-e-1-tracer	active	display	exact	e-1-tracer	e-1-tracer	E-1 Tracer	[]	Post-1962 DoD mission-design-series punctuation; source https://static.e-publishing.af.mil/production/1/af_a8/publication/afi16-401/afi16-401.pdf
display-e-2-hawkeye	active	display	exact	e-2-hawkeye	e-2-hawkeye	E-2 Hawkeye	[]	Post-1962 DoD mission-design-series punctuation; source https://static.e-publishing.af.mil/production/1/af_a8/publication/afi16-401/afi16-401.pdf
display-e-2d-hawkeye	active	display	exact	e-2d-hawkeye	e-2d-hawkeye	E-2D Hawkeye	[]	Post-1962 DoD series letter remains attached to the design number; source https://static.e-publishing.af.mil/production/1/af_a8/publication/afi16-401/afi16-401.pdf
display-e-3-sentry	active	display	exact	e-3-sentry	e-3-sentry	E-3 Sentry	[]	DoD mission-design-series punctuation; source https://static.e-publishing.af.mil/production/1/af_a8/publication/afi16-401/afi16-401.pdf
display-e-7-wedgetail	active	display	exact	e-7-wedgetail	e-7-wedgetail	E-7 Wedgetail	[]	DoD mission-design-series punctuation; source https://static.e-publishing.af.mil/production/1/af_a8/publication/afi16-401/afi16-401.pdf
display-f-4-phantom-ii	active	display	exact	f-4-phantom-ii	f-4-phantom-ii	F-4 Phantom II	[]	Post-1962 DoD mission-design-series punctuation; source https://static.e-publishing.af.mil/production/1/af_a8/publication/afi16-401/afi16-401.pdf
display-f-8-crusader	disabled	display	exact	f-8-crusader	vought-f-8-crusader	Vought F 8 Crusader	["F-8 Crusader","F8U Crusader"]	Post-1962 DoD mission-design-series punctuation; source https://static.e-publishing.af.mil/production/1/af_a8/publication/afi16-401/afi16-401.pdf; aliases migrated and display rule disabled because its exact source slug was consolidated
display-f-11-tiger	active	display	exact	f-11-tiger	f-11-tiger	F-11 Tiger	[]	Post-1962 DoD mission-design-series punctuation; source https://static.e-publishing.af.mil/production/1/af_a8/publication/afi16-401/afi16-401.pdf
display-f-14-tomcat	active	display	exact	f-14-tomcat	f-14-tomcat	F-14 Tomcat	[]	DoD mission-design-series punctuation; source https://static.e-publishing.af.mil/production/1/af_a8/publication/afi16-401/afi16-401.pdf
display-f-14b	active	display	exact	f-14b	f-14b	F-14B	[]	DoD series letter remains attached to the design number; source https://static.e-publishing.af.mil/production/1/af_a8/publication/afi16-401/afi16-401.pdf
display-f-14d	active	display	exact	f-14d	f-14d	F-14D	[]	DoD series letter remains attached to the design number; source https://static.e-publishing.af.mil/production/1/af_a8/publication/afi16-401/afi16-401.pdf
display-f-15-eagle	active	display	exact	f-15-eagle	f-15-eagle	F-15 Eagle	[]	DoD mission-design-series punctuation; source https://static.e-publishing.af.mil/production/1/af_a8/publication/afi16-401/afi16-401.pdf
display-f-16	active	display	exact	f-16	f-16	F-16	[]	DoD mission-design-series punctuation; source https://static.e-publishing.af.mil/production/1/af_a8/publication/afi16-401/afi16-401.pdf
display-f-22-raptor	active	display	exact	f-22-raptor	f-22-raptor	F-22 Raptor	[]	DoD mission-design-series punctuation; source https://static.e-publishing.af.mil/production/1/af_a8/publication/afi16-401/afi16-401.pdf
display-f-35	disabled	display	exact	f-35	f-35-lightning-ii	F-35 Lightning II	["F-35"]	DoD mission-design-series punctuation; source https://static.e-publishing.af.mil/production/1/af_a8/publication/afi16-401/afi16-401.pdf; aliases migrated and display rule disabled because its exact source slug was consolidated
display-f-35a	active	display	exact	f-35a	f-35a	F-35A	[]	DoD series letter remains attached to the design number; source https://static.e-publishing.af.mil/production/1/af_a8/publication/afi16-401/afi16-401.pdf
display-f-35b	disabled	display	exact	f-35b	f-35b-lightning-ii	F-35B Lightning II	["F-35B"]	DoD series letter remains attached to the design number; source https://static.e-publishing.af.mil/production/1/af_a8/publication/afi16-401/afi16-401.pdf; aliases migrated and display rule disabled because its exact source slug was consolidated
display-f-35c	active	display	exact	f-35c	f-35c	F-35C	[]	DoD series letter remains attached to the design number; source https://static.e-publishing.af.mil/production/1/af_a8/publication/afi16-401/afi16-401.pdf
display-f-35-program	disabled	display	exact	f-35-program	f-35-program	F-35 Program	["F-35 Programme","Joint Strike Fighter","JSF"]	Official F-35 programme name retained in US English
display-f-35-lightning-ii	active	display	exact	f-35-lightning-ii	f-35-lightning-ii	F-35 Lightning II	[]	DoD mission-design-series punctuation; source https://static.e-publishing.af.mil/production/1/af_a8/publication/afi16-401/afi16-401.pdf
display-f-35b-lightning-ii	active	display	exact	f-35b-lightning-ii	f-35b-lightning-ii	F-35B Lightning II	[]	DoD series letter remains attached to the design number; source https://static.e-publishing.af.mil/production/1/af_a8/publication/afi16-401/afi16-401.pdf
display-f-104-starfighter	active	display	exact	f-104-starfighter	f-104-starfighter	F-104 Starfighter	[]	DoD mission-design-series punctuation; source https://static.e-publishing.af.mil/production/1/af_a8/publication/afi16-401/afi16-401.pdf
display-f-111	disabled	display	exact	f-111	f-111-aardvark	F-111 Aardvark	["F-111"]	DoD mission-design-series punctuation; source https://static.e-publishing.af.mil/production/1/af_a8/publication/afi16-401/afi16-401.pdf; aliases migrated and display rule disabled because its exact source slug was consolidated
display-f-111-aardvark	active	display	exact	f-111-aardvark	f-111-aardvark	F-111 Aardvark	[]	DoD mission-design-series punctuation; source https://static.e-publishing.af.mil/production/1/af_a8/publication/afi16-401/afi16-401.pdf
display-f-111b	active	display	exact	f-111b	f-111b	F-111B	[]	DoD series letter remains attached to the design number; source https://static.e-publishing.af.mil/production/1/af_a8/publication/afi16-401/afi16-401.pdf
display-f-117	disabled	display	exact	f-117	f-117-nighthawk	F 117 Nighthawk	["F-117"]	DoD mission-design-series punctuation; source https://static.e-publishing.af.mil/production/1/af_a8/publication/afi16-401/afi16-401.pdf; aliases migrated and display rule disabled because its exact source slug was consolidated
display-fa-18	active	display	exact	fa-18	fa-18	F/A-18	[]	Official USN program styling; source https://www.navair.navy.mil/product/FA-18EF-Super-Hornet
display-fa-18e-f-super-hornet	active	display	exact	fa-18e-f-super-hornet	fa-18e-f-super-hornet	F/A-18E/F Super Hornet	[]	Official USN family styling; source https://www.navair.navy.mil/product/FA-18EF-Super-Hornet
display-p-3-orion	disabled	display	exact	p-3-orion	lockheed-p-3-orion	Lockheed P 3 Orion	["P-3 Orion"]	Post-1962 DoD mission-design-series punctuation; source https://static.e-publishing.af.mil/production/1/af_a8/publication/afi16-401/afi16-401.pdf; aliases migrated and display rule disabled because its exact source slug was consolidated
display-p-8-poseidon	active	display	exact	p-8-poseidon	p-8-poseidon	P-8 Poseidon	[]	DoD mission-design-series punctuation; source https://static.e-publishing.af.mil/production/1/af_a8/publication/afi16-401/afi16-401.pdf
display-p-36-hawk	disabled	display	exact	p-36-hawk	curtiss-p-36-hawk	Curtiss P 36 Hawk	["P-36 Hawk"]	Official USAAC historical designation styling; source https://www.nationalmuseum.af.mil/Portals/7/documents/other/nmusaf_alpha_aircraft_list.pdf; aliases migrated and display rule disabled because its exact source slug was consolidated
display-p-40	disabled	display	exact	p-40	p-40-warhawk	P-40 Warhawk	["P-40"]	Official USAAC historical designation styling; source https://www.nationalmuseum.af.mil/Visit/Museum-Exhibits/Fact-Sheets/Display/Article/196309/curtiss-p-40e-warhawk/; aliases migrated and display rule disabled because its exact source slug was consolidated
display-p-40-warhawk	active	display	exact	p-40-warhawk	p-40-warhawk	P-40 Warhawk	[]	Official USAAC historical form; source https://www.nationalmuseum.af.mil/Visit/Museum-Exhibits/Fact-Sheets/Display/Article/196309/curtiss-p-40e-warhawk/
display-p-47-thunderbolt	active	display	exact	p-47-thunderbolt	p-47-thunderbolt	P-47 Thunderbolt	[]	Official USAAF historical designation styling; source https://www.nationalmuseum.af.mil/Portals/7/documents/other/nmusaf_alpha_aircraft_list.pdf
display-p-51-mustang	active	display	exact	p-51-mustang	p-51-mustang	P-51 Mustang	[]	Official USAAF historical designation styling; source https://www.nationalmuseum.af.mil/Portals/7/documents/other/nmusaf_alpha_aircraft_list.pdf
display-p-61-black-widow	active	display	exact	p-61-black-widow	p-61-black-widow	P-61 Black Widow	[]	Official USAAF historical designation styling; source https://www.nationalmuseum.af.mil/Portals/7/documents/other/nmusaf_alpha_aircraft_list.pdf
display-s-2-tracker	active	display	exact	s-2-tracker	s-2-tracker	S-2 Tracker	[]	Post-1962 DoD mission-design-series punctuation; source https://static.e-publishing.af.mil/production/1/af_a8/publication/afi16-401/afi16-401.pdf
display-s-3-viking	active	display	exact	s-3-viking	s-3-viking	S-3 Viking	[]	Post-1962 DoD mission-design-series punctuation; source https://static.e-publishing.af.mil/production/1/af_a8/publication/afi16-401/afi16-401.pdf
display-t-7-red-hawk	active	display	exact	t-7-red-hawk	t-7-red-hawk	T-7 Red Hawk	[]	DoD mission-design-series punctuation; source https://static.e-publishing.af.mil/production/1/af_a8/publication/afi16-401/afi16-401.pdf
display-v-22-osprey	active	display	exact	v-22-osprey	v-22-osprey	V-22 Osprey	[]	DoD mission-design-series punctuation; source https://static.e-publishing.af.mil/production/1/af_a8/publication/afi16-401/afi16-401.pdf
display-x-47	active	display	exact	x-47	x-47	X-47	[]	DoD mission-design-series punctuation; source https://static.e-publishing.af.mil/production/1/af_a8/publication/afi16-401/afi16-401.pdf
display-x-47b	active	display	exact	x-47b	x-47b	X-47B	[]	DoD series letter remains attached to the design number; source https://static.e-publishing.af.mil/production/1/af_a8/publication/afi16-401/afi16-401.pdf
display-a-26-invader	active	display	exact	a-26-invader	a-26-invader	A-26 Invader	[]	Official USAAF historical designation styling; source https://www.nationalmuseum.af.mil/Portals/7/documents/other/nmusaf_alpha_aircraft_list.pdf
display-p-38-lightning	active	display	exact	p-38-lightning	p-38-lightning	P-38 Lightning	[]	Official USAAF historical designation styling; source https://www.nationalmuseum.af.mil/Portals/7/documents/other/nmusaf_alpha_aircraft_list.pdf
display-ac-130	active	display	exact	ac-130	ac-130	AC-130	[]	DoD modified-mission and basic-mission symbols remain together before the design number; source https://static.e-publishing.af.mil/production/1/af_a8/publication/afi16-401/afi16-401.pdf
display-ah-1-cobra	active	display	exact	ah-1-cobra	ah-1-cobra	AH-1 Cobra	[]	DoD modified-mission and basic-mission symbols remain together before the design number; source https://static.e-publishing.af.mil/production/1/af_a8/publication/afi16-401/afi16-401.pdf
display-ah-64-apache	active	display	exact	ah-64-apache	ah-64-apache	AH-64 Apache	[]	DoD modified-mission and basic-mission symbols remain together before the design number; source https://static.e-publishing.af.mil/production/1/af_a8/publication/afi16-401/afi16-401.pdf
display-av-8b-harrier-ii	active	display	exact	av-8b-harrier-ii	av-8b-harrier-ii	AV-8B Harrier II	[]	DoD modified-mission and basic-mission symbols remain together and the series letter follows the design number; source https://static.e-publishing.af.mil/production/1/af_a8/publication/afi16-401/afi16-401.pdf
display-ch-53k-king-stallion	active	display	exact	ch-53k-king-stallion	ch-53k-king-stallion	CH-53K King Stallion	[]	DoD modified-mission and basic-mission symbols remain together and the series letter follows the design number; source https://static.e-publishing.af.mil/production/1/af_a8/publication/afi16-401/afi16-401.pdf
display-cmv-22b-osprey	active	display	exact	cmv-22b-osprey	cmv-22b-osprey	CMV-22B Osprey	[]	DoD status, modified-mission, and basic-mission symbols remain together and the series letter follows the design number; source https://static.e-publishing.af.mil/production/1/af_a8/publication/afi16-401/afi16-401.pdf
display-ea-6b-prowler	active	display	exact	ea-6b-prowler	ea-6b-prowler	EA-6B Prowler	[]	DoD modified-mission and basic-mission symbols remain together and the series letter follows the design number; source https://static.e-publishing.af.mil/production/1/af_a8/publication/afi16-401/afi16-401.pdf
display-ea-18g-growler	active	display	exact	ea-18g-growler	ea-18g-growler	EA-18G Growler	[]	Official USN designation and name; source https://www.navy.mil/Resources/Fact-Files/Display-FactFiles/Article/2166036/ea-18g-growler-airborne-electronic-attack-aircraft/
display-ef-10b-skyknight	active	display	exact	ef-10b-skyknight	ef-10b-skyknight	EF-10B Skyknight	[]	Post-1962 DoD designation keeps the modified-mission and basic-mission symbols together and the series letter attached; source https://static.e-publishing.af.mil/production/1/af_a8/publication/afi16-401/afi16-401.pdf
display-f-47-fighter	active	display	exact	f-47-fighter	f-47-fighter	F-47 Fighter	[]	DoD mission-design-series punctuation; source https://static.e-publishing.af.mil/production/1/af_a8/publication/afi16-401/afi16-401.pdf
display-fb-111	active	display	exact	fb-111	fb-111	FB-111	[]	DoD modified-mission and basic-mission symbols remain together before the design number; source https://static.e-publishing.af.mil/production/1/af_a8/publication/afi16-401/afi16-401.pdf
display-kc-130	active	display	exact	kc-130	kc-130	KC-130	[]	DoD modified-mission and basic-mission symbols remain together before the design number; source https://static.e-publishing.af.mil/production/1/af_a8/publication/afi16-401/afi16-401.pdf
display-mq-9b	active	display	exact	mq-9b	mq-9b	MQ-9B	[]	DoD modified-mission and basic-mission symbols remain together and the series letter follows the design number; source https://static.e-publishing.af.mil/production/1/af_a8/publication/afi16-401/afi16-401.pdf
display-mq-25-stingray	active	display	exact	mq-25-stingray	mq-25-stingray	MQ-25 Stingray	[]	Generic program-level form keeps the DoD modified-mission and basic-mission symbols together; current aircraft variant source https://www.navy.mil/Resources/Fact-Files/Display-FactFiles/Article/2160662/mq-25a-stingray/mq-25a-stingray/
display-qh-50-dash	active	display	exact	qh-50-dash	qh-50-dash	QH-50 DASH	[]	DoD status and basic-mission symbols remain together; DASH is an acronym; source https://en.wikipedia.org/wiki/Gyrodyne_QH-50_DASH
display-ra-5c-vigilante	active	display	exact	ra-5c-vigilante	ra-5c-vigilante	RA-5C Vigilante	[]	DoD modified-mission and basic-mission symbols remain together and the series letter follows the design number; source https://static.e-publishing.af.mil/production/1/af_a8/publication/afi16-401/afi16-401.pdf
display-sh-60-seahawk	active	display	exact	sh-60-seahawk	sh-60-seahawk	SH-60 Seahawk	[]	DoD modified-mission and basic-mission symbols remain together before the design number; source https://static.e-publishing.af.mil/production/1/af_a8/publication/afi16-401/afi16-401.pdf
display-u-2-spy-plane	active	display	exact	u-2-spy-plane	u-2-spy-plane	U-2 Spy Plane	[]	USAF utility mission symbol precedes the design number with a dash; source https://static.e-publishing.af.mil/production/1/af_a8/publication/afi16-401/afi16-401.pdf
display-xb-70-valkyrie	active	display	exact	xb-70-valkyrie	xb-70-valkyrie	XB-70 Valkyrie	[]	DoD status and basic-mission symbols remain together before the design number; source https://static.e-publishing.af.mil/production/1/af_a8/publication/afi16-401/afi16-401.pdf
display-h-4-hercules	active	display	exact	h-4-hercules	h-4-hercules	H-4 Hercules	[]	Established Hughes model punctuation cross-checked against https://en.wikipedia.org/wiki/Hughes_H-4_Hercules
display-tbd-devastator	disabled	display	exact	tbd-devastator	douglas-tbd-devastator	Douglas TBD Devastator	["TBD Devastator"]	Pre-1962 USN type and manufacturer designator remains compact; source https://www.history.navy.mil/content/dam/nhhc/research/publications/1910/Part1.pdf; aliases migrated and display rule disabled because its exact source slug was consolidated
display-tbf-avenger	disabled	display	exact	tbf-avenger	grumman-tbf-avenger	Grumman TBF Avenger	["Avenger Aircraft","Grumman Avenger","TBF Avenger"]	Pre-1962 USN type and manufacturer designator remains compact; source https://www.history.navy.mil/content/dam/nhhc/research/publications/1910/Part1.pdf; aliases migrated and display rule disabled because its exact source slug was consolidated
display-black-cat-pby	active	display	exact	black-cat-pby	black-cat-pby	Black Cat PBY	[]	Pre-1962 USN type and manufacturer designator remains compact; source https://www.history.navy.mil/content/dam/nhhc/research/publications/1910/Part1.pdf
display-f4f-wildcat	active	display	exact	f4f-wildcat	f4f-wildcat	Grumman F4F Wildcat	["Grumman Martlet","Grumman Wildcat","Wildcat Fighters","F4F Wildcat"]	Pre-1962 USN type-sequence-manufacturer designator remains compact; source https://www.history.navy.mil/content/dam/nhhc/research/publications/1910/Part1.pdf
display-f4u-corsair	active	display	exact	f4u-corsair	f4u-corsair	F4U Corsair	[]	Pre-1962 USN type-sequence-manufacturer designator remains compact; source https://www.history.navy.mil/content/dam/nhhc/research/publications/1910/Part1.pdf
display-f6f-hellcat	active	display	exact	f6f-hellcat	f6f-hellcat	F6F Hellcat	[]	Pre-1962 USN type-sequence-manufacturer designator remains compact; source https://www.history.navy.mil/content/dam/nhhc/research/publications/1910/Part1.pdf
display-pby-catalina	active	display	exact	pby-catalina	pby-catalina	PBY Catalina	[]	Pre-1962 USN type and manufacturer designator remains compact; source https://www.history.navy.mil/content/dam/nhhc/research/publications/1910/Part1.pdf
display-sbd-dauntless	active	display	exact	sbd-dauntless	sbd-dauntless	SBD Dauntless	[]	Pre-1962 USN type and manufacturer designator remains compact; source https://www.history.navy.mil/content/dam/nhhc/research/publications/1910/Part1.pdf
display-douglas-tbd-devastator	active	display	exact	douglas-tbd-devastator	douglas-tbd-devastator	Douglas TBD Devastator	[]	Pre-1962 USN type and manufacturer designator remains compact; source https://www.history.navy.mil/content/dam/nhhc/research/publications/1910/Part1.pdf
display-grumman-tbf-avenger	active	display	exact	grumman-tbf-avenger	grumman-tbf-avenger	Grumman TBF Avenger	[]	Pre-1962 USN type and manufacturer designator remains compact; source https://www.history.navy.mil/content/dam/nhhc/research/publications/1910/Part1.pdf
display-f8f-bearcat	disabled	display	exact	f8f-bearcat	grumman-f8f-bearcat	Grumman F8F Bearcat	["F8F Bearcat","Grumman Bearcat"]	Pre-1962 USN type-sequence-manufacturer designator remains compact; source https://www.history.navy.mil/content/dam/nhhc/research/publications/1910/Part1.pdf; aliases migrated and display rule disabled because its exact source slug was consolidated
display-pb2y-coronado	active	display	exact	pb2y-coronado	pb2y-coronado	PB2Y Coronado	[]	Pre-1962 USN type-sequence-manufacturer designator remains compact; source https://www.history.navy.mil/content/dam/nhhc/research/publications/1910/Part1.pdf
display-pb4y-privateer	active	display	exact	pb4y-privateer	pb4y-privateer	PB4Y Privateer	[]	Pre-1962 USN type-sequence-manufacturer designator remains compact; source https://www.history.navy.mil/content/dam/nhhc/research/publications/1910/Part1.pdf
display-f6d-missileer	active	display	exact	f6d-missileer	f6d-missileer	F6D Missileer	[]	Pre-1962 USN type-sequence-manufacturer designator remains compact; source https://www.history.navy.mil/content/dam/nhhc/research/publications/1910/Part1.pdf
display-grumman-f3f	active	display	exact	grumman-f3f	grumman-f3f	Grumman F3F	[]	Pre-1962 USN type-sequence-manufacturer designator remains compact; source https://www.history.navy.mil/content/dam/nhhc/research/publications/1910/Part1.pdf
display-sb2c-helldiver	active	display	exact	sb2c-helldiver	sb2c-helldiver	SB2C Helldiver	[]	Pre-1962 USN type-sequence-manufacturer designator remains compact; source https://www.history.navy.mil/content/dam/nhhc/research/publications/1910/Part1.pdf
display-grumman-f8f-bearcat	active	display	exact	grumman-f8f-bearcat	grumman-f8f-bearcat	Grumman F8F Bearcat	[]	Pre-1962 USN type-sequence-manufacturer designator remains compact; source https://www.history.navy.mil/content/dam/nhhc/research/publications/1910/Part1.pdf
display-a4d-skyhawk	disabled	display	exact	a4d-skyhawk	a-4-skyhawk	A-4 Skyhawk	["A4D Skyhawk"]	Pre-1962 USN type-sequence-manufacturer designator remains compact; source https://www.history.navy.mil/content/dam/nhhc/research/publications/1910/Part1.pdf; aliases migrated and display rule disabled because its exact source slug was consolidated
display-ad-skyraider	disabled	display	exact	ad-skyraider	a-1-skyraider	A-1 Skyraider	["AD Skyraider","Douglas Skyraider"]	Pre-1962 USN type and manufacturer designator remains compact; source https://www.history.navy.mil/content/dam/nhhc/research/publications/1910/Part1.pdf; aliases migrated and display rule disabled because its exact source slug was consolidated
display-f3d-skyknight	active	display	exact	f3d-skyknight	f3d-skyknight	F3D Skyknight	[]	Pre-1962 USN type-sequence-manufacturer designator remains compact; source https://www.history.navy.mil/content/dam/nhhc/research/publications/1910/Part1.pdf
display-f7f-tigercat	active	display	exact	f7f-tigercat	f7f-tigercat	F7F Tigercat	[]	Pre-1962 USN type-sequence-manufacturer designator remains compact; source https://www.history.navy.mil/content/dam/nhhc/research/publications/1910/Part1.pdf
display-f8u-crusader	disabled	display	exact	f8u-crusader	vought-f-8-crusader	Vought F 8 Crusader	["F-8 Crusader","F8U Crusader"]	Pre-1962 USN type-sequence-manufacturer designator remains compact; source https://www.history.navy.mil/content/dam/nhhc/research/publications/1910/Part1.pdf; aliases migrated and display rule disabled because its exact source slug was consolidated
display-os2u-kingfisher	active	display	exact	os2u-kingfisher	os2u-kingfisher	OS2U Kingfisher	[]	Pre-1962 USN type-sequence-manufacturer designator remains compact; source https://www.history.navy.mil/content/dam/nhhc/research/publications/1910/Part1.pdf
display-tby-sea-wolf	active	display	exact	tby-sea-wolf	tby-sea-wolf	TBY Sea Wolf	[]	Pre-1962 USN type and manufacturer designator remains compact; source https://www.history.navy.mil/content/dam/nhhc/research/publications/1910/Part1.pdf
display-brewster-f3a-corsair	active	display	exact	brewster-f3a-corsair	brewster-f3a-corsair	Brewster F3A Corsair	[]	Pre-1962 USN type-sequence-manufacturer designator remains compact; source https://www.history.navy.mil/content/dam/nhhc/research/publications/1910/Part1.pdf
display-ad-4-skyraider	disabled	display	exact	ad-4-skyraider	douglas-ad-4-skyraider	Douglas AD-4 Skyraider	["AD-4 Skyraider"]	Pre-1962 USN modification follows the compact designator with a dash; source https://www.history.navy.mil/content/dam/nhhc/research/publications/1910/Part1.pdf; aliases migrated and display rule disabled because its exact source slug was consolidated
display-consolidated-tby-sea-wolf	active	display	exact	consolidated-tby-sea-wolf	consolidated-tby-sea-wolf	Consolidated TBY Sea Wolf	[]	Pre-1962 USN type and manufacturer designator remains compact; source https://www.history.navy.mil/content/dam/nhhc/research/publications/1910/Part1.pdf
display-curtiss-sbc-helldiver	active	display	exact	curtiss-sbc-helldiver	curtiss-sbc-helldiver	Curtiss SBC Helldiver	[]	Pre-1962 USN type and manufacturer designator remains compact; source https://www.history.navy.mil/content/dam/nhhc/research/publications/1910/Part1.pdf
display-douglas-a2d-skyshark	active	display	exact	douglas-a2d-skyshark	douglas-a2d-skyshark	Douglas A2D Skyshark	[]	Pre-1962 USN type-sequence-manufacturer designator remains compact; source https://www.history.navy.mil/content/dam/nhhc/research/publications/1910/Part1.pdf
display-vought-sbu-corsair	active	display	exact	vought-sbu-corsair	vought-sbu-corsair	Vought SBU Corsair	[]	Pre-1962 USN type and manufacturer designator remains compact; source https://www.history.navy.mil/content/dam/nhhc/research/publications/1910/Part1.pdf
display-douglas-ad-4-skyraider	active	display	exact	douglas-ad-4-skyraider	douglas-ad-4-skyraider	Douglas AD-4 Skyraider	[]	Pre-1962 USN modification follows the compact designator with a dash; source https://www.history.navy.mil/content/dam/nhhc/research/publications/1910/Part1.pdf
display-curtiss-f9c-sparrowhawk	active	display	exact	curtiss-f9c-sparrowhawk	curtiss-f9c-sparrowhawk	Curtiss F9C Sparrowhawk	[]	Pre-1962 USN type-sequence-manufacturer designator remains compact; source https://www.history.navy.mil/content/dam/nhhc/research/publications/1910/Part1.pdf
display-f4d-skyray	active	display	exact	f4d-skyray	f4d-skyray	F4D Skyray	[]	Pre-1962 USN type-sequence-manufacturer designator remains compact; source https://www.history.navy.mil/content/dam/nhhc/research/publications/1910/Part1.pdf
display-f9f-panther	active	display	exact	f9f-panther	f9f-panther	F9F Panther	[]	Pre-1962 USN type-sequence-manufacturer designator remains compact; source https://www.history.navy.mil/content/dam/nhhc/research/publications/1910/Part1.pdf
display-xf8u-3-crusader-iii	active	display	exact	xf8u-3-crusader-iii	xf8u-3-crusader-iii	XF8U-3 Crusader III	[]	Pre-1962 USN experimental and type-sequence-manufacturer designator remains compact before the modification dash; source https://www.history.navy.mil/content/dam/nhhc/research/publications/1910/Part1.pdf
display-abda-command	active	display	exact	abda-command	abda-command	ABDA Command	["ABDACOM"]	American-British-Dutch-Australian initialism; source https://www.history.navy.mil/content/history/museums/nmusn/explore/photography/wwii/wwii-pacific/us-entry-into-wwii-japanese-offensive/1942-January-15-abda-japanese-octopus.html; Reviewed duplicate-topic normalization requested by the repository owner
display-abdacom	disabled	display	exact	abdacom	abdacom	ABDACOM	[]	Obsolete display-only source; active creation policy resolves ABDACOM to abda-command
display-war-of-1812	active	display	exact	war-of-1812	war-of-1812	War of 1812	[]	Unambiguous title-case correction cross-checked against https://en.wikipedia.org/wiki/War_of_1812
display-action-of-13-january-1797	active	display	exact	action-of-13-january-1797	action-of-13-january-1797	Action of 13 January 1797	[]	Unambiguous title-case correction cross-checked against https://en.wikipedia.org/wiki/Action_of_13_January_1797
display-action-of-13-march-1806	active	display	exact	action-of-13-march-1806	action-of-13-march-1806	Action of 13 March 1806	[]	Unambiguous title-case correction cross-checked against https://en.wikipedia.org/wiki/Action_of_13_March_1806
display-action-of-18-june-1799	active	display	exact	action-of-18-june-1799	action-of-18-june-1799	Action of 18 June 1799	[]	Unambiguous title-case correction cross-checked against https://en.wikipedia.org/wiki/Action_of_18_June_1799
display-focke-wulf-fw-200-condor	active	display	exact	focke-wulf-fw-200-condor	focke-wulf-fw-200-condor	Focke-Wulf Fw 200 Condor	[]	Unambiguous punctuation and designation correction cross-checked against https://en.wikipedia.org/wiki/Focke-Wulf_Fw_200_Condor
display-uss-detroit-cl-8	active	display	exact	uss-detroit-cl-8	uss-detroit-cl-8	USS Detroit (CL-8)	["USS Detroit CL8"]	Unambiguous US ship-name and hull-number correction cross-checked against https://en.wikipedia.org/wiki/USS_Detroit_(CL-8); Reviewed duplicate-topic normalization requested by the repository owner
display-convoy-pq-18	active	display	exact	convoy-pq-18	convoy-pq-18	Convoy PQ 18	[]	Unambiguous convoy-code capitalization correction cross-checked against https://en.wikipedia.org/wiki/Convoy_PQ_18
display-imam-ro-43	active	display	exact	imam-ro-43	imam-ro-43	IMAM Ro.43	["Imam Ro43"]	Unambiguous manufacturer and model styling correction cross-checked against https://en.wikipedia.org/wiki/IMAM_Ro.43; Reviewed duplicate-topic normalization requested by the repository owner
display-agm-12-bullpup	active	display	exact	agm-12-bullpup	agm-12-bullpup	AGM-12 Bullpup	[]	Unambiguous US military designation correction cross-checked against https://en.wikipedia.org/wiki/AGM-12_Bullpup
display-aim-54-phoenix	active	display	exact	aim-54-phoenix	aim-54-phoenix	AIM-54 Phoenix	[]	Unambiguous US military designation correction cross-checked against https://en.wikipedia.org/wiki/AIM-54_Phoenix
display-ak-130	active	display	exact	ak-130	ak-130	AK-130	[]	Unambiguous naval gun designation correction cross-checked against https://en.wikipedia.org/wiki/AK-130
display-qf-2-pounder-pom-pom	disabled	display	exact	qf-2-pounder-pom-pom	qf-2-pounder-pom-pom	QF 2-pounder Pom-Pom	["QF 2 pounder pom pom"]	Obsolete display-only source; active creation policy resolves this spelling to 2-pounder-guns
display-qf-2-pounder	disabled	display	exact	qf-2-pounder	qf-2-pounder	QF 2-pounder	["QF 2 pounder"]	Obsolete display-only source; active creation policy resolves this spelling to 2-pounder-guns
display-57-mm-guns	active	display	exact	57-mm-guns	57-mm-guns	57 mm Guns	[]	Canonical first-pass display policy
display-76-mm-guns	active	display	exact	76-mm-guns	76-mm-guns	76 mm Guns	[]	Canonical first-pass display policy
display-74-gun-ships	active	display	exact	74-gun-ships	74-gun-ships	74-Gun Ships	[]	Canonical first-pass display policy
display-20-mm-cannon	active	display	exact	20-mm-cannon	20-mm-cannon	20 mm Cannon	[]	Canonical first-pass display policy
display-30-mm-guns	active	display	exact	30-mm-guns	30-mm-guns	30 mm Guns	[]	Canonical first-pass display policy
display-bofors-40-mm	active	display	exact	bofors-40-mm	bofors-40-mm	Bofors 40 mm	[]	Manufacturer terminology https://www.baesystems.com/en/product~57mm-naval-gun-system~
display-oerlikon-20-mm	active	display	exact	oerlikon-20-mm	oerlikon-20-mm	Oerlikon 20 mm	[]	Manufacturer terminology https://www.rheinmetall.com/en/products/air-defence-systems/naval-air-defence
display-oto-melara-76-mm	active	display	exact	oto-melara-76-mm	oto-melara-76-mm	OTO Melara 76 mm	[]	Manufacturer terminology https://electronics.leonardo.com/en/products/76-62-super-rapid
display-4-5-inch-guns	active	display	exact	4-5-inch-guns	4-5-inch-guns	4.5-inch Guns	[]	Canonical first-pass display policy
display-13-5-inch-guns	active	display	exact	13-5-inch-guns	13-5-inch-guns	13.5-inch Guns	[]	Canonical first-pass display policy
display-9-4-inch-guns	active	display	exact	9-4-inch-guns	9-4-inch-guns	9.4-inch Guns	[]	Canonical first-pass display policy
display-japan-maritime-self-defense-force	active	display	exact	japan-maritime-self-defense-force	japan-maritime-self-defense-force	Japan Maritime Self-Defense Force	[]	Official name source https://www.mod.go.jp/msdf/en/
display-suppression-of-enemy-air-defenses	active	display	exact	suppression-of-enemy-air-defenses	suppression-of-enemy-air-defenses	Suppression of Enemy Air Defenses	[]	Official US term evidence src/derived/video-segments/2020-07-26_T17-01-23_bru-ships-episode-12-new-to-me-themed-books-to-review-and-a-general-q-a_ZOQGVnqQh2s.json
display-ships-of-the-line	active	display	exact	ships-of-the-line	ships-of-the-line	Ships of the Line	["line of battle ships","Ship Of The Line"]	Broad topic retains only its broad alias; narrower 74-gun and third-rate aliases are separate topics
display-japanese-navy	active	display	exact	japanese-navy	japanese-navy	Japanese Navy	[]	Remove aliases now owned by the exact JMSDF canonical topic
display-shipboard-air-defense	disabled	display	exact	shipboard-air-defense	shipboard-air-defence	Shipboard Air Defence	["Shipboard Air Defense"]	Keep the shipboard-system alias while the generic naval-air-defence variants move to their exact canonical topic; aliases migrated and display rule disabled because its exact source slug was consolidated
token-aew	active	display	token	aew	AEW		[]	Canonical display token
token-ai	active	display	token	ai	AI		[]	Canonical display token
token-asw	active	display	token	asw	ASW		[]	Canonical display token
token-hms	active	display	token	hms	HMS		[]	Canonical display token
token-hmcs	active	display	token	hmcs	HMCS		[]	Canonical display token
token-nato	active	display	token	nato	NATO		[]	Canonical display token
token-opv	active	display	token	opv	OPV		[]	Canonical display token
token-qf	active	display	token	qf	QF		[]	Canonical display token
token-raf	active	display	token	raf	RAF		[]	Canonical display token
token-ran	active	display	token	ran	RAN		[]	Canonical display token
token-rcn	active	display	token	rcn	RCN		[]	Canonical display token
token-rnas	active	display	token	rnas	RNAS		[]	Canonical display token
token-uk	active	display	token	uk	UK		[]	Canonical display token
token-us	active	display	token	us	US		[]	Canonical display token
token-uss	active	display	token	uss	USS		[]	Canonical display token
token-vls	active	display	token	vls	VLS		[]	Canonical display token
token-mm	active	display	token	mm	mm		[]	Canonical display token
token-oto	active	display	token	oto	OTO		[]	Canonical display token
token-aa	active	display	token	aa	AA		[]	Canonical display token
token-ciws	active	display	token	ciws	CIWS		[]	Canonical display token
token-uav	active	display	token	uav	UAV		[]	Canonical display token
token-uuv	active	display	token	uuv	UUV		[]	Canonical display token
token-asroc	active	display	token	asroc	ASROC		[]	Canonical display token
token-ssn	active	display	token	ssn	SSN		[]	Canonical display token
token-ssbn	active	display	token	ssbn	SSBN		[]	Canonical display token
token-cv	active	display	token	cv	CV		[]	Canonical display token
token-jmsdf	active	display	token	jmsdf	JMSDF		[]	Canonical display token
token-abda	active	display	token	abda	ABDA		[]	American-British-Dutch-Australian initialism; source https://www.history.navy.mil/content/history/museums/nmusn/explore/photography/wwii/wwii-pacific/us-entry-into-wwii-japanese-offensive/1942-January-15-abda-japanese-octopus.html
token-abdacom	active	display	token	abdacom	ABDACOM		[]	Allied ABDA command abbreviation cross-checked against https://en.wikipedia.org/wiki/American-British-Dutch-Australian_Command
token-aesa	active	display	token	aesa	AESA		[]	Established active electronically scanned array abbreviation cross-checked against https://en.wikipedia.org/wiki/Active_electronically_scanned_array
token-a1b	active	display	token	a1b	A1B		[]	US naval reactor designation cross-checked against https://en.wikipedia.org/wiki/A1B_reactor
token-a4w	active	display	token	a4w	A4W		[]	US naval reactor designation cross-checked against https://en.wikipedia.org/wiki/A4W_reactor
token-3p	active	display	token	3p	3P		[]	Bofors 3P ammunition designation; source https://www.baesystems.com/en/product/3p-ammunition
display-metric-mm-gun	active	display	regex	^([0-9]+)-mm-gun$	$1-mm-gun	$1 mm Gun	[]	Bounded punctuation-aware display formatter
display-metric-mm-guns	active	display	regex	^([0-9]+)-mm-guns$	$1-mm-guns	$1 mm Guns	[]	Bounded punctuation-aware display formatter
display-metric-mm-cannon	active	display	regex	^([0-9]+)-mm-cannon$	$1-mm-cannon	$1 mm Cannon	[]	Bounded punctuation-aware display formatter
display-inch-guns	active	display	regex	^([0-9]+)-inch-guns$	$1-inch-guns	$1-inch Guns	[]	Bounded punctuation-aware display formatter
display-decimal-inch-guns	active	display	regex	^([0-9]+)-([0-9]+)-inch-guns$	$1-$2-inch-guns	$1.$2-inch Guns	[]	Bounded punctuation-aware display formatter
display-pounder-gun	active	display	regex	^([0-9]+)-pounder-gun$	$1-pounder-gun	$1-Pounder Gun	[]	Bounded punctuation-aware display formatter
display-pounder-guns	active	display	regex	^([0-9]+)-pounder-guns$	$1-pounder-guns	$1-Pounder Guns	[]	Bounded punctuation-aware display formatter
display-gun-ships	active	display	regex	^([0-9]+)-gun-ships$	$1-gun-ships	$1-Gun Ships	[]	Bounded punctuation-aware display formatter
normalize-40-millimeter-guns	active	creation	exact	40-millimeter-guns	40-mm-guns	40 mm Guns	["40 Millimeter Guns"]	Established generic calibre topic uses the compact mm form
normalize-120-millimeter-guns	active	creation	exact	120-millimeter-guns	120-mm-guns	120 mm Guns	["120 Millimeter Guns"]	Established generic calibre topic uses the compact mm form
normalize-forty-millimeter-guns	active	creation	exact	forty-millimeter-guns	40-mm-guns	40 mm Guns	["Forty Millimeter Guns"]	Written-out generic calibre topic resolves to the numeric compact mm form
normalize-forty-two-centimeter-guns	active	creation	exact	forty-two-centimeter-guns	420-mm-guns	420 mm Guns	["Forty Two Centimeter Guns"]	Generic metric calibre topics use millimetres; 42 cm equals 420 mm
normalize-forty-two-centimetre-guns	active	creation	exact	forty-two-centimetre-guns	420-mm-guns	420 mm Guns	[]	Generic metric calibre topics use millimetres; 42 cm equals 420 mm
normalize-42-centimeter-guns	active	creation	exact	42-centimeter-guns	420-mm-guns	420 mm Guns	[]	Generic metric calibre topics use millimetres; 42 cm equals 420 mm
normalize-42-centimetre-guns	active	creation	exact	42-centimetre-guns	420-mm-guns	420 mm Guns	[]	Generic metric calibre topics use millimetres; 42 cm equals 420 mm
normalize-42-cm-guns	active	creation	exact	42-cm-guns	420-mm-guns	420 mm Guns	["42 cm Guns"]	Generic metric calibre topics use millimetres; 42 cm equals 420 mm
normalize-35-centimeter-guns	active	creation	exact	35-centimeter-guns	350-mm-guns	350 mm Guns	["35 Centimeter Guns"]	Generic metric calibre topics use millimetres; 35 cm equals 350 mm
normalize-35-centimetre-guns	active	creation	exact	35-centimetre-guns	350-mm-guns	350 mm Guns	[]	Generic metric calibre topics use millimetres; 35 cm equals 350 mm
normalize-35-cm-guns	active	creation	exact	35-cm-guns	350-mm-guns	350 mm Guns	["35 cm Guns"]	Generic metric calibre topics use millimetres; 35 cm equals 350 mm
create-numeric-millimeter-guns	active	creation	regex	^([0-9]+)-millimet(?:er|re)-guns$	$1-mm-guns	$1 mm Guns	[]	Future generic millimeter or millimetre calibre construction
create-leading-adjacent-metric-mm	active	creation	regex	^([0-9]+)mm-(.+)$	$1-mm-$2		[]	Generic numeric SI spacing policy; canonical slugs separate the value and mm token; source https://www.bipm.org/en/publications/si-brochure
create-infix-adjacent-metric-mm	active	creation	regex	^(.+)-([0-9]+)mm-(.+)$	$1-$2-mm-$3		[]	Generic numeric SI spacing policy; canonical slugs separate the value and mm token; source https://www.bipm.org/en/publications/si-brochure
create-trailing-adjacent-metric-mm	active	creation	regex	^(.+)-([0-9]+)mm$	$1-$2-mm		[]	Generic numeric SI spacing policy; canonical slugs separate the value and mm token; source https://www.bipm.org/en/publications/si-brochure
create-bare-adjacent-metric-mm	active	creation	regex	^([0-9]+)mm$	$1-mm		[]	Generic numeric SI spacing policy; canonical slugs separate the value and mm token; source https://www.bipm.org/en/publications/si-brochure
normalize-155mm-guns	active	creation	exact	155mm-guns	155-mm-guns	155 mm Guns	[]	Deprecated joined-mm input is normalized without a compatibility alias; source https://www.bipm.org/en/publications/si-brochure
normalize-203mm-guns	active	creation	exact	203mm-guns	203-mm-guns	203 mm Guns	[]	Deprecated joined-mm input is normalized without a compatibility alias; source https://www.bipm.org/en/publications/si-brochure
normalize-model-1924-203-mm-gun	active	creation	exact	model-1924-203-mm-gun	203-mm-guns	203 mm Guns	[]	User-approved merge of an over-specific gun model topic with no compatibility alias
normalize-37mm-guns	active	creation	exact	37mm-guns	37-mm-guns	37 mm Guns	[]	Deprecated joined-mm input is normalized without a compatibility alias; source https://www.bipm.org/en/publications/si-brochure
normalize-40mm-3p-ammunition	active	creation	exact	40mm-3p-ammunition	40-mm-3p-ammunition	40 mm 3P Ammunition	[]	Deprecated joined-mm input is normalized without a compatibility alias while preserving 3P casing; source https://www.bipm.org/en/publications/si-brochure
normalize-650mm-torpedoes	active	creation	exact	650mm-torpedoes	650-mm-torpedoes	650 mm Torpedoes	[]	Deprecated joined-mm input is normalized without a compatibility alias; source https://www.bipm.org/en/publications/si-brochure
normalize-oto-melara-127mm	active	creation	exact	oto-melara-127mm	oto-melara-127-mm	OTO Melara 127 mm	[]	Deprecated joined-mm input is normalized without a compatibility alias while preserving manufacturer casing; source https://www.bipm.org/en/publications/si-brochure
normalize-type-5-40mm	active	creation	exact	type-5-40mm	type-5-40-mm	Type 5 40 mm Anti-Aircraft Gun	[]	Deprecated joined-mm input is normalized without a compatibility alias while preserving the Type designation; source https://www.bipm.org/en/publications/si-brochure
normalize-type-89-127mm	active	creation	exact	type-89-127mm	type-89-127-mm	Type 89 127 mm Anti-Aircraft Gun	[]	Deprecated joined-mm input is normalized without a compatibility alias while preserving the Type designation; source https://www.bipm.org/en/publications/si-brochure
normalize-type-96-25mm	active	creation	exact	type-96-25mm	type-96-25-mm	Type 96 25 mm	[]	Deprecated joined-mm input is normalized without a compatibility alias while preserving the Type designation; source https://www.bipm.org/en/publications/si-brochure
normalize-type-96-25mm-aa-gun	active	creation	exact	type-96-25mm-aa-gun	type-96-25-mm	Type 96 25 mm	[]	Deprecated joined-mm input is consolidated into the canonical Type 96 25 mm topic; source https://www.bipm.org/en/publications/si-brochure
normalize-type-96-25-mm-aa-gun	active	creation	exact	type-96-25-mm-aa-gun	type-96-25-mm	Type 96 25 mm	[]	Over-specified AA gun slug is consolidated into the canonical Type 96 25 mm topic
display-type-96-25-mm	active	display	exact	type-96-25-mm	type-96-25-mm	Type 96 25 mm	[]	Reviewed canonical display title after consolidation of the over-specified AA gun slug
display-bl-15-inch-mark-i	active	display	exact	bl-15-inch-mark-i	bl-15-inch-mark-i	BL 15-inch Mk I Naval Gun	[]	Established article form; source https://en.wikipedia.org/wiki/BL_15-inch_Mk_I_naval_gun
display-bl-18-inch-mark-i	active	display	exact	bl-18-inch-mark-i	bl-18-inch-mark-i	BL 18-inch Mk I Naval Gun	[]	Established article form; source https://en.wikipedia.org/wiki/BL_18-inch_Mk_I_naval_gun
display-bl-4-inch-mark-vii-gun	active	display	exact	bl-4-inch-mark-vii-gun	bl-4-inch-mark-vii-gun	BL 4-inch Mk VII Naval Gun	[]	Established article form; source https://en.wikipedia.org/wiki/BL_4-inch_Mk_VII_naval_gun
display-inch-torpedo	active	display	regex	^([0-9]+)-inch-torpedo$	$1-inch-torpedo	$1-inch Torpedo	[]	Bounded punctuation-aware display formatter
display-inch-torpedoes	active	display	regex	^([0-9]+)-inch-torpedoes$	$1-inch-torpedoes	$1-inch Torpedoes	[]	Bounded punctuation-aware display formatter; terminology source https://en.wikipedia.org/wiki/British_21-inch_torpedo
normalize-a-6f-intruder	active	creation	exact	a-6f-intruder	a-6-intruder	A-6 Intruder	[]	User-confirmed no-over-specification merge; A-6F is an A-6 Intruder variant rather than a separate site topic; source https://en.wikipedia.org/wiki/Grumman_A-6_Intruder
create-singular-integer-inch-gun	active	creation	regex	^([0-9]+)-inch-gun$	$1-inch-guns	$1-inch Guns	[]	User-confirmed generic calibre policy: a bare singular gun term belongs to the plural calibre family
create-singular-decimal-inch-gun	active	creation	regex	^([0-9]+)-([0-9]+)-inch-gun$	$1-$2-inch-guns	$1.$2-inch Guns	[]	User-confirmed generic calibre policy: a bare singular decimal gun term belongs to the plural calibre family
normalize-british-15-inch-gun	active	creation	exact	british-15-inch-gun	15-inch-guns	15-inch Guns	[]	User-confirmed generic calibre merge; the country prefix does not identify a distinct gun model
normalize-one-point-one-inch-gun	active	creation	exact	one-point-one-inch-gun	1-1-inch-guns	1.1-inch Guns	[]	User-confirmed generic calibre merge; transcript evidence identifies the US Navy 1.1-inch weapon family
normalize-four-seven-inch-guns	active	creation	exact	four-seven-inch-guns	4-7-inch-guns	4.7-inch Guns	[]	Malformed written decimal resolves to the generic calibre family without a compatibility alias
normalize-nine-two-inch-guns	active	creation	exact	nine-two-inch-guns	9-2-inch-guns	9.2-inch Guns	[]	Malformed written decimal resolves to the generic calibre family without a compatibility alias
normalize-four-and-half-inch-gun	active	creation	exact	four-and-half-inch-gun	4-5-inch-guns	4.5-inch Guns	[]	Malformed written decimal singular resolves to the generic calibre family without a compatibility alias
normalize-four-and-a-half-inch-guns	active	creation	exact	four-and-a-half-inch-guns	4-5-inch-guns	4.5-inch Guns	[]	Malformed written decimal resolves to the generic calibre family without a compatibility alias
normalize-four-and-a-half-inch-gun	active	creation	exact	four-and-a-half-inch-gun	4-5-inch-guns	4.5-inch Guns	[]	Malformed written decimal singular resolves to the generic calibre family without a compatibility alias
normalize-four-five-inch-gun	active	creation	exact	four-five-inch-gun	4-5-inch-guns	4.5-inch Guns	[]	Malformed written decimal singular resolves to the generic calibre family without a compatibility alias
normalize-sixteen-and-a-half-inch-guns	active	creation	exact	sixteen-and-a-half-inch-guns	16-5-inch-guns	16.5-inch Guns	[]	Malformed written decimal resolves to the generic calibre family without a compatibility alias
normalize-five-two-five-inch-guns	active	creation	exact	five-two-five-inch-guns	5-25-inch-guns	5.25-inch Guns	[]	Malformed written decimal resolves to the generic calibre family without a compatibility alias
normalize-six-five-inch-guns	active	creation	exact	six-five-inch-guns	6-5-inch-guns	6.5-inch Guns	[]	Malformed written decimal resolves to the generic calibre family without a compatibility alias
normalize-seven-five-inch-guns	active	creation	exact	seven-five-inch-guns	7-5-inch-guns	7.5-inch Guns	[]	Malformed written decimal resolves to the generic calibre family without a compatibility alias
normalize-nine-inch-guns	active	creation	exact	nine-inch-guns	9-inch-guns	9-inch Guns	[]	Written-out generic calibre resolves to the numeric family without a compatibility alias
normalize-automatic-eight-inch-guns	active	creation	exact	automatic-eight-inch-guns	8-inch-guns	8-inch Guns	[]	User-confirmed no-over-specification merge; the loading feature does not create a separate calibre topic
normalize-five-inch-25-gun	active	creation	exact	five-inch-25-gun	5-inch-guns	5-inch Guns	[]	User-confirmed no-over-specification merge into the generic calibre family
normalize-five-inch-38	active	creation	exact	five-inch-38	5-inch-guns	5-inch Guns	[]	User-confirmed no-over-specification merge into the generic calibre family
normalize-five-inch-38-caliber	active	creation	exact	five-inch-38-caliber	5-inch-guns	5-inch Guns	[]	User-confirmed no-over-specification merge into the generic calibre family
normalize-five-inch-38-caliber-gun	active	creation	exact	five-inch-38-caliber-gun	5-inch-guns	5-inch Guns	[]	User-confirmed no-over-specification merge into the generic calibre family
normalize-five-inch-38-gun	active	creation	exact	five-inch-38-gun	5-inch-guns	5-inch Guns	[]	User-confirmed no-over-specification merge into the generic calibre family
normalize-five-inch-54-caliber-gun	active	creation	exact	five-inch-54-caliber-gun	5-inch-guns	5-inch Guns	[]	User-confirmed no-over-specification merge into the generic calibre family
normalize-five-inch-54-gun	active	creation	exact	five-inch-54-gun	5-inch-guns	5-inch Guns	[]	User-confirmed no-over-specification merge into the generic calibre family
normalize-nine-inch-naval-guns	active	creation	exact	nine-inch-naval-guns	9-inch-guns	9-inch Guns	[]	Naval context does not create a separate generic calibre topic
normalize-seven-inch-naval-guns	active	creation	exact	seven-inch-naval-guns	7-inch-guns	7-inch Guns	[]	Naval context does not create a separate generic calibre topic
normalize-three-inch-fifty	active	creation	exact	three-inch-fifty	3-inch-guns	3-inch Guns	[]	User-confirmed no-over-specification merge into the generic calibre family
review-japanese-self-defense-forces	review	creation	exact	japanese-self-defense-forces	japan-self-defense-forces	Japan Self-Defense Forces	["Japanese Self Defense Forces"]	Broader all-service official-name cluster remains separate from JMSDF
normalize-duplicate-antisubmarine-warfare	active	creation	exact	antisubmarine-warfare	anti-submarine-warfare	Anti-Submarine Warfare	["Antisubmarine Warfare"]	Reviewed duplicate-topic normalization requested by the repository owner
normalize-duplicate-antiaircraft-warfare	active	creation	exact	antiaircraft-warfare	anti-aircraft-warfare	Anti-Aircraft Warfare	["Antiaircraft Warfare"]	Reviewed duplicate-topic normalization requested by the repository owner
normalize-duplicate-uboats	active	creation	exact	uboats	u-boats	U-Boats	["Uboats"]	Reviewed duplicate-topic normalization requested by the repository owner
normalize-duplicate-predreadnoughts	active	creation	exact	predreadnoughts	pre-dreadnoughts	Pre-Dreadnoughts	["Predreadnoughts"]	Reviewed duplicate-topic normalization requested by the repository owner
normalize-duplicate-cv-a-01	active	creation	exact	cv-a-01	cva-01	CVA-01	["CV A 01"]	Reviewed duplicate-topic normalization requested by the repository owner
normalize-duplicate-drydocks	active	creation	exact	drydocks	dry-docks	Dry Docks	["Drydocks"]	Reviewed duplicate-topic normalization requested by the repository owner
normalize-duplicate-airpower	active	creation	exact	airpower	air-power	Air Power	["Airpower"]	Reviewed duplicate-topic normalization requested by the repository owner
normalize-duplicate-rail-guns	active	creation	exact	rail-guns	railguns	Railguns	["Rail Guns","Railgun"]	Reviewed duplicate-topic normalization requested by the repository owner
normalize-duplicate-sea-keeping	active	creation	exact	sea-keeping	seakeeping	Seakeeping	["Sea Keeping"]	Reviewed duplicate-topic normalization requested by the repository owner
normalize-duplicate-inter-service-rivalry	active	creation	exact	inter-service-rivalry	interservice-rivalry	Interservice Rivalry	["Inter Service Rivalry"]	Reviewed duplicate-topic normalization requested by the repository owner
normalize-duplicate-dday	active	creation	exact	dday	d-day	D-Day	["Dday"]	Reviewed duplicate-topic normalization requested by the repository owner
normalize-duplicate-naval-war-gaming	active	creation	exact	naval-war-gaming	naval-wargaming	Naval Wargaming	["Naval War Gaming"]	Reviewed duplicate-topic normalization requested by the repository owner
normalize-duplicate-motor-gunboats	active	creation	exact	motor-gunboats	motor-gun-boats	Motor Gun Boats	["Motor Gunboats"]	Reviewed duplicate-topic normalization requested by the repository owner
normalize-duplicate-battle-of-philippine-sea	active	creation	exact	battle-of-philippine-sea	battle-of-the-philippine-sea	Battle of the Philippine Sea	["Battle of Philippine Sea","Great Marianas Turkey Shoot","Marianas Turkey Shoot"]	Reviewed duplicate-topic normalization requested by the repository owner
normalize-duplicate-operation-sealion	active	creation	exact	operation-sealion	operation-sea-lion	Operation Sea Lion	["Operation Sealion"]	Reviewed duplicate-topic normalization requested by the repository owner
normalize-duplicate-uss-enterprise-cv6	active	creation	exact	uss-enterprise-cv6	uss-enterprise-cv-6	USS Enterprise (CV-6)	["USS Enterprise Cv6"]	Reviewed duplicate-topic normalization requested by the repository owner
normalize-duplicate-hmassydney	active	creation	exact	hmassydney	hmas-sydney	HMAS Sydney	["Hmassydney"]	Reviewed duplicate-topic normalization requested by the repository owner
normalize-duplicate-war-gaming	active	creation	exact	war-gaming	wargaming	Wargaming	["War Gaming"]	Reviewed duplicate-topic normalization requested by the repository owner
normalize-duplicate-v-stol-aircraft	active	creation	exact	v-stol-aircraft	vstol-aircraft	V/STOL Aircraft	["V Stol Aircraft","VSTOL Aircraft","Vertical/Short Take-Off and Landing Aircraft","Vstol","Vertical Short Takeoff And Landing"]	Reviewed duplicate-topic normalization requested by the repository owner
normalize-duplicate-vstol	active	creation	exact	vstol	vstol-aircraft	V/STOL Aircraft	["Vstol","VSTOL Aircraft","Vertical/Short Take-Off and Landing Aircraft","Vertical Short Takeoff And Landing"]	Reviewed duplicate-topic normalization requested by the repository owner
normalize-duplicate-vertical-short-takeoff-and-landing	active	creation	exact	vertical-short-takeoff-and-landing	vstol-aircraft	V/STOL Aircraft	["Vertical Short Takeoff And Landing","VSTOL Aircraft","Vertical/Short Take-Off and Landing Aircraft","Vstol"]	Reviewed duplicate-topic normalization requested by the repository owner
normalize-duplicate-shiphandling	active	creation	exact	shiphandling	ship-handling	Ship Handling	["Shiphandling"]	Reviewed duplicate-topic normalization requested by the repository owner
normalize-duplicate-peoples-liberation-army-navy	active	creation	exact	peoples-liberation-army-navy	people-s-liberation-army-navy	People’s Liberation Army Navy	["Peoples Liberation Army Navy"]	Reviewed duplicate-topic normalization requested by the repository owner
normalize-duplicate-i400-class	active	creation	exact	i400-class	i-400-class	I-400-class submarine	["I400 Class"]	Reviewed duplicate-topic normalization requested by the repository owner
normalize-duplicate-i-400-class-submarines	active	creation	exact	i-400-class-submarines	i-400-class	I-400-class submarine	["I 400 Class Submarines"]	Reviewed duplicate-topic normalization requested by the repository owner
normalize-duplicate-i-400-submarine	active	creation	exact	i-400-submarine	i-400-class	I-400-class submarine	["I 400 Submarine"]	Reviewed duplicate-topic normalization requested by the repository owner
normalize-duplicate-i-400-submarines	active	creation	exact	i-400-submarines	i-400-class	I-400-class submarine	["I 400 Submarines"]	Reviewed duplicate-topic normalization requested by the repository owner
normalize-duplicate-hms-agin-court	active	creation	exact	hms-agin-court	hms-agincourt	HMS Agincourt	["HMS Agin Court"]	Reviewed duplicate-topic normalization requested by the repository owner
normalize-duplicate-turboelectric-drive	active	creation	exact	turboelectric-drive	turbo-electric-drive	Turbo-Electric Drive	["Turboelectric Drive"]	Reviewed duplicate-topic normalization requested by the repository owner
normalize-duplicate-fireships	active	creation	exact	fireships	fire-ships	Fire Ships	["Fireships"]	Reviewed duplicate-topic normalization requested by the repository owner
normalize-duplicate-predreadnought-battleships	active	creation	exact	predreadnought-battleships	pre-dreadnought-battleships	Pre-Dreadnought Battleships	["Predreadnought Battleships"]	Reviewed duplicate-topic normalization requested by the repository owner
normalize-duplicate-floating-drydocks	active	creation	exact	floating-drydocks	floating-dry-docks	Floating Dry Docks	["Floating Drydocks"]	Reviewed duplicate-topic normalization requested by the repository owner
normalize-duplicate-shipbreaking	active	creation	exact	shipbreaking	ship-breaking	Ship Breaking	["Shipbreaking"]	Reviewed duplicate-topic normalization requested by the repository owner
normalize-duplicate-noncommissioned-officers	active	creation	exact	noncommissioned-officers	non-commissioned-officers	Non-Commissioned Officers	["Noncommissioned Officers"]	Reviewed duplicate-topic normalization requested by the repository owner
normalize-duplicate-sea-lift	active	creation	exact	sea-lift	sealift	Sealift	["Sea Lift"]	Reviewed duplicate-topic normalization requested by the repository owner
normalize-duplicate-battlefleet	active	creation	exact	battlefleet	battle-fleet	Battle Fleet	["Battlefleet"]	Reviewed duplicate-topic normalization requested by the repository owner
normalize-duplicate-ddgx	active	creation	exact	ddgx	ddg-x	DDG(X)	["Ddgx"]	Reviewed duplicate-topic normalization requested by the repository owner
normalize-duplicate-south-east-asia	active	creation	exact	south-east-asia	southeast-asia	Southeast Asia	["South East Asia"]	Reviewed duplicate-topic normalization requested by the repository owner
normalize-duplicate-naval-airpower	active	creation	exact	naval-airpower	naval-air-power	Naval Air Power	["Naval Airpower"]	Reviewed duplicate-topic normalization requested by the repository owner
normalize-duplicate-multirole-aircraft	active	creation	exact	multirole-aircraft	multi-role-aircraft	Multi-Role Aircraft	["Multirole Aircraft"]	Reviewed duplicate-topic normalization requested by the repository owner
normalize-duplicate-troop-ships	active	creation	exact	troop-ships	troopships	Troopships	["Troop Ships"]	Reviewed duplicate-topic normalization requested by the repository owner
normalize-duplicate-multicarrier-operations	active	creation	exact	multicarrier-operations	multi-carrier-operations	Multi-Carrier Operations	["Multicarrier Operations"]	Reviewed duplicate-topic normalization requested by the repository owner
normalize-duplicate-world-building	active	creation	exact	world-building	worldbuilding	Worldbuilding	["World Building"]	Reviewed duplicate-topic normalization requested by the repository owner
normalize-duplicate-guardships	active	creation	exact	guardships	guard-ships	Guard Ships	["Guardships"]	Reviewed duplicate-topic normalization requested by the repository owner
normalize-duplicate-wei-hai-wei	active	creation	exact	wei-hai-wei	weihaiwei	Weihaiwei	["Wei Hai Wei"]	Reviewed duplicate-topic normalization requested by the repository owner
normalize-duplicate-uss-lexington-cv2	active	creation	exact	uss-lexington-cv2	uss-lexington-cv-2	USS Lexington (CV-2)	["USS Lexington Cv2"]	Reviewed duplicate-topic normalization requested by the repository owner
normalize-duplicate-doggerbank	active	creation	exact	doggerbank	dogger-bank	Dogger Bank	["Doggerbank"]	Reviewed duplicate-topic normalization requested by the repository owner
normalize-duplicate-breechloading-guns	active	creation	exact	breechloading-guns	breech-loading-guns	Breech-Loading Guns	["Breechloading Guns"]	Reviewed duplicate-topic normalization requested by the repository owner
normalize-duplicate-airbases	active	creation	exact	airbases	air-bases	Air Bases	["Airbases"]	Reviewed duplicate-topic normalization requested by the repository owner
normalize-duplicate-datalinks	active	creation	exact	datalinks	data-links	Data Links	["Datalinks"]	Reviewed duplicate-topic normalization requested by the repository owner
normalize-duplicate-cyber-security	active	creation	exact	cyber-security	cybersecurity	Cybersecurity	["Cyber Security"]	Reviewed duplicate-topic normalization requested by the repository owner
normalize-duplicate-uboat-campaign	active	creation	exact	uboat-campaign	u-boat-campaign	U-Boat Campaign	["Uboat Campaign"]	Reviewed duplicate-topic normalization requested by the repository owner
normalize-duplicate-p-1154	active	creation	exact	p-1154	hawker-siddeley-p1154	Hawker Siddeley P.1154	["P 1154"]	Reviewed duplicate-topic normalization requested by the repository owner
normalize-duplicate-p1154	active	creation	exact	p1154	hawker-siddeley-p1154	Hawker Siddeley P.1154	["P1154"]	Reviewed duplicate-topic normalization requested by the repository owner
normalize-duplicate-hawker-p1154	active	creation	exact	hawker-p1154	hawker-siddeley-p1154	Hawker Siddeley P.1154	["Hawker P1154"]	Reviewed duplicate-topic normalization requested by the repository owner
normalize-duplicate-mine-laying-submarines	active	creation	exact	mine-laying-submarines	minelaying-submarines	Minelaying Submarines	["Mine Laying Submarines"]	Reviewed duplicate-topic normalization requested by the repository owner
normalize-duplicate-steam-gunboats	active	creation	exact	steam-gunboats	steam-gun-boats	Steam Gun Boats	["Steam Gunboats"]	Reviewed duplicate-topic normalization requested by the repository owner
normalize-duplicate-is-oroku-yamamoto	active	creation	exact	is-oroku-yamamoto	isoroku-yamamoto	Isoroku Yamamoto	["Is Oroku Yamamoto"]	Reviewed duplicate-topic normalization requested by the repository owner
normalize-duplicate-battle-carriers	active	creation	exact	battle-carriers	battlecarriers	Battlecarriers	["Battle Carriers"]	Reviewed duplicate-topic normalization requested by the repository owner
normalize-duplicate-crowsnest	active	creation	exact	crowsnest	crows-nest	Crow’s Nest	["Crowsnest"]	Reviewed duplicate-topic normalization requested by the repository owner
normalize-duplicate-counter-flooding	active	creation	exact	counter-flooding	counterflooding	Counterflooding	["Counter Flooding"]	Reviewed duplicate-topic normalization requested by the repository owner
normalize-duplicate-wolf-pack-tactics	active	creation	exact	wolf-pack-tactics	wolfpack-tactics	Wolfpack Tactics	["Wolf Pack Tactics"]	Reviewed duplicate-topic normalization requested by the repository owner
normalize-duplicate-storeships	active	creation	exact	storeships	store-ships	Store Ships	["Storeships"]	Reviewed duplicate-topic normalization requested by the repository owner
normalize-duplicate-wolf-packs	active	creation	exact	wolf-packs	wolfpacks	Wolfpacks	["Wolf Packs"]	Reviewed duplicate-topic normalization requested by the repository owner
normalize-duplicate-uss-hornet-cv8	active	creation	exact	uss-hornet-cv8	uss-hornet-cv-8	USS Hornet (CV-8)	["USS Hornet Cv8"]	Reviewed duplicate-topic normalization requested by the repository owner
normalize-duplicate-supercruisers	active	creation	exact	supercruisers	super-cruisers	Super Cruisers	["Supercruisers"]	Reviewed duplicate-topic normalization requested by the repository owner
normalize-duplicate-starshell	active	creation	exact	starshell	star-shell	Star Shell	["Starshell"]	Reviewed duplicate-topic normalization requested by the repository owner
normalize-duplicate-stand-off-weapons	active	creation	exact	stand-off-weapons	standoff-weapons	Standoff Weapons	["Stand Off Weapons"]	Reviewed duplicate-topic normalization requested by the repository owner
normalize-duplicate-simonstown	active	creation	exact	simonstown	simons-town	Simon’s Town	["Simonstown"]	Reviewed duplicate-topic normalization requested by the repository owner
normalize-duplicate-sea-slug-missile	active	creation	exact	sea-slug-missile	seaslug-missile	Seaslug Missile	["Sea Slug Missile"]	Reviewed duplicate-topic normalization requested by the repository owner
normalize-duplicate-multirole-warships	active	creation	exact	multirole-warships	multi-role-warships	Multi-Role Warships	["Multirole Warships"]	Reviewed duplicate-topic normalization requested by the repository owner
normalize-duplicate-multirole-support-ships	active	creation	exact	multirole-support-ships	multi-role-support-ships	Multi-Role Support Ships	["Multirole Support Ships"]	Reviewed duplicate-topic normalization requested by the repository owner
normalize-duplicate-maritime-airpower	active	creation	exact	maritime-airpower	maritime-air-power	Maritime Air Power	["Maritime Airpower"]	Reviewed duplicate-topic normalization requested by the repository owner
normalize-duplicate-janes-fighting-ships	active	creation	exact	janes-fighting-ships	jane-s-fighting-ships	Jane’s Fighting Ships	["Janes Fighting Ships"]	Reviewed duplicate-topic normalization requested by the repository owner
normalize-duplicate-allied-airpower	active	creation	exact	allied-airpower	allied-air-power	Allied Air Power	["Allied Airpower"]	Reviewed duplicate-topic normalization requested by the repository owner
normalize-duplicate-tsr2	active	creation	exact	tsr2	tsr-2	BAC TSR-2	["Tsr2"]	Reviewed duplicate-topic normalization requested by the repository owner
normalize-duplicate-thames-iron-works	active	creation	exact	thames-iron-works	thames-ironworks	Thames Ironworks	["Thames Iron Works"]	Reviewed duplicate-topic normalization requested by the repository owner
normalize-duplicate-sea-ram	active	creation	exact	sea-ram	searam	SeaRAM	["Sea Ram"]	Reviewed duplicate-topic normalization requested by the repository owner
normalize-duplicate-seacat-missile	active	creation	exact	seacat-missile	sea-cat-missile	Sea Cat Missile	["Seacat Missile"]	Reviewed duplicate-topic normalization requested by the repository owner
normalize-duplicate-saunders-roe-sr-a1	active	creation	exact	saunders-roe-sr-a1	saunders-roe-sr-a-1	Saunders-Roe SR.A/1	["Saunders Roe Sr A1"]	Reviewed duplicate-topic normalization requested by the repository owner
normalize-duplicate-saunders-roe-sra1	active	creation	exact	saunders-roe-sra1	saunders-roe-sr-a-1	Saunders-Roe SR.A/1	["Saunders Roe Sra1"]	Reviewed duplicate-topic normalization requested by the repository owner
normalize-duplicate-salt-water-corrosion	active	creation	exact	salt-water-corrosion	saltwater-corrosion	Saltwater Corrosion	["Salt Water Corrosion"]	Reviewed duplicate-topic normalization requested by the repository owner
normalize-duplicate-range-finding	active	creation	exact	range-finding	rangefinding	Rangefinding	["Range Finding"]	Reviewed duplicate-topic normalization requested by the repository owner
normalize-duplicate-hfdf	active	creation	exact	hfdf	hf-df	HF/DF	["Hfdf"]	Reviewed duplicate-topic normalization requested by the repository owner
normalize-duplicate-du-puy-de-lome	active	creation	exact	du-puy-de-lome	dupuy-de-lome	Dupuy de Lôme	["Du Puy De Lome"]	Reviewed duplicate-topic normalization requested by the repository owner
normalize-duplicate-carrier-airpower	active	creation	exact	carrier-airpower	carrier-air-power	Carrier Air Power	["Carrier Airpower"]	Reviewed duplicate-topic normalization requested by the repository owner
normalize-duplicate-alanbrooke	active	creation	exact	alanbrooke	alan-brooke	Alan Brooke	["Alanbrooke"]	Reviewed duplicate-topic normalization requested by the repository owner
normalize-duplicate-uboat-war	active	creation	exact	uboat-war	u-boat-war	U-Boat War	["Uboat War"]	Reviewed duplicate-topic normalization requested by the repository owner
normalize-duplicate-type-xxi-uboat	active	creation	exact	type-xxi-uboat	type-xxi-u-boat	Type XXI U-Boat	["Type Xxi Uboat"]	Reviewed duplicate-topic normalization requested by the repository owner
normalize-duplicate-type-xxi-u-boats	active	creation	exact	type-xxi-u-boats	type-xxi-u-boat	Type XXI U-Boat	["Type Xxi U Boats"]	Reviewed duplicate-topic normalization requested by the repository owner
normalize-duplicate-type-xxi-submarine	active	creation	exact	type-xxi-submarine	type-xxi-u-boat	Type XXI U-Boat	["Type Xxi Submarine"]	Reviewed duplicate-topic normalization requested by the repository owner
normalize-duplicate-type-xxi-submarines	active	creation	exact	type-xxi-submarines	type-xxi-u-boat	Type XXI U-Boat	["Type Xxi Submarines"]	Reviewed duplicate-topic normalization requested by the repository owner
normalize-duplicate-type-xxi	active	creation	exact	type-xxi	type-xxi-u-boat	Type XXI U-Boat	["Type Xxi"]	Reviewed duplicate-topic normalization requested by the repository owner
normalize-duplicate-supermarine-sea-fang	active	creation	exact	supermarine-sea-fang	supermarine-seafang	Supermarine Seafang	["Supermarine Sea Fang"]	Reviewed duplicate-topic normalization requested by the repository owner
normalize-duplicate-ship-lifecycles	active	creation	exact	ship-lifecycles	ship-life-cycles	Ship Life Cycles	["Ship Lifecycles"]	Reviewed duplicate-topic normalization requested by the repository owner
normalize-duplicate-pang	active	creation	exact	pang	pa-ng	PA-NG	["Pang"]	Reviewed duplicate-topic normalization requested by the repository owner
normalize-duplicate-operation-stone-age	active	creation	exact	operation-stone-age	operation-stoneage	Operation Stoneage	["Operation Stone Age"]	Reviewed duplicate-topic normalization requested by the repository owner
normalize-duplicate-operation-ago	active	creation	exact	operation-ago	operation-a-go	Operation A-Go	["Operation Ago"]	Reviewed duplicate-topic normalization requested by the repository owner
normalize-duplicate-multidomain-operations	active	creation	exact	multidomain-operations	multi-domain-operations	Multi-Domain Operations	["Multidomain Operations"]	Reviewed duplicate-topic normalization requested by the repository owner
normalize-duplicate-mother-ships	active	creation	exact	mother-ships	motherships	Motherships	["Mother Ships"]	Reviewed duplicate-topic normalization requested by the repository owner
normalize-duplicate-jfc-fuller	active	creation	exact	jfc-fuller	j-f-c-fuller	J. F. C. Fuller	["Jfc Fuller"]	Reviewed duplicate-topic normalization requested by the repository owner
normalize-duplicate-imam-ro43	active	creation	exact	imam-ro43	imam-ro-43	IMAM Ro.43	["Imam Ro43"]	Reviewed duplicate-topic normalization requested by the repository owner
normalize-duplicate-we177	active	creation	exact	we177	we-177	WE.177	["We177"]	Reviewed duplicate-topic normalization requested by the repository owner
normalize-duplicate-warship-lifecycles	active	creation	exact	warship-lifecycles	warship-life-cycles	Warship Life Cycles	["Warship Lifecycles"]	Reviewed duplicate-topic normalization requested by the repository owner
normalize-duplicate-pre-positioned-equipment	active	creation	exact	pre-positioned-equipment	prepositioned-equipment	Prepositioned Equipment	["Pre Positioned Equipment"]	Reviewed duplicate-topic normalization requested by the repository owner
normalize-duplicate-parnall-g4-31	active	creation	exact	parnall-g4-31	parnall-g-4-31	Parnall G.4/31	["Parnall G4 31"]	Reviewed duplicate-topic normalization requested by the repository owner
normalize-duplicate-parnall-g431	active	creation	exact	parnall-g431	parnall-g-4-31	Parnall G.4/31	["Parnall G431"]	Reviewed duplicate-topic normalization requested by the repository owner
normalize-duplicate-p-139b	active	creation	exact	p-139b	hawker-siddeley-p139b	Hawker Siddeley P.139B	["P 139b"]	Reviewed duplicate-topic normalization requested by the repository owner
normalize-duplicate-p139b	active	creation	exact	p139b	hawker-siddeley-p139b	Hawker Siddeley P.139B	["P139b"]	Reviewed duplicate-topic normalization requested by the repository owner
normalize-duplicate-p-139-aircraft	active	creation	exact	p-139-aircraft	hawker-siddeley-p139b	Hawker Siddeley P.139B	["P 139 Aircraft"]	Reviewed duplicate-topic normalization requested by the repository owner
normalize-duplicate-hawker-siddeley-p139	active	creation	exact	hawker-siddeley-p139	hawker-siddeley-p139b	Hawker Siddeley P.139B	["Hawker Siddeley P139"]	Reviewed duplicate-topic normalization requested by the repository owner
normalize-duplicate-o21-class	active	creation	exact	o21-class	o-21-class	O 21 Class	["O21 Class"]	Reviewed duplicate-topic normalization requested by the repository owner
normalize-duplicate-multipurpose-support-ships	active	creation	exact	multipurpose-support-ships	multi-purpose-support-ships	Multi-Purpose Support Ships	["Multipurpose Support Ships"]	Reviewed duplicate-topic normalization requested by the repository owner
normalize-duplicate-freshwater	active	creation	exact	freshwater	fresh-water	Fresh Water	["Freshwater"]	Reviewed duplicate-topic normalization requested by the repository owner
normalize-duplicate-fiat-rs14	active	creation	exact	fiat-rs14	fiat-rs-14	Fiat RS.14	["Fiat Rs14"]	Reviewed duplicate-topic normalization requested by the repository owner
normalize-duplicate-dk-brown	active	creation	exact	dk-brown	d-k-brown	D. K. Brown	["Dk Brown"]	Reviewed duplicate-topic normalization requested by the repository owner
normalize-duplicate-blackburn-b3	active	creation	exact	blackburn-b3	blackburn-b-3	Blackburn B-3	["Blackburn B3"]	Reviewed duplicate-topic normalization requested by the repository owner
normalize-duplicate-antifouling	active	creation	exact	antifouling	anti-fouling	Anti-Fouling	["Antifouling"]	Reviewed duplicate-topic normalization requested by the repository owner
normalize-duplicate-aav-7	active	creation	exact	aav-7	aav7	AAV7	["Aav 7"]	Reviewed duplicate-topic normalization requested by the repository owner
normalize-duplicate-a-150-class	active	creation	exact	a-150-class	a-150	Design A-150	["A 150 Class"]	Reviewed duplicate-topic normalization requested by the repository owner
normalize-duplicate-a-150-battleship	active	creation	exact	a-150-battleship	a-150	Design A-150	["A 150 Battleship"]	Reviewed duplicate-topic normalization requested by the repository owner
normalize-duplicate-a150-battleship	active	creation	exact	a150-battleship	a-150	Design A-150	["A150 Battleship"]	Reviewed duplicate-topic normalization requested by the repository owner
normalize-duplicate-abdacom	active	creation	exact	abdacom	abda-command	ABDA Command	["ABDACOM"]	Reviewed duplicate-topic normalization requested by the repository owner
normalize-duplicate-uncrewed-combat-aircraft	active	creation	exact	uncrewed-combat-aircraft	ucav	UCAV	["Uncrewed Combat Aircraft"]	Reviewed duplicate-topic normalization requested by the repository owner
normalize-duplicate-extra-large-uuv	active	creation	exact	extra-large-uuv	xluuv	XLUUV	["Extra Large UUV"]	Reviewed duplicate-topic normalization requested by the repository owner
normalize-duplicate-v-1	active	creation	exact	v-1	v-1-flying-bomb	V-1 Flying Bomb	["V 1"]	Reviewed duplicate-topic normalization requested by the repository owner
normalize-duplicate-v-2	active	creation	exact	v-2	v-2-rocket	V-2 Rocket	["V 2"]	Reviewed duplicate-topic normalization requested by the repository owner
normalize-duplicate-v-2-rockets	active	creation	exact	v-2-rockets	v-2-rocket	V-2 Rocket	["V 2 Rockets"]	Reviewed duplicate-topic normalization requested by the repository owner
normalize-duplicate-vertical-takeoff-aircraft	active	creation	exact	vertical-takeoff-aircraft	vtol-aircraft	VTOL Aircraft	["Vertical Takeoff Aircraft"]	Reviewed duplicate-topic normalization requested by the repository owner
normalize-duplicate-vertical-takeoff-and-landing	active	creation	exact	vertical-takeoff-and-landing	vtol-aircraft	VTOL Aircraft	["Vertical Takeoff And Landing"]	Reviewed duplicate-topic normalization requested by the repository owner
normalize-duplicate-n3-battleship	active	creation	exact	n3-battleship	n3-class-battleships	N3 Class Battleships	["N3 Battleship"]	Reviewed duplicate-topic normalization requested by the repository owner
normalize-duplicate-n3-battleships	active	creation	exact	n3-battleships	n3-class-battleships	N3 Class Battleships	["N3 Battleships"]	Reviewed duplicate-topic normalization requested by the repository owner
normalize-duplicate-n3-class	active	creation	exact	n3-class	n3-class-battleships	N3 Class Battleships	["N3 Class"]	Reviewed duplicate-topic normalization requested by the repository owner
normalize-duplicate-n3-battleship-design	active	creation	exact	n3-battleship-design	n3-class-battleships	N3 Class Battleships	["N3 Battleship Design"]	Reviewed duplicate-topic normalization requested by the repository owner
normalize-duplicate-queen-elizabeth-class-aircraft-carrier	active	creation	exact	queen-elizabeth-class-aircraft-carrier	queen-elizabeth-class-aircraft-carriers	Queen Elizabeth Class Aircraft Carriers	["Queen Elizabeth Class Aircraft Carrier"]	Reviewed duplicate-topic normalization requested by the repository owner
normalize-duplicate-queen-elizabeth-class-carrier	active	creation	exact	queen-elizabeth-class-carrier	queen-elizabeth-class-aircraft-carriers	Queen Elizabeth Class Aircraft Carriers	["Queen Elizabeth Class Carrier"]	Reviewed duplicate-topic normalization requested by the repository owner
normalize-duplicate-queen-elizabeth-class-carriers	active	creation	exact	queen-elizabeth-class-carriers	queen-elizabeth-class-aircraft-carriers	Queen Elizabeth Class Aircraft Carriers	["Queen Elizabeth Class Carriers"]	Reviewed duplicate-topic normalization requested by the repository owner
normalize-duplicate-queen-elizabeth-class-battleship	active	creation	exact	queen-elizabeth-class-battleship	queen-elizabeth-class-battleships	Queen Elizabeth Class Battleships	["Queen Elizabeth Class Battleship"]	Reviewed duplicate-topic normalization requested by the repository owner
normalize-duplicate-ub-iii-class	active	creation	exact	ub-iii-class	type-ub-iii-submarine	Type UB III Submarine	["Ub III Class"]	Reviewed duplicate-topic normalization requested by the repository owner
normalize-duplicate-ub-iii-submarine	active	creation	exact	ub-iii-submarine	type-ub-iii-submarine	Type UB III Submarine	["Ub III Submarine"]	Reviewed duplicate-topic normalization requested by the repository owner
normalize-duplicate-uc-ii-class	active	creation	exact	uc-ii-class	type-uc-ii-submarine	Type UC II Submarine	["Uc II Class"]	Reviewed duplicate-topic normalization requested by the repository owner
normalize-duplicate-uc-iii-submarine	active	creation	exact	uc-iii-submarine	type-uc-iii-submarine	Type UC III Submarine	["Uc III Submarine"]	Reviewed duplicate-topic normalization requested by the repository owner
normalize-duplicate-type-xxiii-submarines	active	creation	exact	type-xxiii-submarines	type-xxiii-submarine	Type XXIII Submarine	["Type Xxiii Submarines"]	Reviewed duplicate-topic normalization requested by the repository owner
review-contextual-queen-elizabeth-class	review	creation	exact	queen-elizabeth-class	queen-elizabeth-class	Queen Elizabeth Class	[]	Context-dependent identity; current references were reviewed individually and future uses must not auto-merge
review-contextual-uss-bainbridge	review	creation	exact	uss-bainbridge	uss-bainbridge	USS Bainbridge	[]	Context-dependent identity; current references were reviewed individually and future uses must not auto-merge
review-contextual-uss-enterprise	review	creation	exact	uss-enterprise	uss-enterprise	USS Enterprise	[]	Context-dependent identity; current references were reviewed individually and future uses must not auto-merge
review-contextual-uss-hornet	review	creation	exact	uss-hornet	uss-hornet	USS Hornet	[]	Context-dependent identity; current references were reviewed individually and future uses must not auto-merge
review-contextual-uss-indianapolis	review	creation	exact	uss-indianapolis	uss-indianapolis	USS Indianapolis	[]	Context-dependent identity; current references were reviewed individually and future uses must not auto-merge
review-contextual-uss-lexington	review	creation	exact	uss-lexington	uss-lexington	USS Lexington	[]	Context-dependent identity; current references were reviewed individually and future uses must not auto-merge
review-contextual-uss-long-beach	review	creation	exact	uss-long-beach	uss-long-beach	USS Long Beach	[]	Context-dependent identity; current references were reviewed individually and future uses must not auto-merge
review-contextual-uss-missouri	review	creation	exact	uss-missouri	uss-missouri	USS Missouri	[]	Context-dependent identity; current references were reviewed individually and future uses must not auto-merge
review-contextual-uss-nashville	review	creation	exact	uss-nashville	uss-nashville	USS Nashville	[]	Context-dependent identity; current references were reviewed individually and future uses must not auto-merge
review-contextual-uss-phoenix	review	creation	exact	uss-phoenix	uss-phoenix	USS Phoenix	[]	Context-dependent identity; current references were reviewed individually and future uses must not auto-merge
review-contextual-uss-ranger	review	creation	exact	uss-ranger	uss-ranger	USS Ranger	[]	Context-dependent identity; current references were reviewed individually and future uses must not auto-merge
review-contextual-uss-saratoga	review	creation	exact	uss-saratoga	uss-saratoga	USS Saratoga	[]	Context-dependent identity; current references were reviewed individually and future uses must not auto-merge
review-contextual-uss-seawolf	review	creation	exact	uss-seawolf	uss-seawolf	USS Seawolf	[]	Context-dependent identity; current references were reviewed individually and future uses must not auto-merge
review-contextual-uss-texas	review	creation	exact	uss-texas	uss-texas	USS Texas	[]	Context-dependent identity; current references were reviewed individually and future uses must not auto-merge
review-contextual-uss-united-states	review	creation	exact	uss-united-states	uss-united-states	USS United States	[]	Context-dependent identity; current references were reviewed individually and future uses must not auto-merge
review-contextual-uss-wasp	review	creation	exact	uss-wasp	uss-wasp	USS Wasp	[]	Context-dependent identity; current references were reviewed individually and future uses must not auto-merge
review-contextual-uss-yorktown	review	creation	exact	uss-yorktown	uss-yorktown	USS Yorktown	[]	Context-dependent identity; current references were reviewed individually and future uses must not auto-merge
display-reviewed-anti-submarine-warfare	active	display	exact	anti-submarine-warfare	anti-submarine-warfare	Anti-Submarine Warfare	["ASW","anti-submarine","Antisubmarine Warfare"]	Reviewed duplicate-topic normalization requested by the repository owner
display-reviewed-anti-aircraft-warfare	active	display	exact	anti-aircraft-warfare	anti-aircraft-warfare	Anti-Aircraft Warfare	["Antiaircraft Warfare"]	Reviewed duplicate-topic normalization requested by the repository owner
display-reviewed-pre-dreadnoughts	active	display	exact	pre-dreadnoughts	pre-dreadnoughts	Pre-Dreadnoughts	["Predreadnoughts"]	Reviewed duplicate-topic normalization requested by the repository owner
display-reviewed-cva-01	active	display	exact	cva-01	cva-01	CVA-01	["CV A 01"]	Reviewed duplicate-topic normalization requested by the repository owner
display-reviewed-dry-docks	active	display	exact	dry-docks	dry-docks	Dry Docks	["Drydocks"]	Reviewed duplicate-topic normalization requested by the repository owner
display-reviewed-air-power	active	display	exact	air-power	air-power	Air Power	["Airpower"]	Reviewed duplicate-topic normalization requested by the repository owner
display-reviewed-railguns	active	display	exact	railguns	railguns	Railguns	["Rail Guns","Railgun"]	Reviewed duplicate-topic normalization requested by the repository owner
display-reviewed-seakeeping	active	display	exact	seakeeping	seakeeping	Seakeeping	["Sea Keeping"]	Reviewed duplicate-topic normalization requested by the repository owner
display-reviewed-interservice-rivalry	active	display	exact	interservice-rivalry	interservice-rivalry	Interservice Rivalry	["Inter Service Rivalry"]	Reviewed duplicate-topic normalization requested by the repository owner
display-reviewed-d-day	active	display	exact	d-day	d-day	D-Day	["Dday"]	Reviewed duplicate-topic normalization requested by the repository owner
display-reviewed-naval-wargaming	active	display	exact	naval-wargaming	naval-wargaming	Naval Wargaming	["Naval War Gaming"]	Reviewed duplicate-topic normalization requested by the repository owner
display-reviewed-motor-gun-boats	active	display	exact	motor-gun-boats	motor-gun-boats	Motor Gun Boats	["Motor Gunboats"]	Reviewed duplicate-topic normalization requested by the repository owner
display-reviewed-battle-of-the-philippine-sea	active	display	exact	battle-of-the-philippine-sea	battle-of-the-philippine-sea	Battle of the Philippine Sea	["Battle of Philippine Sea","Great Marianas Turkey Shoot","Marianas Turkey Shoot"]	Reviewed duplicate-topic normalization requested by the repository owner
display-reviewed-operation-sea-lion	active	display	exact	operation-sea-lion	operation-sea-lion	Operation Sea Lion	["Operation Sealion"]	Reviewed duplicate-topic normalization requested by the repository owner
display-reviewed-uss-enterprise-cv-6	active	display	exact	uss-enterprise-cv-6	uss-enterprise-cv-6	USS Enterprise (CV-6)	["USS Enterprise CV6"]	Reviewed duplicate-topic normalization requested by the repository owner
display-reviewed-hmas-sydney	active	display	exact	hmas-sydney	hmas-sydney	HMAS Sydney	["Hmassydney"]	Reviewed duplicate-topic normalization requested by the repository owner
display-reviewed-wargaming	active	display	exact	wargaming	wargaming	Wargaming	["War Gaming"]	Reviewed duplicate-topic normalization requested by the repository owner
display-reviewed-vstol-aircraft	active	display	exact	vstol-aircraft	vstol-aircraft	V/STOL Aircraft	["VSTOL Aircraft","Vertical/Short Take-Off and Landing Aircraft","Vstol","Vertical Short Takeoff And Landing"]	Reviewed duplicate-topic normalization requested by the repository owner
display-reviewed-ship-handling	active	display	exact	ship-handling	ship-handling	Ship Handling	["Shiphandling"]	Reviewed duplicate-topic normalization requested by the repository owner
display-reviewed-people-s-liberation-army-navy	active	display	exact	people-s-liberation-army-navy	people-s-liberation-army-navy	People’s Liberation Army Navy	["Peoples Liberation Army Navy"]	Reviewed duplicate-topic normalization requested by the repository owner
display-reviewed-i-400-class	active	display	exact	i-400-class	i-400-class	I-400-class submarine	["I-400 Class","I400 Class","I-400 Submarines","I 400 Class Submarines","I 400 Submarine"]	Reviewed duplicate-topic normalization requested by the repository owner
display-reviewed-hms-agincourt	active	display	exact	hms-agincourt	hms-agincourt	HMS Agincourt	["HMS Agin Court"]	Reviewed duplicate-topic normalization requested by the repository owner
display-reviewed-turbo-electric-drive	active	display	exact	turbo-electric-drive	turbo-electric-drive	Turbo-Electric Drive	["Turboelectric Drive"]	Reviewed duplicate-topic normalization requested by the repository owner
display-reviewed-fire-ships	active	display	exact	fire-ships	fire-ships	Fire Ships	["Fireships"]	Reviewed duplicate-topic normalization requested by the repository owner
display-reviewed-pre-dreadnought-battleships	active	display	exact	pre-dreadnought-battleships	pre-dreadnought-battleships	Pre-Dreadnought Battleships	["Predreadnought Battleships"]	Reviewed duplicate-topic normalization requested by the repository owner
display-reviewed-floating-dry-docks	active	display	exact	floating-dry-docks	floating-dry-docks	Floating Dry Docks	["Floating Drydocks"]	Reviewed duplicate-topic normalization requested by the repository owner
display-reviewed-ship-breaking	active	display	exact	ship-breaking	ship-breaking	Ship Breaking	["Shipbreaking"]	Reviewed duplicate-topic normalization requested by the repository owner
display-reviewed-non-commissioned-officers	active	display	exact	non-commissioned-officers	non-commissioned-officers	Non-Commissioned Officers	["Noncommissioned Officers"]	Reviewed duplicate-topic normalization requested by the repository owner
display-reviewed-sealift	active	display	exact	sealift	sealift	Sealift	["Sea Lift"]	Reviewed duplicate-topic normalization requested by the repository owner
display-reviewed-battle-fleet	active	display	exact	battle-fleet	battle-fleet	Battle Fleet	["Battlefleet"]	Reviewed duplicate-topic normalization requested by the repository owner
display-reviewed-ddg-x	active	display	exact	ddg-x	ddg-x	DDG(X)	["Ddgx"]	Reviewed duplicate-topic normalization requested by the repository owner
display-reviewed-southeast-asia	active	display	exact	southeast-asia	southeast-asia	Southeast Asia	["South East Asia"]	Reviewed duplicate-topic normalization requested by the repository owner
display-reviewed-naval-air-power	active	display	exact	naval-air-power	naval-air-power	Naval Air Power	["Naval Airpower"]	Reviewed duplicate-topic normalization requested by the repository owner
display-reviewed-multi-role-aircraft	active	display	exact	multi-role-aircraft	multi-role-aircraft	Multi-Role Aircraft	["Multirole Aircraft"]	Reviewed duplicate-topic normalization requested by the repository owner
display-reviewed-troopships	active	display	exact	troopships	troopships	Troopships	["Troop Ships"]	Reviewed duplicate-topic normalization requested by the repository owner
display-reviewed-multi-carrier-operations	active	display	exact	multi-carrier-operations	multi-carrier-operations	Multi-Carrier Operations	["Multicarrier Operations"]	Reviewed duplicate-topic normalization requested by the repository owner
display-reviewed-worldbuilding	active	display	exact	worldbuilding	worldbuilding	Worldbuilding	["World Building"]	Reviewed duplicate-topic normalization requested by the repository owner
display-reviewed-guard-ships	active	display	exact	guard-ships	guard-ships	Guard Ships	["Guardships"]	Reviewed duplicate-topic normalization requested by the repository owner
display-reviewed-weihaiwei	active	display	exact	weihaiwei	weihaiwei	Weihaiwei	["Wei Hai Wei"]	Reviewed duplicate-topic normalization requested by the repository owner
display-reviewed-uss-lexington-cv-2	active	display	exact	uss-lexington-cv-2	uss-lexington-cv-2	USS Lexington (CV-2)	["USS Lexington CV2"]	Reviewed duplicate-topic normalization requested by the repository owner
display-reviewed-dogger-bank	active	display	exact	dogger-bank	dogger-bank	Dogger Bank	["Doggerbank"]	Reviewed duplicate-topic normalization requested by the repository owner
display-reviewed-breech-loading-guns	active	display	exact	breech-loading-guns	breech-loading-guns	Breech-Loading Guns	["Breechloading Guns"]	Reviewed duplicate-topic normalization requested by the repository owner
display-reviewed-air-bases	active	display	exact	air-bases	air-bases	Air Bases	["Airbases"]	Reviewed duplicate-topic normalization requested by the repository owner
display-reviewed-data-links	active	display	exact	data-links	data-links	Data Links	["Datalinks"]	Reviewed duplicate-topic normalization requested by the repository owner
display-reviewed-cybersecurity	active	display	exact	cybersecurity	cybersecurity	Cybersecurity	["Cyber Security"]	Reviewed duplicate-topic normalization requested by the repository owner
display-reviewed-u-boat-campaign	active	display	exact	u-boat-campaign	u-boat-campaign	U-Boat Campaign	["Uboat Campaign"]	Reviewed duplicate-topic normalization requested by the repository owner
display-reviewed-hawker-siddeley-p1154	active	display	exact	hawker-siddeley-p1154	hawker-siddeley-p1154	Hawker Siddeley P.1154	["P.1154","P1154","Hawker P.1154","Hawker P1154","Hawker Siddeley P1154"]	Reviewed duplicate-topic normalization requested by the repository owner
display-reviewed-minelaying-submarines	active	display	exact	minelaying-submarines	minelaying-submarines	Minelaying Submarines	["Mine Laying Submarines"]	Reviewed duplicate-topic normalization requested by the repository owner
display-reviewed-steam-gun-boats	active	display	exact	steam-gun-boats	steam-gun-boats	Steam Gun Boats	["Steam Gunboats"]	Reviewed duplicate-topic normalization requested by the repository owner
display-reviewed-isoroku-yamamoto	active	display	exact	isoroku-yamamoto	isoroku-yamamoto	Isoroku Yamamoto	["Is Oroku Yamamoto","Yamamoto Isoroku","Yamamoto","Isooroku Yamamoto","Isokoroku Yamamoto","Isokoru Yamamoto","Isoku Yamamoto"]	Reviewed duplicate-topic normalization requested by the repository owner
display-reviewed-battlecarriers	active	display	exact	battlecarriers	battlecarriers	Battlecarriers	["Battle Carriers"]	Reviewed duplicate-topic normalization requested by the repository owner
display-reviewed-crows-nest	active	display	exact	crows-nest	crows-nest	Crow’s Nest	["Crowsnest","Crows Nest"]	Reviewed duplicate-topic normalization requested by the repository owner
display-reviewed-counterflooding	active	display	exact	counterflooding	counterflooding	Counterflooding	["Counter Flooding"]	Reviewed duplicate-topic normalization requested by the repository owner
display-reviewed-wolfpack-tactics	active	display	exact	wolfpack-tactics	wolfpack-tactics	Wolfpack Tactics	["Wolf Pack Tactics"]	Reviewed duplicate-topic normalization requested by the repository owner
display-reviewed-store-ships	active	display	exact	store-ships	store-ships	Store Ships	["Storeships"]	Reviewed duplicate-topic normalization requested by the repository owner
display-reviewed-wolfpacks	active	display	exact	wolfpacks	wolfpacks	Wolfpacks	["Wolf Packs"]	Reviewed duplicate-topic normalization requested by the repository owner
display-reviewed-uss-hornet-cv-8	active	display	exact	uss-hornet-cv-8	uss-hornet-cv-8	USS Hornet (CV-8)	["USS Hornet CV8"]	Reviewed duplicate-topic normalization requested by the repository owner
display-reviewed-super-cruisers	active	display	exact	super-cruisers	super-cruisers	Super Cruisers	["Supercruisers"]	Reviewed duplicate-topic normalization requested by the repository owner
display-reviewed-star-shell	active	display	exact	star-shell	star-shell	Star Shell	["Starshell"]	Reviewed duplicate-topic normalization requested by the repository owner
display-reviewed-standoff-weapons	active	display	exact	standoff-weapons	standoff-weapons	Standoff Weapons	["Stand Off Weapons"]	Reviewed duplicate-topic normalization requested by the repository owner
display-reviewed-simons-town	active	display	exact	simons-town	simons-town	Simon’s Town	["Simonstown","Simons Town"]	Reviewed duplicate-topic normalization requested by the repository owner
display-reviewed-seaslug-missile	active	display	exact	seaslug-missile	seaslug-missile	Seaslug Missile	["Sea Slug Missile"]	Reviewed duplicate-topic normalization requested by the repository owner
display-reviewed-multi-role-warships	active	display	exact	multi-role-warships	multi-role-warships	Multi-Role Warships	["Multirole Warships"]	Reviewed duplicate-topic normalization requested by the repository owner
display-reviewed-multi-role-support-ships	active	display	exact	multi-role-support-ships	multi-role-support-ships	Multi-Role Support Ships	["Multirole Support Ships"]	Reviewed duplicate-topic normalization requested by the repository owner
display-reviewed-maritime-air-power	active	display	exact	maritime-air-power	maritime-air-power	Maritime Air Power	["Maritime Airpower"]	Reviewed duplicate-topic normalization requested by the repository owner
display-reviewed-jane-s-fighting-ships	active	display	exact	jane-s-fighting-ships	jane-s-fighting-ships	Jane’s Fighting Ships	["Janes Fighting Ships"]	Reviewed duplicate-topic normalization requested by the repository owner
display-reviewed-allied-air-power	active	display	exact	allied-air-power	allied-air-power	Allied Air Power	["Allied Airpower"]	Reviewed duplicate-topic normalization requested by the repository owner
display-reviewed-tsr-2	active	display	exact	tsr-2	tsr-2	BAC TSR-2	["Tsr2","Tsr 2"]	Reviewed duplicate-topic normalization requested by the repository owner
display-reviewed-thames-ironworks	active	display	exact	thames-ironworks	thames-ironworks	Thames Ironworks	["Thames Iron Works"]	Reviewed duplicate-topic normalization requested by the repository owner
display-reviewed-searam	active	display	exact	searam	searam	SeaRAM	["Sea Ram"]	Reviewed duplicate-topic normalization requested by the repository owner
display-reviewed-sea-cat-missile	active	display	exact	sea-cat-missile	sea-cat-missile	Sea Cat Missile	["Seacat Missile"]	Reviewed duplicate-topic normalization requested by the repository owner
display-reviewed-saunders-roe-sr-a-1	active	display	exact	saunders-roe-sr-a-1	saunders-roe-sr-a-1	Saunders-Roe SR.A/1	["Saunders Roe Sr A1","Saunders Roe Sra1"]	Reviewed duplicate-topic normalization requested by the repository owner
display-reviewed-saltwater-corrosion	active	display	exact	saltwater-corrosion	saltwater-corrosion	Saltwater Corrosion	["Salt Water Corrosion"]	Reviewed duplicate-topic normalization requested by the repository owner
display-reviewed-rangefinding	active	display	exact	rangefinding	rangefinding	Rangefinding	["Range Finding"]	Reviewed duplicate-topic normalization requested by the repository owner
display-reviewed-hf-df	active	display	exact	hf-df	hf-df	HF/DF	["Hfdf"]	Reviewed duplicate-topic normalization requested by the repository owner
display-reviewed-dupuy-de-lome	active	display	exact	dupuy-de-lome	dupuy-de-lome	Dupuy de Lôme	["Du Puy De Lome","Dupuy De Lome"]	Reviewed duplicate-topic normalization requested by the repository owner
display-reviewed-carrier-air-power	active	display	exact	carrier-air-power	carrier-air-power	Carrier Air Power	["Carrier Airpower"]	Reviewed duplicate-topic normalization requested by the repository owner
display-reviewed-alan-brooke	active	display	exact	alan-brooke	alan-brooke	Alan Brooke	["Alanbrooke"]	Reviewed duplicate-topic normalization requested by the repository owner
display-reviewed-u-boat-war	active	display	exact	u-boat-war	u-boat-war	U-Boat War	["Uboat War"]	Reviewed duplicate-topic normalization requested by the repository owner
display-reviewed-type-xxi-u-boat	active	display	exact	type-xxi-u-boat	type-xxi-u-boat	Type XXI U-Boat	["Type XXI Submarine","Type XXI Submarines","Type XXI U-Boats","Type Xxi Uboat","Type Xxi"]	Reviewed duplicate-topic normalization requested by the repository owner
display-reviewed-supermarine-seafang	active	display	exact	supermarine-seafang	supermarine-seafang	Supermarine Seafang	["Supermarine Sea Fang"]	Reviewed duplicate-topic normalization requested by the repository owner
display-reviewed-ship-life-cycles	active	display	exact	ship-life-cycles	ship-life-cycles	Ship Life Cycles	["Ship Lifecycles"]	Reviewed duplicate-topic normalization requested by the repository owner
display-reviewed-pa-ng	active	display	exact	pa-ng	pa-ng	PA-NG	["Pang"]	Reviewed duplicate-topic normalization requested by the repository owner
display-reviewed-operation-stoneage	active	display	exact	operation-stoneage	operation-stoneage	Operation Stoneage	["Operation Stone Age"]	Reviewed duplicate-topic normalization requested by the repository owner
display-reviewed-operation-a-go	active	display	exact	operation-a-go	operation-a-go	Operation A-Go	["Operation Ago"]	Reviewed duplicate-topic normalization requested by the repository owner
display-reviewed-multi-domain-operations	active	display	exact	multi-domain-operations	multi-domain-operations	Multi-Domain Operations	["Multidomain Operations"]	Reviewed duplicate-topic normalization requested by the repository owner
display-reviewed-motherships	active	display	exact	motherships	motherships	Motherships	["Mother Ships"]	Reviewed duplicate-topic normalization requested by the repository owner
display-reviewed-j-f-c-fuller	active	display	exact	j-f-c-fuller	j-f-c-fuller	J. F. C. Fuller	["Jfc Fuller"]	Reviewed duplicate-topic normalization requested by the repository owner
display-reviewed-we-177	active	display	exact	we-177	we-177	WE.177	["We177"]	Reviewed duplicate-topic normalization requested by the repository owner
display-reviewed-warship-life-cycles	active	display	exact	warship-life-cycles	warship-life-cycles	Warship Life Cycles	["Warship Lifecycles"]	Reviewed duplicate-topic normalization requested by the repository owner
display-reviewed-prepositioned-equipment	active	display	exact	prepositioned-equipment	prepositioned-equipment	Prepositioned Equipment	["Pre Positioned Equipment"]	Reviewed duplicate-topic normalization requested by the repository owner
display-reviewed-parnall-g-4-31	active	display	exact	parnall-g-4-31	parnall-g-4-31	Parnall G.4/31	["Parnall G4 31","Parnall G431"]	Reviewed duplicate-topic normalization requested by the repository owner
display-reviewed-hawker-siddeley-p139b	active	display	exact	hawker-siddeley-p139b	hawker-siddeley-p139b	Hawker Siddeley P.139B	["P.139B","P139B","Hawker Siddeley P.139","P 139 Aircraft","Hawker Siddeley P139"]	Reviewed duplicate-topic normalization requested by the repository owner
display-reviewed-o-21-class	active	display	exact	o-21-class	o-21-class	O 21 Class	["O21 Class"]	Reviewed duplicate-topic normalization requested by the repository owner
display-reviewed-multi-purpose-support-ships	active	display	exact	multi-purpose-support-ships	multi-purpose-support-ships	Multi-Purpose Support Ships	["Multipurpose Support Ships"]	Reviewed duplicate-topic normalization requested by the repository owner
display-reviewed-fresh-water	active	display	exact	fresh-water	fresh-water	Fresh Water	["Freshwater"]	Reviewed duplicate-topic normalization requested by the repository owner
display-reviewed-fiat-rs-14	active	display	exact	fiat-rs-14	fiat-rs-14	Fiat RS.14	["Fiat Rs14"]	Reviewed duplicate-topic normalization requested by the repository owner
display-reviewed-d-k-brown	active	display	exact	d-k-brown	d-k-brown	D. K. Brown	["Dk Brown"]	Reviewed duplicate-topic normalization requested by the repository owner
display-reviewed-blackburn-b-3	active	display	exact	blackburn-b-3	blackburn-b-3	Blackburn B-3	["Blackburn B3"]	Reviewed duplicate-topic normalization requested by the repository owner
display-reviewed-anti-fouling	active	display	exact	anti-fouling	anti-fouling	Anti-Fouling	["Antifouling"]	Reviewed duplicate-topic normalization requested by the repository owner
display-reviewed-aav7	active	display	exact	aav7	aav7	AAV7	["AAV 7"]	Reviewed duplicate-topic normalization requested by the repository owner
display-reviewed-a-150	active	display	exact	a-150	a-150	Design A-150	["A-150","A150 Battleship","A-150-Class Battleship","A 150 Class","A 150 Battleship"]	Reviewed duplicate-topic normalization requested by the repository owner
display-reviewed-ucav	active	display	exact	ucav	ucav	UCAV	["UCAVs","Uncrewed Combat Air Vehicle","Unmanned Combat Air Vehicle","Uncrewed Combat Aircraft"]	Reviewed duplicate-topic normalization requested by the repository owner
display-reviewed-xluuv	active	display	exact	xluuv	xluuv	XLUUV	["Extra-Large UUV"]	Reviewed duplicate-topic normalization requested by the repository owner
display-reviewed-v-1-flying-bomb	active	display	exact	v-1-flying-bomb	v-1-flying-bomb	V-1 Flying Bomb	["V 1"]	Reviewed duplicate-topic normalization requested by the repository owner
display-reviewed-v-2-rocket	active	display	exact	v-2-rocket	v-2-rocket	V-2 Rocket	["V-2 Rockets","V 2"]	Reviewed duplicate-topic normalization requested by the repository owner
display-reviewed-vtol-aircraft	active	display	exact	vtol-aircraft	vtol-aircraft	VTOL Aircraft	["Vertical Takeoff Aircraft","Vertical Take-Off and Landing Aircraft","Vertical Takeoff And Landing"]	Reviewed duplicate-topic normalization requested by the repository owner
display-reviewed-n3-class-battleships	active	display	exact	n3-class-battleships	n3-class-battleships	N3 Class Battleships	["N3 Battleship","N3 Battleships","N3 Class","N3 Battleship Design","N3-Class Battleship","N3 Design"]	Reviewed duplicate-topic normalization requested by the repository owner
display-reviewed-queen-elizabeth-class-aircraft-carriers	active	display	exact	queen-elizabeth-class-aircraft-carriers	queen-elizabeth-class-aircraft-carriers	Queen Elizabeth Class Aircraft Carriers	["Queen Elizabeth Class Aircraft Carrier","Queen Elizabeth Class Carrier","Queen Elizabeth Class Carriers"]	Reviewed duplicate-topic normalization requested by the repository owner
display-reviewed-queen-elizabeth-class-battleships	active	display	exact	queen-elizabeth-class-battleships	queen-elizabeth-class-battleships	Queen Elizabeth Class Battleships	["Queen Elizabeth Class Battleship"]	Reviewed duplicate-topic normalization requested by the repository owner
display-reviewed-type-ub-iii-submarine	active	display	exact	type-ub-iii-submarine	type-ub-iii-submarine	Type UB III Submarine	["UB III Class","UB III Submarine"]	Reviewed duplicate-topic normalization requested by the repository owner
display-reviewed-type-uc-ii-submarine	active	display	exact	type-uc-ii-submarine	type-uc-ii-submarine	Type UC II Submarine	["UC II Class"]	Reviewed duplicate-topic normalization requested by the repository owner
display-reviewed-type-uc-iii-submarine	active	display	exact	type-uc-iii-submarine	type-uc-iii-submarine	Type UC III Submarine	["Uc III Submarine"]	Reviewed duplicate-topic normalization requested by the repository owner
display-reviewed-type-xxiii-submarine	active	display	exact	type-xxiii-submarine	type-xxiii-submarine	Type XXIII Submarine	["Type Xxiii Submarines"]	Reviewed duplicate-topic normalization requested by the repository owner
display-reviewed-abc-1-staff-talks	active	display	exact	abc-1-staff-talks	abc-1-staff-talks	U.S.–British Staff Conference (ABC-1)	["ABC-1 Staff Talks","ABC–1","ABC-1 Report"]	Reviewed duplicate-topic normalization requested by the repository owner
display-reviewed-aden-cannon	active	display	exact	aden-cannon	aden-cannon	ADEN Cannon	["Aden Cannon"]	Reviewed duplicate-topic normalization requested by the repository owner
display-reviewed-uavs	active	display	exact	uavs	uavs	UAVs	[]	Reviewed duplicate-topic normalization requested by the repository owner
display-reviewed-uuvs	active	display	exact	uuvs	uuvs	UUVs	[]	Reviewed duplicate-topic normalization requested by the repository owner
display-reviewed-carrier-based-uavs	active	display	exact	carrier-based-uavs	carrier-based-uavs	Carrier-Based UAVs	[]	Reviewed duplicate-topic normalization requested by the repository owner
display-reviewed-counter-uav	active	display	exact	counter-uav	counter-uav	Counter-UAV	[]	Reviewed duplicate-topic normalization requested by the repository owner
display-reviewed-manta-xl-uuv	active	display	exact	manta-xl-uuv	manta-xl-uuv	Manta XL-UUV	[]	Reviewed duplicate-topic normalization requested by the repository owner
display-reviewed-moray-xl-uuv	active	display	exact	moray-xl-uuv	moray-xl-uuv	Moray XL-UUV	[]	Reviewed duplicate-topic normalization requested by the repository owner
display-reviewed-high-speed-vtol	active	display	exact	high-speed-vtol	high-speed-vtol	High-Speed VTOL	[]	Reviewed duplicate-topic normalization requested by the repository owner
display-reviewed-supersonic-vtol	active	display	exact	supersonic-vtol	supersonic-vtol	Supersonic VTOL	[]	Reviewed duplicate-topic normalization requested by the repository owner
display-reviewed-vt-fuzes	active	display	exact	vt-fuzes	vt-fuzes	VT Fuzes	[]	Reviewed duplicate-topic normalization requested by the repository owner
display-reviewed-vfax	active	display	exact	vfax	vfax	VFAX	[]	Reviewed duplicate-topic normalization requested by the repository owner
display-reviewed-cv90	active	display	exact	cv90	cv90	CV90	[]	Reviewed duplicate-topic normalization requested by the repository owner
display-reviewed-uss-america-cv-66	active	display	exact	uss-america-cv-66	uss-america-cv-66	USS America (CV-66)	["USS America CV66"]	Reviewed duplicate-topic normalization requested by the repository owner
display-reviewed-uss-bainbridge-cgn-25	active	display	exact	uss-bainbridge-cgn-25	uss-bainbridge-cgn-25	USS Bainbridge (CGN-25)	["USS Bainbridge CGN25"]	Reviewed duplicate-topic normalization requested by the repository owner
display-reviewed-uss-columbia-c-12	active	display	exact	uss-columbia-c-12	uss-columbia-c-12	USS Columbia (C-12)	["USS Columbia C12"]	Reviewed duplicate-topic normalization requested by the repository owner
display-reviewed-uss-columbia-ssn-771	active	display	exact	uss-columbia-ssn-771	uss-columbia-ssn-771	USS Columbia (SSN-771)	["USS Columbia SSN771"]	Reviewed duplicate-topic normalization requested by the repository owner
display-reviewed-uss-district-of-columbia-ssbn-826	active	display	exact	uss-district-of-columbia-ssbn-826	uss-district-of-columbia-ssbn-826	USS District of Columbia (SSBN-826)	["USS District of Columbia SSBN826"]	Reviewed duplicate-topic normalization requested by the repository owner
display-reviewed-uss-enterprise-cvn-65	active	display	exact	uss-enterprise-cvn-65	uss-enterprise-cvn-65	USS Enterprise (CVN-65)	["USS Enterprise CVN65"]	Reviewed duplicate-topic normalization requested by the repository owner
display-reviewed-uss-enterprise-cvn-80	active	display	exact	uss-enterprise-cvn-80	uss-enterprise-cvn-80	USS Enterprise (CVN-80)	["USS Enterprise CVN80"]	Reviewed duplicate-topic normalization requested by the repository owner
display-reviewed-uss-hornet-cva-12	active	display	exact	uss-hornet-cva-12	uss-hornet-cva-12	USS Hornet (CVA-12)	["USS Hornet CVA12"]	Reviewed duplicate-topic normalization requested by the repository owner
display-reviewed-uss-indianapolis-ca-35	active	display	exact	uss-indianapolis-ca-35	uss-indianapolis-ca-35	USS Indianapolis (CA-35)	["USS Indianapolis CA35"]	Reviewed duplicate-topic normalization requested by the repository owner
display-reviewed-uss-lexington-cvt-16	active	display	exact	uss-lexington-cvt-16	uss-lexington-cvt-16	USS Lexington (CVT-16)	["USS Lexington CVT16"]	Reviewed duplicate-topic normalization requested by the repository owner
display-reviewed-uss-long-beach-cgn-9	active	display	exact	uss-long-beach-cgn-9	uss-long-beach-cgn-9	USS Long Beach (CGN-9)	["USS Long Beach CGN9"]	Reviewed duplicate-topic normalization requested by the repository owner
display-reviewed-uss-minneapolis-c-13	active	display	exact	uss-minneapolis-c-13	uss-minneapolis-c-13	USS Minneapolis (C-13)	["USS Minneapolis C13"]	Reviewed duplicate-topic normalization requested by the repository owner
display-reviewed-uss-missouri-bb-63	active	display	exact	uss-missouri-bb-63	uss-missouri-bb-63	USS Missouri (BB-63)	["USS Missouri BB63"]	Reviewed duplicate-topic normalization requested by the repository owner
display-reviewed-uss-nashville-cl-43	active	display	exact	uss-nashville-cl-43	uss-nashville-cl-43	USS Nashville (CL-43)	["USS Nashville CL43"]	Reviewed duplicate-topic normalization requested by the repository owner
display-reviewed-uss-new-york-lpd-21	active	display	exact	uss-new-york-lpd-21	uss-new-york-lpd-21	USS New York (LPD-21)	["USS New York LPD21"]	Reviewed duplicate-topic normalization requested by the repository owner
display-reviewed-uss-phoenix-cl-46	active	display	exact	uss-phoenix-cl-46	uss-phoenix-cl-46	USS Phoenix (CL-46)	["USS Phoenix CL46"]	Reviewed duplicate-topic normalization requested by the repository owner
display-reviewed-uss-port-royal-cg-73	active	display	exact	uss-port-royal-cg-73	uss-port-royal-cg-73	USS Port Royal (CG-73)	["USS Port Royal CG73"]	Reviewed duplicate-topic normalization requested by the repository owner
display-reviewed-uss-ranger-cv-4	active	display	exact	uss-ranger-cv-4	uss-ranger-cv-4	USS Ranger (CV-4)	["USS Ranger CV4"]	Reviewed duplicate-topic normalization requested by the repository owner
display-reviewed-uss-saratoga-cv-3	active	display	exact	uss-saratoga-cv-3	uss-saratoga-cv-3	USS Saratoga (CV-3)	["USS Saratoga CV3"]	Reviewed duplicate-topic normalization requested by the repository owner
display-reviewed-uss-seawolf-ssn-575	active	display	exact	uss-seawolf-ssn-575	uss-seawolf-ssn-575	USS Seawolf (SSN-575)	["USS Seawolf SSN575"]	Reviewed duplicate-topic normalization requested by the repository owner
display-reviewed-uss-texas-bb-35	active	display	exact	uss-texas-bb-35	uss-texas-bb-35	USS Texas (BB-35)	["USS Texas BB35"]	Reviewed duplicate-topic normalization requested by the repository owner
display-reviewed-uss-turner-dd-648	active	display	exact	uss-turner-dd-648	uss-turner-dd-648	USS Turner (DD-648)	["USS Turner DD648"]	Reviewed duplicate-topic normalization requested by the repository owner
display-reviewed-uss-united-states-cva-58	active	display	exact	uss-united-states-cva-58	uss-united-states-cva-58	USS United States (CVA-58)	["USS United States CVA58"]	Reviewed duplicate-topic normalization requested by the repository owner
display-reviewed-uss-wasp-cv-7	active	display	exact	uss-wasp-cv-7	uss-wasp-cv-7	USS Wasp (CV-7)	["USS Wasp CV7"]	Reviewed duplicate-topic normalization requested by the repository owner
display-reviewed-uss-yorktown-cv-5	active	display	exact	uss-yorktown-cv-5	uss-yorktown-cv-5	USS Yorktown (CV-5)	["USS Yorktown CV5"]	Reviewed duplicate-topic normalization requested by the repository owner
display-reviewed-uss-t1	active	display	exact	uss-t1	uss-t1	USS T-1 (SS-52)	["USS T1","USS T-1 SS52"]	Reviewed duplicate-topic normalization requested by the repository owner
display-reviewed-sm-u-5-austria-hungary	active	display	exact	sm-u-5-austria-hungary	sm-u-5-austria-hungary	SM U-5 (Austria-Hungary)	["Austro-Hungarian U-5"]	Reviewed official or common display form requested by the repository owner
display-reviewed-sm-u-4-austria-hungary	active	display	exact	sm-u-4-austria-hungary	sm-u-4-austria-hungary	SM U-4 (Austria-Hungary)	["Austro-Hungarian U-4"]	Reviewed official or common display form requested by the repository owner
display-reviewed-uss-enterprise	disabled	display	exact	uss-enterprise	uss-enterprise-name	USS Enterprise Ship Name	["USS Enterprise"]	Reviewed official or common display form requested by the repository owner; aliases migrated and display rule disabled because its exact source slug was consolidated
display-reviewed-uss-hornet	active	display	exact	uss-hornet	uss-hornet	USS Hornet	[]	Reviewed official or common display form requested by the repository owner
display-reviewed-uss-lexington	active	display	exact	uss-lexington	uss-lexington	USS Lexington	[]	Reviewed official or common display form requested by the repository owner
display-reviewed-uss-saratoga	active	display	exact	uss-saratoga	uss-saratoga	USS Saratoga	[]	Reviewed official or common display form requested by the repository owner
display-reviewed-uss-texas-1892	active	display	exact	uss-texas-1892	uss-texas-1892	USS Texas 1892	[]	Reviewed official or common display form requested by the repository owner
display-reviewed-uss-united-states	active	display	exact	uss-united-states	uss-united-states	USS United States	[]	Reviewed official or common display form requested by the repository owner
display-reviewed-sm-u-9	active	display	exact	sm-u-9	sm-u-9	SM U-9	[]	Reviewed official or common display form requested by the repository owner
display-reviewed-sm-u-52	active	display	exact	sm-u-52	sm-u-52	SM U-52	[]	Reviewed official or common display form requested by the repository owner
display-reviewed-sm-u-21	active	display	exact	sm-u-21	sm-u-21	SM U-21	[]	Reviewed official or common display form requested by the repository owner
display-reviewed-sm-u-73	active	display	exact	sm-u-73	sm-u-73	SM U-73	[]	Reviewed official or common display form requested by the repository owner
display-reviewed-sm-u-15	active	display	exact	sm-u-15	sm-u-15	SM U-15	[]	Reviewed official or common display form requested by the repository owner
display-reviewed-sm-u-24	active	display	exact	sm-u-24	sm-u-24	SM U-24	[]	Reviewed official or common display form requested by the repository owner
display-reviewed-sm-u-44	active	display	exact	sm-u-44	sm-u-44	SM U-44	[]	Reviewed official or common display form requested by the repository owner
display-reviewed-sm-u-53	active	display	exact	sm-u-53	sm-u-53	SM U-53	[]	Reviewed official or common display form requested by the repository owner
display-reviewed-u-100	active	display	exact	u-100	u-100	U-100	[]	Reviewed official or common display form requested by the repository owner
display-reviewed-u-21	active	display	exact	u-21	u-21	U-21	[]	Reviewed official or common display form requested by the repository owner
display-reviewed-u-2501	active	display	exact	u-2501	u-2501	U-2501	[]	Reviewed official or common display form requested by the repository owner
display-reviewed-u-5	active	display	exact	u-5	u-5	U-5	[]	Reviewed official or common display form requested by the repository owner
display-reviewed-u-505	active	display	exact	u-505	u-505	U-505	[]	Reviewed official or common display form requested by the repository owner
display-reviewed-u-68	active	display	exact	u-68	u-68	U-68	[]	Reviewed official or common display form requested by the repository owner
display-reviewed-u-99	active	display	exact	u-99	u-99	U-99	[]	Reviewed official or common display form requested by the repository owner
display-reviewed-vf-2	active	display	exact	vf-2	vf-2	VF-2	[]	Reviewed official or common display form requested by the repository owner
display-reviewed-vf-6	active	display	exact	vf-6	vf-6	VF-6	[]	Reviewed official or common display form requested by the repository owner
display-reviewed-vfa-2	active	display	exact	vfa-2	vfa-2	VFA-2	[]	Reviewed official or common display form requested by the repository owner
display-reviewed-vp-1	active	display	exact	vp-1	vp-1	VP-1	[]	Reviewed official or common display form requested by the repository owner
display-reviewed-vp-5	active	display	exact	vp-5	vp-5	VP-5	[]	Reviewed official or common display form requested by the repository owner
display-reviewed-u-536	active	display	exact	u-536	u-536	U-536	[]	Reviewed official or common display form requested by the repository owner
display-reviewed-u-751	active	display	exact	u-751	u-751	U-751	[]	Reviewed official or common display form requested by the repository owner
display-reviewed-u-15	active	display	exact	u-15	u-15	U-15	[]	Reviewed official or common display form requested by the repository owner
display-reviewed-u-52	active	display	exact	u-52	u-52	U-52	[]	Reviewed official or common display form requested by the repository owner
display-reviewed-ub-43	active	display	exact	ub-43	ub-43	UB-43	[]	Reviewed official or common display form requested by the repository owner
display-reviewed-u-1200	active	display	exact	u-1200	u-1200	U-1200	[]	Reviewed official or common display form requested by the repository owner
display-reviewed-u-484	active	display	exact	u-484	u-484	U-484	[]	Reviewed official or common display form requested by the repository owner
display-reviewed-sm-u-4	active	display	exact	sm-u-4	sm-u-4	SM U-4	[]	Reviewed official or common display form requested by the repository owner
display-reviewed-u-73	active	display	exact	u-73	u-73	U-73	[]	Reviewed official or common display form requested by the repository owner
display-reviewed-u-864	active	display	exact	u-864	u-864	U-864	[]	Reviewed official or common display form requested by the repository owner
display-reviewed-u-124	active	display	exact	u-124	u-124	U-124	[]	Reviewed official or common display form requested by the repository owner
display-reviewed-u-177	active	display	exact	u-177	u-177	U-177	[]	Reviewed official or common display form requested by the repository owner
display-reviewed-u-331	active	display	exact	u-331	u-331	U-331	[]	Reviewed official or common display form requested by the repository owner
display-reviewed-u-44	active	display	exact	u-44	u-44	U-44	[]	Reviewed official or common display form requested by the repository owner
display-reviewed-u-24	active	display	exact	u-24	u-24	U-24	[]	Reviewed official or common display form requested by the repository owner
display-reviewed-u-372	active	display	exact	u-372	u-372	U-372	[]	Reviewed official or common display form requested by the repository owner
display-reviewed-u-593	active	display	exact	u-593	u-593	U-593	[]	Reviewed official or common display form requested by the repository owner
display-reviewed-u-852	active	display	exact	u-852	u-852	U-852	[]	Reviewed official or common display form requested by the repository owner
display-reviewed-u-93	active	display	exact	u-93	u-93	U-93	[]	Reviewed official or common display form requested by the repository owner
display-reviewed-u-47	active	display	exact	u-47	u-47	U-47	[]	Reviewed official or common display form requested by the repository owner
display-reviewed-ub-116	active	display	exact	ub-116	ub-116	UB-116	[]	Reviewed official or common display form requested by the repository owner
display-reviewed-u-410	active	display	exact	u-410	u-410	U-410	[]	Reviewed official or common display form requested by the repository owner
display-reviewed-u-9	active	display	exact	u-9	u-9	U-9	[]	Reviewed official or common display form requested by the repository owner
display-reviewed-u-402	active	display	exact	u-402	u-402	U-402	[]	Reviewed official or common display form requested by the repository owner
display-reviewed-u-541	active	display	exact	u-541	u-541	U-541	[]	Reviewed official or common display form requested by the repository owner
display-reviewed-u-53	active	display	exact	u-53	u-53	U-53	[]	Reviewed official or common display form requested by the repository owner
display-german-u-number	active	display	regex	^u-([0-9]+)$	u-$1	U-$1	[]	Bounded official-designation display formatter requested by the repository owner
display-imperial-sm-u-number	active	display	regex	^sm-u-([0-9]+)$	sm-u-$1	SM U-$1	[]	Bounded official-designation display formatter requested by the repository owner
display-ub-number	active	display	regex	^ub-([0-9]+)$	ub-$1	UB-$1	[]	Bounded official-designation display formatter requested by the repository owner
display-uc-number	active	display	regex	^uc-([0-9]+)$	uc-$1	UC-$1	[]	Bounded official-designation display formatter requested by the repository owner
display-vf-squadron	active	display	regex	^vf-([0-9]+)$	vf-$1	VF-$1	[]	Bounded official-designation display formatter requested by the repository owner
display-vfa-squadron	active	display	regex	^vfa-([0-9]+)$	vfa-$1	VFA-$1	[]	Bounded official-designation display formatter requested by the repository owner
display-vp-squadron	active	display	regex	^vp-([0-9]+)$	vp-$1	VP-$1	[]	Bounded official-designation display formatter requested by the repository owner
display-vmf-squadron	active	display	regex	^vmf-([0-9]+)$	vmf-$1	VMF-$1	[]	Bounded official-designation display formatter requested by the repository owner
display-vmfa-squadron	active	display	regex	^vmfa-([0-9]+)$	vmfa-$1	VMFA-$1	[]	Bounded official-designation display formatter requested by the repository owner
token-bb	active	display	token	bb	BB		[]	Reviewed acronym display token requested by the repository owner
token-ca	active	display	token	ca	CA		[]	Reviewed acronym display token requested by the repository owner
token-cg	active	display	token	cg	CG		[]	Reviewed acronym display token requested by the repository owner
token-cgn	active	display	token	cgn	CGN		[]	Reviewed acronym display token requested by the repository owner
token-cl	active	display	token	cl	CL		[]	Reviewed acronym display token requested by the repository owner
token-cva	active	display	token	cva	CVA		[]	Reviewed acronym display token requested by the repository owner
token-cvn	active	display	token	cvn	CVN		[]	Reviewed acronym display token requested by the repository owner
token-cvt	active	display	token	cvt	CVT		[]	Reviewed acronym display token requested by the repository owner
token-dd	active	display	token	dd	DD		[]	Reviewed acronym display token requested by the repository owner
token-lpd	active	display	token	lpd	LPD		[]	Reviewed acronym display token requested by the repository owner
token-uavs	active	display	token	uavs	UAVs		[]	Reviewed acronym display token requested by the repository owner
token-ucav	active	display	token	ucav	UCAV		[]	Reviewed acronym display token requested by the repository owner
token-uuvs	active	display	token	uuvs	UUVs		[]	Reviewed acronym display token requested by the repository owner
token-vf	active	display	token	vf	VF		[]	Reviewed acronym display token requested by the repository owner
token-vfa	active	display	token	vfa	VFA		[]	Reviewed acronym display token requested by the repository owner
token-vfax	active	display	token	vfax	VFAX		[]	Reviewed acronym display token requested by the repository owner
token-vmf	active	display	token	vmf	VMF		[]	Reviewed acronym display token requested by the repository owner
token-vmfa	active	display	token	vmfa	VMFA		[]	Reviewed acronym display token requested by the repository owner
token-vp	active	display	token	vp	VP		[]	Reviewed acronym display token requested by the repository owner
token-vstol	active	display	token	vstol	V/STOL		[]	Reviewed acronym display token requested by the repository owner
token-vt	active	display	token	vt	VT		[]	Reviewed acronym display token requested by the repository owner
token-vtol	active	display	token	vtol	VTOL		[]	Reviewed acronym display token requested by the repository owner
display-3d-printing	active	display	exact	3d-printing	3d-printing	3D Printing	[]	Repository-owner-approved three-dimensional abbreviation casing
display-fairey-tsr	active	display	exact	fairey-tsr	fairey-tsr	Fairey TSR	[]	TSR abbreviates Torpedo Spotter Reconnaissance
display-pgm-1-class	active	display	exact	pgm-1-class	pgm-1-class	PGM-1 Class	["PGM 1 Class"]	Repository-owner-approved patrol-gunboat class designation
display-pgm-9-class	active	display	exact	pgm-9-class	pgm-9-class	PGM-9 Class	["PGM 9 Class"]	Repository-owner-approved patrol-gunboat class designation
display-pla-air-force	active	display	exact	pla-air-force	pla-air-force	PLA Air Force	[]	PLA abbreviates People's Liberation Army
display-pla-navy	active	display	exact	pla-navy	pla-navy	PLA Navy	[]	PLA abbreviates People's Liberation Army
display-world-war-i	active	display	exact	world-war-i	world-war-i	World War I	["WWI","WW1","World War 1","World War One","First World War","1st World War","Great War","The Great War"]	Canonical First World War display and search aliases requested by the repository owner
display-world-war-ii	active	display	exact	world-war-ii	world-war-ii	World War II	["WWII","WW2","World War 2","World War Two","Second World War","The Second World War","2nd World War"]	Canonical Second World War display and search aliases requested by the repository owner
display-phoney-war	active	display	exact	phoney-war	phoney-war	Phoney War	["Phony War"]	Canonical UK-English spelling requested by the repository owner
display-pom-pom-guns	active	display	exact	pom-pom-guns	pom-pom-guns	Pom Pom Guns	["Pom Pom","Pom-Pom","Pom Pom Gun","Pom-Pom Gun","Pom Poms","Pom-Poms"]	Canonical generic Pom-Pom weapon-family display and aliases requested by the repository owner
display-wrns	active	display	exact	wrns	wrns	WRNS	["Wrens","WRENS","Women's Royal Naval Service","Womens Royal Naval Service"]	Women's Royal Naval Service canonical display and aliases; source https://en.wikipedia.org/wiki/Women%27s_Royal_Naval_Service
token-3d	active	display	token	3d	3D		[]	Canonical three-dimensional abbreviation display token
token-hmas	active	display	token	hmas	HMAS		[]	Canonical Australian ship-prefix display token
token-hmnzs	active	display	token	hmnzs	HMNZS		[]	Canonical New Zealand ship-prefix display token
token-pla	active	display	token	pla	PLA		[]	Canonical People's Liberation Army abbreviation display token
token-pq	active	display	token	pq	PQ		[]	Canonical Arctic-convoy series display token
token-qp	active	display	token	qp	QP		[]	Canonical Arctic-convoy series display token
normalize-a5m-claude	active	creation	exact	a5m-claude	a5m-fighter	Mitsubishi A5M Claude	["A5M Fighter","A5M Claude","Mitsubishi A5M","Type 96 Carrier Fighter","Claude","A5m"]	User-confirmed duplicate-topic merge; Claude is the Allied reporting name for the Mitsubishi A5M; source https://en.wikipedia.org/wiki/Mitsubishi_A5M
display-a5m-fighter	active	display	exact	a5m-fighter	a5m-fighter	Mitsubishi A5M Claude	["A5M Fighter","A5M Claude","Mitsubishi A5M","Type 96 Carrier Fighter","Claude","A5m"]	Canonical display and aliases for the Mitsubishi A5M carrier fighter; source https://en.wikipedia.org/wiki/Mitsubishi_A5M
normalize-aaron-merrill	active	creation	exact	aaron-merrill	aaron-s-merrill	Aaron S. Merrill	["Aaron Merrill","Aaron Stanton Merrill","Tip Merrill"]	User-confirmed duplicate-topic merge; source https://en.wikipedia.org/wiki/Aaron_S._Merrill
normalize-aaron-stanton-merrill	active	creation	exact	aaron-stanton-merrill	aaron-s-merrill	Aaron S. Merrill	["Aaron Merrill","Aaron Stanton Merrill","Tip Merrill"]	User-confirmed duplicate-topic merge; source https://en.wikipedia.org/wiki/Aaron_S._Merrill
display-aaron-s-merrill	active	display	exact	aaron-s-merrill	aaron-s-merrill	Aaron S. Merrill	["Aaron Merrill","Aaron Stanton Merrill","Tip Merrill"]	Canonical display and aliases for Aaron S. Merrill; source https://en.wikipedia.org/wiki/Aaron_S._Merrill
normalize-abolition	active	creation	exact	abolition	abolitionism	Abolitionism	["Abolition"]	User-confirmed duplicate-topic merge
display-abolitionism	active	display	exact	abolitionism	abolitionism	Abolitionism	["Abolition"]	Canonical display and alias for abolitionism
normalize-abrams-tank	active	creation	exact	abrams-tank	m1-abrams	M1 Abrams	["Abrams Tank"]	User-confirmed duplicate-topic merge; M1 Abrams is the canonical display
display-m1-abrams	active	display	exact	m1-abrams	m1-abrams	M1 Abrams	["Abrams Tank"]	Canonical display and alias for the M1 Abrams
normalize-m-class-cruiser	active	creation	exact	m-class-cruiser	m-class-cruisers	M-Class Cruisers	["M-Class Cruiser","M Class Cruiser","M Class Cruisers"]	User-confirmed singular-plural duplicate-topic merge
display-m-class-cruisers	active	display	exact	m-class-cruisers	m-class-cruisers	M-Class Cruisers	["M-Class Cruiser","M Class Cruiser","M Class Cruisers"]	Canonical display and aliases for the German M-class cruiser design
normalize-sherman-tank	active	creation	exact	sherman-tank	m4-sherman	M4 Sherman	["Sherman Tank","M4 Sherman Tank"]	User-confirmed duplicate-topic merge
display-m4-sherman	active	display	exact	m4-sherman	m4-sherman	M4 Sherman	["Sherman Tank","M4 Sherman Tank"]	Canonical display and aliases for the M4 Sherman
normalize-forest-sherman-class	active	creation	exact	forest-sherman-class	forrest-sherman-class	Forrest Sherman Class	["Forest Sherman Class","Forrest Sherman-Class Destroyer","Forrest Sherman Class Destroyers"]	User-confirmed spelling correction; source https://en.wikipedia.org/wiki/Forrest_Sherman-class_destroyer
display-forrest-sherman-class	active	display	exact	forrest-sherman-class	forrest-sherman-class	Forrest Sherman Class	["Forest Sherman Class","Forrest Sherman-Class Destroyer","Forrest Sherman Class Destroyers"]	Canonical display and typo-recovery aliases; source https://en.wikipedia.org/wiki/Forrest_Sherman-class_destroyer
normalize-george-patton	active	creation	exact	george-patton	george-s-patton	George S. Patton	["George Patton","George Smith Patton Jr.","General Patton"]	User-confirmed duplicate-topic merge; source https://en.wikipedia.org/wiki/George_S._Patton
display-george-s-patton	active	display	exact	george-s-patton	george-s-patton	George S. Patton	["George Patton","George Smith Patton Jr.","General Patton"]	Canonical display and aliases for George S. Patton; source https://en.wikipedia.org/wiki/George_S._Patton
normalize-george-mcclellan	active	creation	exact	george-mcclellan	george-b-mcclellan	George B. McClellan	["George McClellan","George Brinton McClellan","Little Mac"]	User-confirmed duplicate-topic merge; source https://en.wikipedia.org/wiki/George_B._McClellan
display-george-b-mcclellan	active	display	exact	george-b-mcclellan	george-b-mcclellan	George B. McClellan	["George McClellan","George Brinton McClellan","Little Mac"]	Canonical display and aliases for George B. McClellan; source https://en.wikipedia.org/wiki/George_B._McClellan
normalize-harrier	active	creation	exact	harrier	harrier-jump-jet	Harrier Jump Jet	["Harrier","Harrier Aircraft Family"]	User-confirmed duplicate-topic merge; source https://en.wikipedia.org/wiki/Harrier_jump_jet
display-harrier-jump-jet	active	display	exact	harrier-jump-jet	harrier-jump-jet	Harrier Jump Jet	["Harrier","Harrier Aircraft Family"]	Canonical display and aliases for the Harrier aircraft family; source https://en.wikipedia.org/wiki/Harrier_jump_jet
normalize-harry-truman	active	creation	exact	harry-truman	harry-s-truman	Harry S. Truman	["Harry Truman","Harry S Truman","Harry S. Truman"]	User-confirmed duplicate-topic merge; source https://en.wikipedia.org/wiki/Harry_S._Truman
display-harry-s-truman	active	display	exact	harry-s-truman	harry-s-truman	Harry S. Truman	["Harry Truman","Harry S Truman","Harry S. Truman"]	Canonical display and aliases for Harry S. Truman; source https://en.wikipedia.org/wiki/Harry_S._Truman
normalize-harbour-defences	active	creation	exact	harbour-defences	harbour-defence	Harbour Defence	["Harbor Defense","Harbor Defence","Harbour Defense","Harbour Defences","Harbor Defenses","Harbor Defences","Harbour Defenses"]	User-confirmed singular-plural duplicate-topic merge using the established singular slug
display-harbour-defence	active	display	exact	harbour-defence	harbour-defence	Harbour Defence	["Harbor Defense","Harbor Defence","Harbour Defense","Harbour Defences","Harbor Defenses","Harbor Defences","Harbour Defenses"]	Canonical British-English display with singular, plural, and US-English aliases
review-contextual-harpoon	review	creation	exact	harpoon	harpoon	Harpoon	[]	Context-dependent identity: distinguish the physical hunting weapon, Harpoon anti-ship missile, and Harpoon naval wargame; future uses must not auto-merge
display-harpoon-missile	active	display	exact	harpoon-missile	harpoon-missile	Harpoon Missile	["AGM-84 Harpoon","RGM-84 Harpoon","UGM-84 Harpoon"]	Canonical display and designation aliases for the Harpoon anti-ship missile; source https://en.wikipedia.org/wiki/Harpoon_(missile)
display-harpoon-naval-wargame	active	display	exact	harpoon-naval-wargame	harpoon-naval-wargame	Harpoon Naval Wargame	["Harpoon Wargame","Harpoon Naval Simulation","Larry Bond's Harpoon"]	Canonical display and aliases for the Harpoon naval-warfare simulation series; source https://en.wikipedia.org/wiki/Harpoon_(series)
normalize-admiral-harwood	active	creation	exact	admiral-harwood	henry-harwood	Henry Harwood	["Admiral Harwood","Admiral Sir Henry Harwood","Commodore Harwood","Commodore Henry Harwood","Sir Henry Harwood"]	User-confirmed rank-title duplicate merge; source https://en.wikipedia.org/wiki/Henry_Harwood
normalize-commodore-harwood	active	creation	exact	commodore-harwood	henry-harwood	Henry Harwood	["Admiral Harwood","Admiral Sir Henry Harwood","Commodore Harwood","Commodore Henry Harwood","Sir Henry Harwood"]	User-confirmed rank-title duplicate merge; source https://en.wikipedia.org/wiki/Henry_Harwood
normalize-commodore-henry-harwood	active	creation	exact	commodore-henry-harwood	henry-harwood	Henry Harwood	["Admiral Harwood","Admiral Sir Henry Harwood","Commodore Harwood","Commodore Henry Harwood","Sir Henry Harwood"]	User-confirmed rank-title duplicate merge; source https://en.wikipedia.org/wiki/Henry_Harwood
display-henry-harwood	active	display	exact	henry-harwood	henry-harwood	Henry Harwood	["Admiral Harwood","Admiral Sir Henry Harwood","Commodore Harwood","Commodore Henry Harwood","Sir Henry Harwood"]	Canonical display and rank-title aliases for Admiral Sir Henry Harwood; source https://en.wikipedia.org/wiki/Henry_Harwood
normalize-aegis	active	creation	exact	aegis	aegis-combat-system	Aegis Combat System	["Aegis","Aegis Weapon System"]	Corpus-wide contextual review confirmed every bare Aegis reference means the naval combat system
display-aegis-combat-system	active	display	exact	aegis-combat-system	aegis-combat-system	Aegis Combat System	["Aegis","Aegis Weapon System"]	Canonical display and aliases for the naval Aegis Combat System
normalize-aerial-mining	active	creation	exact	aerial-mining	aerial-minelaying	Aerial Minelaying	["Aerial Mining","Air Minelaying","Air-Laid Mines"]	Corpus-wide contextual review confirmed both slugs mean aircraft laying mines
display-aerial-minelaying	active	display	exact	aerial-minelaying	aerial-minelaying	Aerial Minelaying	["Aerial Mining","Air Minelaying","Air-Laid Mines"]	Canonical display and aliases for laying mines from aircraft
normalize-aerial-refuelling	active	creation	exact	aerial-refueling	aerial-refuelling	Aerial Refuelling	["Aerial Refueling","Air-to-Air Refueling","Air-to-Air Refuelling","AAR"]	UK house-style spelling is canonical; US spelling and AAR wording remain aliases
display-aerial-refueling	active	display	exact	aerial-refuelling	aerial-refuelling	Aerial Refuelling	["Aerial Refueling","Air-to-Air Refueling","Air-to-Air Refuelling","AAR"]	Canonical display follows the UK house-style spelling
normalize-audit-mitsubishi-a5m	active	creation	exact	mitsubishi-a5m	a5m-fighter	Mitsubishi A5M Claude	["A5M Fighter","A5M Claude","Mitsubishi A5M","Type 96 Carrier Fighter","Claude","A5m"]	Reviewed same-subject duplicate from the video topic usage report
normalize-audit-mediterranean-theater	active	creation	exact	mediterranean-theater	mediterranean-theatre	Mediterranean Theatre	["Mediterranean Theater","Suez route","soft underbelly"]	Reviewed alternate-spelling duplicate with British English as the canonical house style
display-audit-mediterranean-theatre	active	display	exact	mediterranean-theatre	mediterranean-theatre	Mediterranean Theatre	["Mediterranean Theater","Suez route","soft underbelly"]	Reviewed alternate-spelling duplicate with British English as the canonical house style
normalize-audit-armored-cruisers	active	creation	exact	armored-cruisers	armoured-cruisers	Armoured Cruisers	["Armored Cruisers"]	Reviewed alternate-spelling duplicate with British English as the canonical house style
display-audit-armoured-cruisers	active	display	exact	armoured-cruisers	armoured-cruisers	Armoured Cruisers	["Armored Cruisers"]	Reviewed alternate-spelling duplicate with British English as the canonical house style
normalize-audit-ship-modernization	active	creation	exact	ship-modernization	ship-modernisation	Ship Modernisation	["upgrades","Ship Modernization"]	Reviewed alternate-spelling duplicate with British English as the canonical house style
display-audit-ship-modernisation	active	display	exact	ship-modernisation	ship-modernisation	Ship Modernisation	["upgrades","Ship Modernization"]	Reviewed alternate-spelling duplicate with British English as the canonical house style
normalize-audit-naval-modernization	active	creation	exact	naval-modernization	naval-modernisation	Naval Modernisation	["Naval Modernization"]	Reviewed alternate-spelling duplicate with British English as the canonical house style
display-audit-naval-modernisation	active	display	exact	naval-modernisation	naval-modernisation	Naval Modernisation	["Naval Modernization"]	Reviewed alternate-spelling duplicate with British English as the canonical house style
normalize-audit-fleet-modernization	active	creation	exact	fleet-modernization	fleet-modernisation	Fleet Modernisation	["Fleet Modernization"]	Reviewed alternate-spelling duplicate with British English as the canonical house style
display-audit-fleet-modernisation	active	display	exact	fleet-modernisation	fleet-modernisation	Fleet Modernisation	["Fleet Modernization"]	Reviewed alternate-spelling duplicate with British English as the canonical house style
normalize-audit-warship-modernization	active	creation	exact	warship-modernization	warship-modernisation	Warship Modernisation	["Warship Modernization"]	Reviewed alternate-spelling duplicate with British English as the canonical house style
display-audit-warship-modernisation	active	display	exact	warship-modernisation	warship-modernisation	Warship Modernisation	["Warship Modernization"]	Reviewed alternate-spelling duplicate with British English as the canonical house style
normalize-audit-industrial-mobilization	active	creation	exact	industrial-mobilization	industrial-mobilisation	Industrial Mobilisation	["Industrial Mobilization"]	Reviewed alternate-spelling duplicate with British English as the canonical house style
display-audit-industrial-mobilisation	active	display	exact	industrial-mobilisation	industrial-mobilisation	Industrial Mobilisation	["Industrial Mobilization"]	Reviewed alternate-spelling duplicate with British English as the canonical house style
normalize-audit-fleet-organization	active	creation	exact	fleet-organization	fleet-organisation	Fleet Organisation	["naval organisation","Fleet Organization"]	Reviewed alternate-spelling duplicate with British English as the canonical house style
display-audit-fleet-organisation	active	display	exact	fleet-organisation	fleet-organisation	Fleet Organisation	["naval organisation","Fleet Organization"]	Reviewed alternate-spelling duplicate with British English as the canonical house style
normalize-audit-standardization	active	creation	exact	standardization	standardisation	Standardisation	["Standardization"]	Reviewed alternate-spelling duplicate with British English as the canonical house style
display-audit-standardisation	active	display	exact	standardisation	standardisation	Standardisation	["Standardization"]	Reviewed alternate-spelling duplicate with British English as the canonical house style
normalize-audit-naval-mobilization	active	creation	exact	naval-mobilization	naval-mobilisation	Naval Mobilisation	["Naval Mobilization"]	Reviewed alternate-spelling duplicate with British English as the canonical house style
display-audit-naval-mobilisation	active	display	exact	naval-mobilisation	naval-mobilisation	Naval Mobilisation	["Naval Mobilization"]	Reviewed alternate-spelling duplicate with British English as the canonical house style
normalize-audit-armored-flight-decks	active	creation	exact	armored-flight-decks	armoured-flight-decks	Armoured Flight Decks	["Armored Flight Decks"]	Reviewed alternate-spelling duplicate with British English as the canonical house style
display-audit-armoured-flight-decks	active	display	exact	armoured-flight-decks	armoured-flight-decks	Armoured Flight Decks	["Armored Flight Decks"]	Reviewed alternate-spelling duplicate with British English as the canonical house style
normalize-audit-armored-carriers	active	creation	exact	armored-carriers	armoured-carriers	Armoured Carriers	["armored carriers","armoured deck carriers","armored deck carriers","Armored Aircraft Carriers","Armoured Aircraft Carriers"]	Reviewed alternate-spelling duplicate from the video topic usage report
display-audit-armoured-carriers	active	display	exact	armoured-carriers	armoured-carriers	Armoured Carriers	["armored carriers","armoured deck carriers","armored deck carriers","Armored Aircraft Carriers","Armoured Aircraft Carriers"]	Reviewed alternate-spelling duplicate from the video topic usage report
normalize-audit-armored-warfare	active	creation	exact	armored-warfare	armoured-warfare	Armoured Warfare	["Armored Warfare"]	Reviewed alternate-spelling duplicate from the video topic usage report
display-audit-armoured-warfare	active	display	exact	armoured-warfare	armoured-warfare	Armoured Warfare	["Armored Warfare"]	Reviewed alternate-spelling duplicate from the video topic usage report
normalize-audit-armored-vehicles	active	creation	exact	armored-vehicles	armoured-vehicles	Armoured Vehicles	["armored vehicles","British tanks","Warrior"]	Reviewed alternate-spelling duplicate from the video topic usage report
display-audit-armoured-vehicles	active	display	exact	armoured-vehicles	armoured-vehicles	Armoured Vehicles	["armored vehicles","British tanks","Warrior"]	Reviewed alternate-spelling duplicate from the video topic usage report
normalize-audit-battle-honors	active	creation	exact	battle-honors	battle-honours	Battle Honours	["battle honors","campaign honours","ship honours","fleet honours"]	Reviewed alternate-spelling duplicate from the video topic usage report
display-audit-battle-honours	active	display	exact	battle-honours	battle-honours	Battle Honours	["battle honors","campaign honours","ship honours","fleet honours"]	Reviewed alternate-spelling duplicate from the video topic usage report
normalize-audit-skilled-labour	disabled	creation	exact	skilled-labour	skilled-labour	Skilled Labour	["Skilled Labor"]	Reviewed alternate-spelling duplicate from the video topic usage report; disabled because the consolidated target now equals the exact input
display-audit-skilled-labor	disabled	display	exact	skilled-labor	skilled-labour	Skilled Labour	["Skilled Labor"]	Reviewed alternate-spelling duplicate from the video topic usage report; aliases migrated and display rule disabled because its exact source slug was consolidated
normalize-audit-maritime-labor	active	creation	exact	maritime-labor	maritime-labour	Maritime Labour	["Maritime Labor"]	Reviewed alternate-spelling duplicate from the video topic usage report
display-audit-maritime-labour	active	display	exact	maritime-labour	maritime-labour	Maritime Labour	["Maritime Labor"]	Reviewed alternate-spelling duplicate from the video topic usage report
normalize-audit-fairy-swordfish	active	creation	exact	fairy-swordfish	fairey-swordfish	Fairey Swordfish	["Fairy Swordfish"]	Reviewed misspelling duplicate from the video topic usage report
display-audit-fairey-swordfish	active	display	exact	fairey-swordfish	fairey-swordfish	Fairey Swordfish	["Fairy Swordfish"]	Reviewed misspelling duplicate from the video topic usage report
normalize-audit-fairey-iii-f	active	creation	exact	fairey-iii-f	fairey-iiif	Fairey IIIF	["Fairey III F"]	Reviewed misspelling duplicate from the video topic usage report
display-audit-fairey-iiif	active	display	exact	fairey-iiif	fairey-iiif	Fairey IIIF	["Fairey III F"]	Reviewed misspelling duplicate from the video topic usage report
normalize-audit-julian-corbet	active	creation	exact	julian-corbet	julian-corbett	Julian Corbett	["Julian Corbet"]	Reviewed misspelling duplicate from the video topic usage report
display-audit-julian-corbett	active	display	exact	julian-corbett	julian-corbett	Julian Corbett	["Julian Corbet"]	Reviewed misspelling duplicate from the video topic usage report
normalize-audit-camel-laird	active	creation	exact	camel-laird	cammell-laird	Cammell Laird	["Camel Laird"]	Reviewed misspelling duplicate from the video topic usage report
display-audit-cammell-laird	active	display	exact	cammell-laird	cammell-laird	Cammell Laird	["Camel Laird"]	Reviewed misspelling duplicate from the video topic usage report
normalize-audit-aretheusa-class-cruisers	active	creation	exact	aretheusa-class-cruisers	arethusa-class-cruisers	Arethusa-Class Cruisers	["Aretheusa Class Cruisers"]	Reviewed misspelling duplicate from the video topic usage report
display-audit-arethusa-class-cruisers	active	display	exact	arethusa-class-cruisers	arethusa-class-cruisers	Arethusa-Class Cruisers	["Aretheusa Class Cruisers"]	Reviewed misspelling duplicate from the video topic usage report
normalize-audit-ernest-troubbridge	active	creation	exact	ernest-troubbridge	ernest-troubridge	Ernest Troubridge	["Ernest Troubbridge"]	Reviewed misspelling duplicate from the video topic usage report
display-audit-ernest-troubridge	active	display	exact	ernest-troubridge	ernest-troubridge	Ernest Troubridge	["Ernest Troubbridge"]	Reviewed misspelling duplicate from the video topic usage report
normalize-audit-corelli-barnett	active	creation	exact	corelli-barnett	correlli-barnett	Correlli Barnett	["Corelli Barnett"]	Reviewed misspelling duplicate from the video topic usage report
display-audit-correlli-barnett	active	display	exact	correlli-barnett	correlli-barnett	Correlli Barnett	["Corelli Barnett"]	Reviewed misspelling duplicate from the video topic usage report
normalize-audit-george-augustus-elliott	active	creation	exact	george-augustus-elliott	george-augustus-eliott	George Augustus Eliott	["George Augustus Elliott"]	Reviewed misspelling duplicate from the video topic usage report
display-audit-george-augustus-eliott	active	display	exact	george-augustus-eliott	george-augustus-eliott	George Augustus Eliott	["George Augustus Elliott"]	Reviewed misspelling duplicate from the video topic usage report
normalize-audit-almarante-latorre-class	active	creation	exact	almarante-latorre-class	almirante-latorre-class	Almirante Latorre Class	["Almarante Latorre Class"]	Reviewed misspelling duplicate from the video topic usage report
display-audit-almirante-latorre-class	active	display	exact	almirante-latorre-class	almirante-latorre-class	Almirante Latorre Class	["Almarante Latorre Class"]	Reviewed misspelling duplicate from the video topic usage report
normalize-audit-guerilla-warfare	active	creation	exact	guerilla-warfare	guerrilla-warfare	Guerrilla Warfare	["Guerilla Warfare"]	Reviewed misspelling duplicate from the video topic usage report
display-audit-guerrilla-warfare	active	display	exact	guerrilla-warfare	guerrilla-warfare	Guerrilla Warfare	["Guerilla Warfare"]	Reviewed misspelling duplicate from the video topic usage report
normalize-audit-volcano-ammunition	active	creation	exact	volcano-ammunition	vulcano-ammunition	Vulcano Ammunition	["Volcano Ammunition"]	Reviewed misspelling duplicate from the video topic usage report
display-audit-vulcano-ammunition	active	display	exact	vulcano-ammunition	vulcano-ammunition	Vulcano Ammunition	["Volcano Ammunition"]	Reviewed misspelling duplicate from the video topic usage report
normalize-audit-antiship-missiles	active	creation	exact	antiship-missiles	anti-ship-missiles	Anti-Ship Missiles	["Antiship Missiles"]	Reviewed alternate-spelling duplicate from the video topic usage report
display-audit-anti-ship-missiles	active	display	exact	anti-ship-missiles	anti-ship-missiles	Anti-Ship Missiles	["Antiship Missiles"]	Reviewed alternate-spelling duplicate from the video topic usage report
normalize-audit-airpower-theory	active	creation	exact	airpower-theory	air-power-theory	Air Power Theory	["Airpower Theory"]	Reviewed alternate-spelling duplicate from the video topic usage report
display-audit-air-power-theory	active	display	exact	air-power-theory	air-power-theory	Air Power Theory	["Airpower Theory"]	Reviewed alternate-spelling duplicate from the video topic usage report
normalize-audit-inter-service-politics	active	creation	exact	inter-service-politics	interservice-politics	Interservice Politics	["Inter Service Politics"]	Reviewed alternate-spelling duplicate from the video topic usage report
display-audit-interservice-politics	active	display	exact	interservice-politics	interservice-politics	Interservice Politics	["Inter Service Politics"]	Reviewed alternate-spelling duplicate from the video topic usage report
normalize-audit-convoy-escorts	active	creation	exact	convoy-escorts	convoy-escort	Convoy Escort	["Convoy Escorts"]	Reviewed singular-plural duplicate from the video topic usage report
display-audit-convoy-escort	active	display	exact	convoy-escort	convoy-escort	Convoy Escort	["Convoy Escorts"]	Reviewed singular-plural duplicate from the video topic usage report
normalize-audit-naval-arms-races	active	creation	exact	naval-arms-races	naval-arms-race	Naval Arms Race	["Naval Arms Races"]	Reviewed singular-plural duplicate from the video topic usage report
display-audit-naval-arms-race	active	display	exact	naval-arms-race	naval-arms-race	Naval Arms Race	["Naval Arms Races"]	Reviewed singular-plural duplicate from the video topic usage report
normalize-audit-historical-methods	active	creation	exact	historical-methods	historical-method	Historical Method	["Historical Methods"]	Reviewed singular-plural duplicate from the video topic usage report
display-audit-historical-method	active	display	exact	historical-method	historical-method	Historical Method	["Historical Methods"]	Reviewed singular-plural duplicate from the video topic usage report
normalize-audit-tribal-class-destroyer	active	creation	exact	tribal-class-destroyer	tribal-class-destroyers	Tribal-Class Destroyers	["Tribal class","Tribals","Tribal Class Destroyer"]	Reviewed singular-plural duplicate from the video topic usage report
display-audit-tribal-class-destroyers	active	display	exact	tribal-class-destroyers	tribal-class-destroyers	Tribal-Class Destroyers	["Tribal class","Tribals","Tribal Class Destroyer"]	Reviewed singular-plural duplicate from the video topic usage report
normalize-audit-dreadnought	active	creation	exact	dreadnought	dreadnoughts	Dreadnoughts	["Dreadnought"]	Reviewed singular-plural duplicate from the video topic usage report
display-audit-dreadnoughts	active	display	exact	dreadnoughts	dreadnoughts	Dreadnoughts	["Dreadnought"]	Reviewed singular-plural duplicate from the video topic usage report
normalize-audit-coastal-defences	active	creation	exact	coastal-defences	coastal-defence	Coastal Defence	["Coastal Defense","Coastal Defences","Coastal Defenses","invasion defenses"]	Reviewed singular-plural duplicate from the video topic usage report
display-audit-coastal-defence	active	display	exact	coastal-defence	coastal-defence	Coastal Defence	["Coastal Defense","Coastal Defences","Coastal Defenses","invasion defenses"]	Reviewed singular-plural duplicate from the video topic usage report
normalize-audit-type-45-destroyers	active	creation	exact	type-45-destroyers	type-45-destroyer	Type 45 Destroyer	["Type 45 Destroyers"]	Reviewed singular-plural duplicate from the video topic usage report
display-audit-type-45-destroyer	active	display	exact	type-45-destroyer	type-45-destroyer	Type 45 Destroyer	["Type 45 Destroyers"]	Reviewed singular-plural duplicate from the video topic usage report
normalize-audit-vertical-launch-system	active	creation	exact	vertical-launch-system	vertical-launch-systems	Vertical Launch Systems	["Vertical Launch System"]	Reviewed singular-plural duplicate from the video topic usage report
display-audit-vertical-launch-systems	active	display	exact	vertical-launch-systems	vertical-launch-systems	Vertical Launch Systems	["Vertical Launch System"]	Reviewed singular-plural duplicate from the video topic usage report
normalize-audit-ship-of-the-line	active	creation	exact	ship-of-the-line	ships-of-the-line	Ships of the Line	["line of battle ships","Ship Of The Line"]	Reviewed singular-plural duplicate from the video topic usage report
normalize-audit-type-26-frigates	active	creation	exact	type-26-frigates	type-26-frigate	Type 26 Frigate	["Type 26 Frigates"]	Reviewed singular-plural duplicate from the video topic usage report
display-audit-type-26-frigate	active	display	exact	type-26-frigate	type-26-frigate	Type 26 Frigate	["Type 26 Frigates"]	Reviewed singular-plural duplicate from the video topic usage report
normalize-audit-type-31-frigates	active	creation	exact	type-31-frigates	type-31-frigate	Type 31 Frigate	["Type 31 Frigates"]	Reviewed singular-plural duplicate from the video topic usage report
display-audit-type-31-frigate	active	display	exact	type-31-frigate	type-31-frigate	Type 31 Frigate	["Type 31 Frigates"]	Reviewed singular-plural duplicate from the video topic usage report
normalize-audit-blockades	active	creation	exact	blockades	naval-blockade	Naval Blockade	["Naval Blockades","Blockade","Blockades","maritime blockade","commerce blockade"]	Reviewed singular-plural duplicate from the video topic usage report
display-audit-blockade	disabled	display	exact	blockade	naval-blockade	Naval Blockade	["Naval Blockades","Blockade","Blockades","maritime blockade","commerce blockade"]	Reviewed singular-plural duplicate from the video topic usage report; aliases migrated and display rule disabled because its exact source slug was consolidated
normalize-audit-interwar-navies	active	creation	exact	interwar-navies	interwar-navy	Interwar Navy	["interwar navies"]	Reviewed singular-plural duplicate from the video topic usage report
display-audit-interwar-navy	active	display	exact	interwar-navy	interwar-navy	Interwar Navy	["interwar navies"]	Reviewed singular-plural duplicate from the video topic usage report
normalize-audit-town-class-cruiser	active	creation	exact	town-class-cruiser	town-class-cruisers	Town-Class Cruisers	["Town Class Cruiser"]	Reviewed singular-plural duplicate from the video topic usage report
display-audit-town-class-cruisers	active	display	exact	town-class-cruisers	town-class-cruisers	Town-Class Cruisers	["Town Class Cruiser"]	Reviewed singular-plural duplicate from the video topic usage report
normalize-audit-naval-radars	active	creation	exact	naval-radars	naval-radar	Naval Radar	["ship radar","maritime radar","Naval Radars"]	Reviewed singular-plural duplicate from the video topic usage report
display-audit-naval-radar	active	display	exact	naval-radar	naval-radar	Naval Radar	["ship radar","maritime radar","Naval Radars"]	Reviewed singular-plural duplicate from the video topic usage report
normalize-audit-carrier-air-group	active	creation	exact	carrier-air-group	carrier-air-groups	Carrier Air Groups	["Carrier Air Group"]	Reviewed singular-plural duplicate from the video topic usage report
display-audit-carrier-air-groups	active	display	exact	carrier-air-groups	carrier-air-groups	Carrier Air Groups	["Carrier Air Group"]	Reviewed singular-plural duplicate from the video topic usage report
normalize-audit-naval-blockades	active	creation	exact	naval-blockades	naval-blockade	Naval Blockade	["Naval Blockades"]	Reviewed singular-plural duplicate from the video topic usage report
display-audit-naval-blockade	active	display	exact	naval-blockade	naval-blockade	Naval Blockade	["Naval Blockades"]	Reviewed singular-plural duplicate from the video topic usage report
normalize-audit-naval-communication	active	creation	exact	naval-communication	naval-communications	Naval Communications	["Naval Communication"]	Reviewed singular-plural duplicate from the video topic usage report
display-audit-naval-communications	active	display	exact	naval-communications	naval-communications	Naval Communications	["Naval Communication"]	Reviewed singular-plural duplicate from the video topic usage report
normalize-audit-g3-battlecruiser	active	creation	exact	g3-battlecruiser	g3-class-battlecruisers	G3 Class Battlecruisers	["G3 Class","G3 Battlecruisers","G3 battlecruiser","G3 carrier conversion"]	Reviewed singular-plural duplicate from the video topic usage report
display-audit-g3-battlecruisers	disabled	display	exact	g3-battlecruisers	g3-class-battlecruisers	G3 Class Battlecruisers	["G3 Class","G3 Battlecruisers","G3 battlecruiser","G3 carrier conversion"]	Reviewed singular-plural duplicate from the video topic usage report; aliases migrated and display rule disabled because its exact source slug was consolidated
normalize-audit-close-in-weapon-system	active	creation	exact	close-in-weapon-system	close-in-weapon-systems	Close-In Weapon Systems	["Close In Weapon System","Close In Weapons Systems","CIWS"]	Reviewed singular-plural duplicate from the video topic usage report
normalize-audit-close-in-weapons-systems	active	creation	exact	close-in-weapons-systems	close-in-weapon-systems	Close-In Weapon Systems	["Close In Weapon System","Close In Weapons Systems","CIWS"]	Reviewed singular-plural duplicate from the video topic usage report
display-audit-close-in-weapon-systems	active	display	exact	close-in-weapon-systems	close-in-weapon-systems	Close-In Weapon Systems	["Close In Weapon System","Close In Weapons Systems","CIWS"]	Reviewed singular-plural duplicate from the video topic usage report
normalize-audit-admiral-reginald-henderson	active	creation	exact	admiral-reginald-henderson	reginald-henderson	Reginald Henderson	["Admiral Reginald Henderson","Admiral Henderson"]	Reviewed alternate personal-name or rank-title duplicate from the video topic usage report
normalize-audit-admiral-henderson	review	creation	exact	admiral-henderson	reginald-henderson	Reginald Henderson	["Admiral Reginald Henderson","Admiral Henderson"]	Reviewed alternate personal-name or rank-title duplicate from the video topic usage report; safety audit: Can identify Reginald Henderson or another Admiral Henderson.
display-audit-reginald-henderson	active	display	exact	reginald-henderson	reginald-henderson	Reginald Henderson	["Admiral Reginald Henderson","Admiral Henderson"]	Reviewed alternate personal-name or rank-title duplicate from the video topic usage report
normalize-audit-admiral-david-beatty	active	creation	exact	admiral-david-beatty	david-beatty	David Beatty	["Admiral David Beatty","Admiral Beatty"]	Reviewed alternate personal-name or rank-title duplicate from the video topic usage report
normalize-audit-admiral-beatty	active	creation	exact	admiral-beatty	david-beatty	David Beatty	["Admiral David Beatty","Admiral Beatty"]	Reviewed alternate personal-name or rank-title duplicate from the video topic usage report
display-audit-david-beatty	active	display	exact	david-beatty	david-beatty	David Beatty	["Admiral David Beatty","Admiral Beatty"]	Reviewed alternate personal-name or rank-title duplicate from the video topic usage report
normalize-audit-admiral-john-jellicoe	active	creation	exact	admiral-john-jellicoe	john-jellicoe	John Jellicoe	["Admiral John Jellicoe","Admiral Jellicoe"]	Reviewed alternate personal-name or rank-title duplicate from the video topic usage report
normalize-audit-admiral-jellicoe	active	creation	exact	admiral-jellicoe	john-jellicoe	John Jellicoe	["Admiral John Jellicoe","Admiral Jellicoe"]	Reviewed alternate personal-name or rank-title duplicate from the video topic usage report
display-audit-john-jellicoe	active	display	exact	john-jellicoe	john-jellicoe	John Jellicoe	["Admiral John Jellicoe","Admiral Jellicoe"]	Reviewed alternate personal-name or rank-title duplicate from the video topic usage report
normalize-audit-admiral-john-fisher	active	creation	exact	admiral-john-fisher	john-fisher	John Fisher	["Admiral John Fisher","Admiral Fisher","Jacky Fisher","Jackie Fisher"]	Reviewed alternate personal-name or rank-title duplicate from the video topic usage report
normalize-audit-admiral-fisher	active	creation	exact	admiral-fisher	john-fisher	John Fisher	["Admiral John Fisher","Admiral Fisher","Jacky Fisher","Jackie Fisher"]	Reviewed alternate personal-name or rank-title duplicate from the video topic usage report
normalize-audit-jacky-fisher	active	creation	exact	jacky-fisher	john-fisher	John Fisher	["Admiral John Fisher","Admiral Fisher","Jacky Fisher","Jackie Fisher"]	Reviewed alternate personal-name or rank-title duplicate from the video topic usage report
normalize-audit-jackie-fisher	active	creation	exact	jackie-fisher	john-fisher	John Fisher	["Admiral John Fisher","Admiral Fisher","Jacky Fisher","Jackie Fisher"]	Reviewed alternate personal-name or rank-title duplicate from the video topic usage report
display-audit-john-fisher	active	display	exact	john-fisher	john-fisher	John Fisher	["Admiral John Fisher","Admiral Fisher","Jacky Fisher","Jackie Fisher"]	Reviewed alternate personal-name or rank-title duplicate from the video topic usage report
normalize-audit-admiral-james-somerville	active	creation	exact	admiral-james-somerville	james-somerville	James Somerville	["Admiral James Somerville","Admiral Somerville"]	Reviewed alternate personal-name or rank-title duplicate from the video topic usage report
normalize-audit-admiral-somerville	active	creation	exact	admiral-somerville	james-somerville	James Somerville	["Admiral James Somerville","Admiral Somerville"]	Reviewed alternate personal-name or rank-title duplicate from the video topic usage report
display-audit-james-somerville	active	display	exact	james-somerville	james-somerville	James Somerville	["Admiral James Somerville","Admiral Somerville"]	Reviewed alternate personal-name or rank-title duplicate from the video topic usage report
normalize-audit-ernest-king	active	creation	exact	ernest-king	ernest-j-king	Ernest J. King	["Ernest King","Admiral Ernest King"]	Reviewed alternate personal-name or rank-title duplicate from the video topic usage report
normalize-audit-admiral-ernest-king	active	creation	exact	admiral-ernest-king	ernest-j-king	Ernest J. King	["Ernest King","Admiral Ernest King"]	Reviewed alternate personal-name or rank-title duplicate from the video topic usage report
display-audit-ernest-j-king	active	display	exact	ernest-j-king	ernest-j-king	Ernest J. King	["Ernest King","Admiral Ernest King"]	Reviewed alternate personal-name or rank-title duplicate from the video topic usage report
normalize-audit-chester-nimitz	active	creation	exact	chester-nimitz	chester-w-nimitz	Chester W. Nimitz	["Chester Nimitz","Admiral Chester Nimitz"]	Reviewed alternate personal-name or rank-title duplicate from the video topic usage report
normalize-audit-admiral-chester-nimitz	active	creation	exact	admiral-chester-nimitz	chester-w-nimitz	Chester W. Nimitz	["Chester Nimitz","Admiral Chester Nimitz"]	Reviewed alternate personal-name or rank-title duplicate from the video topic usage report
display-audit-chester-w-nimitz	active	display	exact	chester-w-nimitz	chester-w-nimitz	Chester W. Nimitz	["Chester Nimitz","Admiral Chester Nimitz"]	Reviewed alternate personal-name or rank-title duplicate from the video topic usage report
normalize-audit-husband-kimmel	active	creation	exact	husband-kimmel	husband-e-kimmel	Husband E. Kimmel	["Husband Kimmel","Admiral Husband Kimmel"]	Reviewed alternate personal-name or rank-title duplicate from the video topic usage report
normalize-audit-admiral-husband-kimmel	active	creation	exact	admiral-husband-kimmel	husband-e-kimmel	Husband E. Kimmel	["Husband Kimmel","Admiral Husband Kimmel"]	Reviewed alternate personal-name or rank-title duplicate from the video topic usage report
display-audit-husband-e-kimmel	active	display	exact	husband-e-kimmel	husband-e-kimmel	Husband E. Kimmel	["Husband Kimmel","Admiral Husband Kimmel"]	Reviewed alternate personal-name or rank-title duplicate from the video topic usage report
normalize-audit-lord-charles-beresford	active	creation	exact	lord-charles-beresford	charles-beresford	Charles Beresford	["Lord Charles Beresford"]	Reviewed alternate personal-name or rank-title duplicate from the video topic usage report
display-audit-charles-beresford	active	display	exact	charles-beresford	charles-beresford	Charles Beresford	["Lord Charles Beresford"]	Reviewed alternate personal-name or rank-title duplicate from the video topic usage report
normalize-audit-captain-hans-langsdorff	active	creation	exact	captain-hans-langsdorff	hans-langsdorff	Hans Langsdorff	["Captain Hans Langsdorff"]	Reviewed alternate personal-name or rank-title duplicate from the video topic usage report
display-audit-hans-langsdorff	active	display	exact	hans-langsdorff	hans-langsdorff	Hans Langsdorff	["Captain Hans Langsdorff"]	Reviewed alternate personal-name or rank-title duplicate from the video topic usage report
normalize-audit-admiral-bruce-fraser	active	creation	exact	admiral-bruce-fraser	bruce-fraser	Bruce Fraser	["Admiral Bruce Fraser","Admiral Fraser"]	Reviewed alternate personal-name or rank-title duplicate from the video topic usage report
normalize-audit-admiral-fraser	review	creation	exact	admiral-fraser	bruce-fraser	Bruce Fraser	["Admiral Bruce Fraser","Admiral Fraser"]	Reviewed alternate personal-name or rank-title duplicate from the video topic usage report; safety audit: Bare surname can identify more than one admiral.
display-audit-bruce-fraser	active	display	exact	bruce-fraser	bruce-fraser	Bruce Fraser	["Admiral Bruce Fraser","Admiral Fraser"]	Reviewed alternate personal-name or rank-title duplicate from the video topic usage report
normalize-audit-james-richardson	active	creation	exact	james-richardson	james-o-richardson	James O. Richardson	["James Richardson","Admiral James Richardson"]	Reviewed alternate personal-name or rank-title duplicate from the video topic usage report
normalize-audit-admiral-james-richardson	active	creation	exact	admiral-james-richardson	james-o-richardson	James O. Richardson	["James Richardson","Admiral James Richardson"]	Reviewed alternate personal-name or rank-title duplicate from the video topic usage report
display-audit-james-o-richardson	active	display	exact	james-o-richardson	james-o-richardson	James O. Richardson	["James Richardson","Admiral James Richardson"]	Reviewed alternate personal-name or rank-title duplicate from the video topic usage report
normalize-audit-george-rodney	active	creation	exact	george-rodney	george-brydges-rodney	George Brydges Rodney	["George Rodney","Admiral George Rodney"]	Reviewed alternate personal-name or rank-title duplicate from the video topic usage report
normalize-audit-admiral-george-rodney	active	creation	exact	admiral-george-rodney	george-brydges-rodney	George Brydges Rodney	["George Rodney","Admiral George Rodney"]	Reviewed alternate personal-name or rank-title duplicate from the video topic usage report
display-audit-george-brydges-rodney	active	display	exact	george-brydges-rodney	george-brydges-rodney	George Brydges Rodney	["George Rodney","Admiral George Rodney"]	Reviewed alternate personal-name or rank-title duplicate from the video topic usage report
normalize-audit-admiral-hyman-rickover	active	creation	exact	admiral-hyman-rickover	hyman-rickover	Hyman Rickover	["Admiral Hyman Rickover","Admiral Rickover"]	Reviewed alternate personal-name or rank-title duplicate from the video topic usage report
normalize-audit-admiral-rickover	active	creation	exact	admiral-rickover	hyman-rickover	Hyman Rickover	["Admiral Hyman Rickover","Admiral Rickover"]	Reviewed alternate personal-name or rank-title duplicate from the video topic usage report
display-audit-hyman-rickover	active	display	exact	hyman-rickover	hyman-rickover	Hyman Rickover	["Admiral Hyman Rickover","Admiral Rickover"]	Reviewed alternate personal-name or rank-title duplicate from the video topic usage report
normalize-audit-admiral-bertram-ramsay	active	creation	exact	admiral-bertram-ramsay	bertram-ramsay	Bertram Ramsay	["Admiral Bertram Ramsay","Admiral Ramsay"]	Reviewed alternate personal-name or rank-title duplicate from the video topic usage report
normalize-audit-admiral-ramsay	active	creation	exact	admiral-ramsay	bertram-ramsay	Bertram Ramsay	["Admiral Bertram Ramsay","Admiral Ramsay"]	Reviewed alternate personal-name or rank-title duplicate from the video topic usage report
display-audit-bertram-ramsay	active	display	exact	bertram-ramsay	bertram-ramsay	Bertram Ramsay	["Admiral Bertram Ramsay","Admiral Ramsay"]	Reviewed alternate personal-name or rank-title duplicate from the video topic usage report
normalize-audit-william-moffett	active	creation	exact	william-moffett	william-a-moffett	William A. Moffett	["William Moffett","Admiral William Moffett"]	Reviewed alternate personal-name or rank-title duplicate from the video topic usage report
normalize-audit-admiral-william-moffett	active	creation	exact	admiral-william-moffett	william-a-moffett	William A. Moffett	["William Moffett","Admiral William Moffett"]	Reviewed alternate personal-name or rank-title duplicate from the video topic usage report
display-audit-william-a-moffett	active	display	exact	william-a-moffett	william-a-moffett	William A. Moffett	["William Moffett","Admiral William Moffett"]	Reviewed alternate personal-name or rank-title duplicate from the video topic usage report
normalize-audit-frederick-sturdee	active	creation	exact	frederick-sturdee	doveton-sturdee	Doveton Sturdee	["Frederick Sturdee","Admiral Frederick Sturdee","Frederick Doveton Sturdee"]	Reviewed alternate personal-name or rank-title duplicate from the video topic usage report
normalize-audit-admiral-frederick-sturdee	active	creation	exact	admiral-frederick-sturdee	doveton-sturdee	Doveton Sturdee	["Frederick Sturdee","Admiral Frederick Sturdee","Frederick Doveton Sturdee"]	Reviewed alternate personal-name or rank-title duplicate from the video topic usage report
display-audit-doveton-sturdee	active	display	exact	doveton-sturdee	doveton-sturdee	Doveton Sturdee	["Frederick Sturdee","Admiral Frederick Sturdee","Frederick Doveton Sturdee"]	Reviewed alternate personal-name or rank-title duplicate from the video topic usage report
normalize-audit-commodore-matthew-perry	active	creation	exact	commodore-matthew-perry	matthew-perry	Matthew Perry	["Commodore Matthew Perry","Commodore Perry"]	Reviewed alternate personal-name or rank-title duplicate from the video topic usage report
normalize-audit-commodore-perry	review	creation	exact	commodore-perry	matthew-perry	Matthew Perry	["Commodore Matthew Perry","Commodore Perry"]	Reviewed alternate personal-name or rank-title duplicate from the video topic usage report; safety audit: Can identify Matthew Perry or Oliver Hazard Perry.
display-audit-matthew-perry	active	display	exact	matthew-perry	matthew-perry	Matthew Perry	["Commodore Matthew Perry","Commodore Perry"]	Reviewed alternate personal-name or rank-title duplicate from the video topic usage report
normalize-audit-lord-nelson	review	creation	exact	lord-nelson	horatio-nelson	Horatio Nelson	["Lord Nelson"]	Reviewed alternate personal-name or rank-title duplicate from the video topic usage report; safety audit: Can identify Horatio Nelson or the namesake HMS Lord Nelson.
display-audit-horatio-nelson	active	display	exact	horatio-nelson	horatio-nelson	Horatio Nelson	["Lord Nelson"]	Reviewed alternate personal-name or rank-title duplicate from the video topic usage report
normalize-audit-yamamoto-isoroku	active	creation	exact	yamamoto-isoroku	isoroku-yamamoto	Isoroku Yamamoto	["Is Oroku Yamamoto","Yamamoto Isoroku","Yamamoto","Isooroku Yamamoto","Isokoroku Yamamoto","Isokoru Yamamoto","Isoku Yamamoto"]	Reviewed alternate personal-name or rank-title duplicate from the video topic usage report
normalize-audit-yamamoto	active	creation	exact	yamamoto	isoroku-yamamoto	Isoroku Yamamoto	["Is Oroku Yamamoto","Yamamoto Isoroku","Yamamoto","Isooroku Yamamoto","Isokoroku Yamamoto","Isokoru Yamamoto","Isoku Yamamoto"]	Reviewed alternate personal-name or rank-title duplicate from the video topic usage report
normalize-audit-isooroku-yamamoto	active	creation	exact	isooroku-yamamoto	isoroku-yamamoto	Isoroku Yamamoto	["Is Oroku Yamamoto","Yamamoto Isoroku","Yamamoto","Isooroku Yamamoto","Isokoroku Yamamoto","Isokoru Yamamoto","Isoku Yamamoto"]	Reviewed alternate personal-name or rank-title duplicate from the video topic usage report
normalize-audit-isokoroku-yamamoto	active	creation	exact	isokoroku-yamamoto	isoroku-yamamoto	Isoroku Yamamoto	["Is Oroku Yamamoto","Yamamoto Isoroku","Yamamoto","Isooroku Yamamoto","Isokoroku Yamamoto","Isokoru Yamamoto","Isoku Yamamoto"]	Reviewed alternate personal-name or rank-title duplicate from the video topic usage report
normalize-audit-isokoru-yamamoto	active	creation	exact	isokoru-yamamoto	isoroku-yamamoto	Isoroku Yamamoto	["Is Oroku Yamamoto","Yamamoto Isoroku","Yamamoto","Isooroku Yamamoto","Isokoroku Yamamoto","Isokoru Yamamoto","Isoku Yamamoto"]	Reviewed alternate personal-name or rank-title duplicate from the video topic usage report
normalize-audit-isoku-yamamoto	active	creation	exact	isoku-yamamoto	isoroku-yamamoto	Isoroku Yamamoto	["Is Oroku Yamamoto","Yamamoto Isoroku","Yamamoto","Isooroku Yamamoto","Isokoroku Yamamoto","Isokoru Yamamoto","Isoku Yamamoto"]	Reviewed alternate personal-name or rank-title duplicate from the video topic usage report
normalize-audit-frederick-dreyer	active	creation	exact	frederick-dreyer	frederic-dreyer	Frederic Dreyer	["Frederick Dreyer"]	Reviewed alternate personal-name or rank-title duplicate from the video topic usage report
display-audit-frederic-dreyer	active	display	exact	frederic-dreyer	frederic-dreyer	Frederic Dreyer	["Frederick Dreyer"]	Reviewed alternate personal-name or rank-title duplicate from the video topic usage report
normalize-audit-thomas-fellows	active	creation	exact	thomas-fellows	thomas-fellowes	Thomas Fellowes	["Thomas Fellows"]	Reviewed alternate personal-name or rank-title duplicate from the video topic usage report
display-audit-thomas-fellowes	active	display	exact	thomas-fellowes	thomas-fellowes	Thomas Fellowes	["Thomas Fellows"]	Reviewed alternate personal-name or rank-title duplicate from the video topic usage report
normalize-audit-lodewijk-van-heyden	active	creation	exact	lodewijk-van-heyden	lodewijk-van-heiden	Lodewijk van Heiden	["Lodewijk Van Heyden"]	Reviewed alternate personal-name or rank-title duplicate from the video topic usage report
display-audit-lodewijk-van-heiden	active	display	exact	lodewijk-van-heiden	lodewijk-van-heiden	Lodewijk van Heiden	["Lodewijk Van Heyden"]	Reviewed alternate personal-name or rank-title duplicate from the video topic usage report
normalize-audit-nikolay-kuznetsov	active	creation	exact	nikolay-kuznetsov	nikolai-kuznetsov	Nikolai Kuznetsov	["Nikolay Kuznetsov"]	Reviewed alternate personal-name or rank-title duplicate from the video topic usage report
display-audit-nikolai-kuznetsov	active	display	exact	nikolai-kuznetsov	nikolai-kuznetsov	Nikolai Kuznetsov	["Nikolay Kuznetsov"]	Reviewed alternate personal-name or rank-title duplicate from the video topic usage report
normalize-audit-sergei-gorshkov	active	creation	exact	sergei-gorshkov	sergey-gorshkov	Sergey Gorshkov	["Sergei Gorshkov"]	Reviewed alternate personal-name or rank-title duplicate from the video topic usage report
display-audit-sergey-gorshkov	active	display	exact	sergey-gorshkov	sergey-gorshkov	Sergey Gorshkov	["Sergei Gorshkov"]	Reviewed alternate personal-name or rank-title duplicate from the video topic usage report
normalize-audit-hermann-goring	active	creation	exact	hermann-goring	hermann-goering	Hermann Göring	["Hermann Goring","Hermann Goering"]	Reviewed alternate personal-name or rank-title duplicate from the video topic usage report
display-audit-hermann-goering	active	display	exact	hermann-goering	hermann-goering	Hermann Göring	["Hermann Goring","Hermann Goering"]	Reviewed alternate personal-name or rank-title duplicate from the video topic usage report
normalize-audit-admiral-andrew-cunningham	active	creation	exact	admiral-andrew-cunningham	andrew-cunningham	Andrew Cunningham	["Admiral Andrew Cunningham"]	Reviewed alternate personal-name or rank-title duplicate from the video topic usage report
display-audit-andrew-cunningham	active	display	exact	andrew-cunningham	andrew-cunningham	Andrew Cunningham	["Admiral Andrew Cunningham"]	Reviewed alternate personal-name or rank-title duplicate from the video topic usage report
normalize-audit-admiral-john-byng	active	creation	exact	admiral-john-byng	john-byng	John Byng	["Admiral John Byng"]	Reviewed alternate personal-name or rank-title duplicate from the video topic usage report
display-audit-john-byng	active	display	exact	john-byng	john-byng	John Byng	["Admiral John Byng"]	Reviewed alternate personal-name or rank-title duplicate from the video topic usage report
normalize-audit-admiral-tom-phillips	active	creation	exact	admiral-tom-phillips	tom-phillips	Tom Phillips	["Admiral Tom Phillips"]	Reviewed alternate personal-name or rank-title duplicate from the video topic usage report
display-audit-tom-phillips	active	display	exact	tom-phillips	tom-phillips	Tom Phillips	["Admiral Tom Phillips"]	Reviewed alternate personal-name or rank-title duplicate from the video topic usage report
normalize-audit-admiral-george-tryon	active	creation	exact	admiral-george-tryon	george-tryon	George Tryon	["Admiral George Tryon"]	Reviewed alternate personal-name or rank-title duplicate from the video topic usage report
display-audit-george-tryon	active	display	exact	george-tryon	george-tryon	George Tryon	["Admiral George Tryon"]	Reviewed alternate personal-name or rank-title duplicate from the video topic usage report
normalize-audit-admiral-percy-noble	active	creation	exact	admiral-percy-noble	percy-noble	Percy Noble	["Admiral Percy Noble"]	Reviewed alternate personal-name or rank-title duplicate from the video topic usage report
display-audit-percy-noble	active	display	exact	percy-noble	percy-noble	Percy Noble	["Admiral Percy Noble"]	Reviewed alternate personal-name or rank-title duplicate from the video topic usage report
normalize-audit-admiral-raymond-spruance	active	creation	exact	admiral-raymond-spruance	raymond-spruance	Raymond Spruance	["Admiral Raymond Spruance"]	Reviewed alternate personal-name or rank-title duplicate from the video topic usage report
display-audit-raymond-spruance	active	display	exact	raymond-spruance	raymond-spruance	Raymond Spruance	["Admiral Raymond Spruance"]	Reviewed alternate personal-name or rank-title duplicate from the video topic usage report
normalize-audit-admiral-robert-calder	active	creation	exact	admiral-robert-calder	robert-calder	Robert Calder	["Admiral Robert Calder"]	Reviewed alternate personal-name or rank-title duplicate from the video topic usage report
display-audit-robert-calder	active	display	exact	robert-calder	robert-calder	Robert Calder	["Admiral Robert Calder"]	Reviewed alternate personal-name or rank-title duplicate from the video topic usage report
normalize-audit-geoffrey-hornby	active	creation	exact	geoffrey-hornby	geoffrey-phipps-hornby	Geoffrey Phipps Hornby	["Geoffrey Hornby","Sir Geoffrey Phipps Hornby"]	Reviewed alternate personal-name or rank-title duplicate from the video topic usage report
normalize-audit-sir-geoffrey-phipps-hornby	active	creation	exact	sir-geoffrey-phipps-hornby	geoffrey-phipps-hornby	Geoffrey Phipps Hornby	["Geoffrey Hornby","Sir Geoffrey Phipps Hornby"]	Reviewed alternate personal-name or rank-title duplicate from the video topic usage report
display-audit-geoffrey-phipps-hornby	active	display	exact	geoffrey-phipps-hornby	geoffrey-phipps-hornby	Geoffrey Phipps Hornby	["Geoffrey Hornby","Sir Geoffrey Phipps Hornby"]	Reviewed alternate personal-name or rank-title duplicate from the video topic usage report
normalize-audit-admiral-yi-sun-sin	active	creation	exact	admiral-yi-sun-sin	yi-sun-sin	Yi Sun-sin	["Admiral Yi Sun Sin"]	Reviewed alternate personal-name or rank-title duplicate from the video topic usage report
display-audit-yi-sun-sin	active	display	exact	yi-sun-sin	yi-sun-sin	Yi Sun-sin	["Admiral Yi Sun Sin"]	Reviewed alternate personal-name or rank-title duplicate from the video topic usage report
normalize-audit-admiral-adam-duncan	active	creation	exact	admiral-adam-duncan	adam-duncan	Adam Duncan	["Admiral Adam Duncan","Admiral Duncan"]	Reviewed alternate personal-name or rank-title duplicate from the video topic usage report
normalize-audit-admiral-duncan	review	creation	exact	admiral-duncan	adam-duncan	Adam Duncan	["Admiral Adam Duncan","Admiral Duncan"]	Reviewed alternate personal-name or rank-title duplicate from the video topic usage report; safety audit: Bare surname can identify more than one admiral.
display-audit-adam-duncan	active	display	exact	adam-duncan	adam-duncan	Adam Duncan	["Admiral Adam Duncan","Admiral Duncan"]	Reviewed alternate personal-name or rank-title duplicate from the video topic usage report
normalize-audit-sir-william-parker	active	creation	exact	sir-william-parker	william-parker	William Parker	["Sir William Parker"]	Reviewed alternate personal-name or rank-title duplicate from the video topic usage report
display-audit-william-parker	active	display	exact	william-parker	william-parker	William Parker	["Sir William Parker"]	Reviewed alternate personal-name or rank-title duplicate from the video topic usage report
normalize-audit-sir-thomas-hardy	active	creation	exact	sir-thomas-hardy	thomas-hardy	Thomas Hardy	["Sir Thomas Hardy"]	Reviewed alternate personal-name or rank-title duplicate from the video topic usage report
display-audit-thomas-hardy	active	display	exact	thomas-hardy	thomas-hardy	Thomas Hardy	["Sir Thomas Hardy"]	Reviewed alternate personal-name or rank-title duplicate from the video topic usage report
normalize-audit-admiral-archibald-milne	active	creation	exact	admiral-archibald-milne	archibald-milne	Archibald Milne	["Admiral Archibald Milne"]	Reviewed alternate personal-name or rank-title duplicate from the video topic usage report
display-audit-archibald-milne	active	display	exact	archibald-milne	archibald-milne	Archibald Milne	["Admiral Archibald Milne"]	Reviewed alternate personal-name or rank-title duplicate from the video topic usage report
normalize-audit-admiral-pascual-cervera	active	creation	exact	admiral-pascual-cervera	pascual-cervera	Pascual Cervera	["Admiral Pascual Cervera"]	Reviewed alternate personal-name or rank-title duplicate from the video topic usage report
display-audit-pascual-cervera	active	display	exact	pascual-cervera	pascual-cervera	Pascual Cervera	["Admiral Pascual Cervera"]	Reviewed alternate personal-name or rank-title duplicate from the video topic usage report
normalize-audit-admiral-john-kelly	active	creation	exact	admiral-john-kelly	john-kelly	John Kelly	["Admiral John Kelly"]	Reviewed alternate personal-name or rank-title duplicate from the video topic usage report
display-audit-john-kelly	active	display	exact	john-kelly	john-kelly	John Kelly	["Admiral John Kelly"]	Reviewed alternate personal-name or rank-title duplicate from the video topic usage report
normalize-audit-captain-frederick-bell	active	creation	exact	captain-frederick-bell	frederick-secker-bell	Frederick Secker Bell	["Captain Frederick Bell"]	Reviewed alternate personal-name or rank-title duplicate from the video topic usage report
display-audit-frederick-secker-bell	active	display	exact	frederick-secker-bell	frederick-secker-bell	Frederick Secker Bell	["Captain Frederick Bell"]	Reviewed alternate personal-name or rank-title duplicate from the video topic usage report
normalize-audit-sir-charles-hardy	active	creation	exact	sir-charles-hardy	charles-hardy	Charles Hardy	["Sir Charles Hardy"]	Reviewed alternate personal-name or rank-title duplicate from the video topic usage report
display-audit-charles-hardy	active	display	exact	charles-hardy	charles-hardy	Charles Hardy	["Sir Charles Hardy"]	Reviewed alternate personal-name or rank-title duplicate from the video topic usage report
normalize-audit-sir-frederick-field	active	creation	exact	sir-frederick-field	frederick-field	Frederick Field	["Sir Frederick Field"]	Reviewed alternate personal-name or rank-title duplicate from the video topic usage report
display-audit-frederick-field	active	display	exact	frederick-field	frederick-field	Frederick Field	["Sir Frederick Field"]	Reviewed alternate personal-name or rank-title duplicate from the video topic usage report
normalize-audit-sir-george-clarke	active	creation	exact	sir-george-clarke	george-sydenham-clarke	George Sydenham Clarke	["Sir George Clarke"]	Reviewed alternate personal-name or rank-title duplicate from the video topic usage report
display-audit-george-sydenham-clarke	active	display	exact	george-sydenham-clarke	george-sydenham-clarke	George Sydenham Clarke	["Sir George Clarke"]	Reviewed alternate personal-name or rank-title duplicate from the video topic usage report
normalize-audit-sir-walter-raleigh	active	creation	exact	sir-walter-raleigh	walter-raleigh	Walter Raleigh	["Sir Walter Raleigh"]	Reviewed alternate personal-name or rank-title duplicate from the video topic usage report
display-audit-walter-raleigh	active	display	exact	walter-raleigh	walter-raleigh	Walter Raleigh	["Sir Walter Raleigh"]	Reviewed alternate personal-name or rank-title duplicate from the video topic usage report
normalize-audit-sir-william-green	active	creation	exact	sir-william-green	william-green	William Green	["Sir William Green"]	Reviewed alternate personal-name or rank-title duplicate from the video topic usage report
display-audit-william-green	active	display	exact	william-green	william-green	William Green	["Sir William Green"]	Reviewed alternate personal-name or rank-title duplicate from the video topic usage report
normalize-audit-franklin-roosevelt	active	creation	exact	franklin-roosevelt	franklin-d-roosevelt	Franklin D. Roosevelt	["Franklin Roosevelt"]	Reviewed alternate personal-name or rank-title duplicate from the video topic usage report
display-audit-franklin-d-roosevelt	active	display	exact	franklin-d-roosevelt	franklin-d-roosevelt	Franklin D. Roosevelt	["Franklin Roosevelt"]	Reviewed alternate personal-name or rank-title duplicate from the video topic usage report
normalize-audit-dwight-eisenhower	active	creation	exact	dwight-eisenhower	dwight-d-eisenhower	Dwight D. Eisenhower	["Dwight Eisenhower"]	Reviewed alternate personal-name or rank-title duplicate from the video topic usage report
display-audit-dwight-d-eisenhower	active	display	exact	dwight-d-eisenhower	dwight-d-eisenhower	Dwight D. Eisenhower	["Dwight Eisenhower"]	Reviewed alternate personal-name or rank-title duplicate from the video topic usage report
normalize-audit-henry-stimson	active	creation	exact	henry-stimson	henry-l-stimson	Henry L. Stimson	["Henry Stimson"]	Reviewed alternate personal-name or rank-title duplicate from the video topic usage report
display-audit-henry-l-stimson	active	display	exact	henry-l-stimson	henry-l-stimson	Henry L. Stimson	["Henry Stimson"]	Reviewed alternate personal-name or rank-title duplicate from the video topic usage report
normalize-audit-emory-land	active	creation	exact	emory-land	emory-s-land	Emory S. Land	["Emory Land"]	Reviewed alternate personal-name or rank-title duplicate from the video topic usage report
display-audit-emory-s-land	active	display	exact	emory-s-land	emory-s-land	Emory S. Land	["Emory Land"]	Reviewed alternate personal-name or rank-title duplicate from the video topic usage report
normalize-audit-harold-stark	active	creation	exact	harold-stark	harold-r-stark	Harold R. Stark	["Harold Stark"]	Reviewed alternate personal-name or rank-title duplicate from the video topic usage report
display-audit-harold-r-stark	active	display	exact	harold-r-stark	harold-r-stark	Harold R. Stark	["Harold Stark"]	Reviewed alternate personal-name or rank-title duplicate from the video topic usage report
normalize-audit-robert-massie	active	creation	exact	robert-massie	robert-k-massie	Robert K. Massie	["Robert Massie"]	Reviewed alternate personal-name or rank-title duplicate from the video topic usage report
display-audit-robert-k-massie	active	display	exact	robert-k-massie	robert-k-massie	Robert K. Massie	["Robert Massie"]	Reviewed alternate personal-name or rank-title duplicate from the video topic usage report
normalize-audit-william-sims	active	creation	exact	william-sims	william-s-sims	William S. Sims	["William Sims"]	Reviewed alternate personal-name or rank-title duplicate from the video topic usage report
display-audit-william-s-sims	active	display	exact	william-s-sims	william-s-sims	William S. Sims	["William Sims"]	Reviewed alternate personal-name or rank-title duplicate from the video topic usage report
normalize-audit-malik-ayyaz	active	creation	exact	malik-ayyaz	malik-ayaz	Malik Ayaz	["Malik Ayyaz"]	Reviewed alternate personal-name or rank-title duplicate from the video topic usage report
display-audit-malik-ayaz	active	display	exact	malik-ayaz	malik-ayaz	Malik Ayaz	["Malik Ayyaz"]	Reviewed alternate personal-name or rank-title duplicate from the video topic usage report
normalize-usage-united-states-navy	active	creation	exact	united-states-navy	us-navy	US Navy	["USN","United States Navy"]	Reviewed high-confidence duplicate from the video topic usage report
normalize-usage-norway-campaign	active	creation	exact	norway-campaign	norwegian-campaign	Norwegian Campaign	["Norway Campaign","Norway 1940"]	Reviewed high-confidence duplicate from the video topic usage report
normalize-usage-canadian-navy	active	creation	exact	canadian-navy	royal-canadian-navy	Royal Canadian Navy	["RCN","Canadian Navy"]	Reviewed high-confidence duplicate from the video topic usage report
normalize-usage-kaiserliche-marine	active	creation	exact	kaiserliche-marine	imperial-german-navy	Imperial German Navy	["Kaiserliche Marine","Kaiser's Navy","German Imperial Navy"]	Reviewed high-confidence duplicate from the video topic usage report
normalize-usage-german-imperial-navy	active	creation	exact	german-imperial-navy	imperial-german-navy	Imperial German Navy	["Kaiserliche Marine","Kaiser's Navy","German Imperial Navy"]	Reviewed high-confidence duplicate from the video topic usage report
normalize-usage-american-revolution	active	creation	exact	american-revolution	american-revolutionary-war	American Revolutionary War	["American War of Independence","War of American Independence","American Revolution","Revolutionary War"]	Reviewed high-confidence duplicate from the video topic usage report
normalize-usage-american-war-of-independence	active	creation	exact	american-war-of-independence	american-revolutionary-war	American Revolutionary War	["American War of Independence","War of American Independence","American Revolution","Revolutionary War"]	Reviewed high-confidence duplicate from the video topic usage report
normalize-usage-australian-navy	active	creation	exact	australian-navy	royal-australian-navy	Royal Australian Navy	["RAN","Australian Navy"]	Reviewed high-confidence duplicate from the video topic usage report
normalize-usage-unmanned-systems	active	creation	exact	unmanned-systems	uncrewed-systems	Uncrewed Systems	["unmanned systems"]	Reviewed high-confidence duplicate from the video topic usage report
normalize-usage-marine-nationale	active	creation	exact	marine-nationale	french-navy	French Navy	["Marine Nationale"]	Reviewed high-confidence duplicate from the video topic usage report
normalize-usage-british-navy	active	creation	exact	british-navy	royal-navy	Royal Navy	["RN","British Navy"]	Reviewed high-confidence duplicate from the video topic usage report
normalize-usage-russian-imperial-navy	active	creation	exact	russian-imperial-navy	imperial-russian-navy	Imperial Russian Navy	["Russian Imperial Navy","Tsarist Navy"]	Reviewed high-confidence duplicate from the video topic usage report
normalize-usage-royal-danish-navy	active	creation	exact	royal-danish-navy	danish-navy	Danish Navy	["Royal Danish Navy","Sovaernet"]	Reviewed high-confidence duplicate from the video topic usage report
normalize-usage-ciws	active	creation	exact	ciws	close-in-weapon-systems	Close-In Weapon Systems	["Close In Weapon System","Close In Weapons Systems","CIWS"]	Reviewed high-confidence duplicate from the video topic usage report
normalize-usage-opvs	active	creation	exact	opvs	offshore-patrol-vessels	Offshore Patrol Vessels	["OPV","OPVs"]	Reviewed high-confidence duplicate from the video topic usage report
normalize-usage-line-of-battle-ships	active	creation	exact	line-of-battle-ships	ships-of-the-line	Ships of the Line	["line of battle ships","Ship Of The Line"]	Reviewed high-confidence duplicate from the video topic usage report
normalize-usage-air-to-air-refuelling	active	creation	exact	air-to-air-refuelling	aerial-refuelling	Aerial Refuelling	["Aerial Refueling","Air-to-Air Refueling","Air-to-Air Refuelling","AAR"]	Reviewed high-confidence duplicate from the video topic usage report
normalize-usage-battle-of-atlantic	active	creation	exact	battle-of-atlantic	battle-of-the-atlantic	Battle of the Atlantic	["Atlantic campaign","Battle of Atlantic","Atlantic Campaigns","Atlantic Battle"]	Reviewed high-confidence duplicate from the video topic usage report
normalize-usage-yonai-mitsumasa	active	creation	exact	yonai-mitsumasa	mitsumasa-yonai	Mitsumasa Yonai	["Yonai Mitsumasa"]	Reviewed high-confidence duplicate from the video topic usage report
normalize-usage-heihachiro-togo	active	creation	exact	heihachiro-togo	togo-heihachiro	Togo Heihachiro	["Heihachiro Togo"]	Reviewed high-confidence duplicate from the video topic usage report
normalize-usage-nagumo-chuichi	active	creation	exact	nagumo-chuichi	chuichi-nagumo	Chuichi Nagumo	["Nagumo Chuichi"]	Reviewed high-confidence duplicate from the video topic usage report
normalize-usage-japan-us-relations	active	creation	exact	japan-us-relations	us-japan-relations	US Japan Relations	["Japan US Relations"]	Reviewed high-confidence duplicate from the video topic usage report
normalize-usage-type-23-frigates	active	creation	exact	type-23-frigates	type-23-frigate	Type 23 Frigate	["Type 23 Frigates"]	Reviewed high-confidence duplicate from the video topic usage report
normalize-usage-ship-conversions	active	creation	exact	ship-conversions	ship-conversion	Ship Conversion	["Ship Conversions"]	Reviewed high-confidence duplicate from the video topic usage report
normalize-usage-type-42-destroyers	active	creation	exact	type-42-destroyers	type-42-destroyer	Type 42 Destroyer	["Type 42 Destroyers"]	Reviewed high-confidence duplicate from the video topic usage report
normalize-usage-warship-conversions	active	creation	exact	warship-conversions	warship-conversion	Warship Conversion	["Warship Conversions"]	Reviewed high-confidence duplicate from the video topic usage report
normalize-usage-type-83-destroyers	active	creation	exact	type-83-destroyers	type-83-destroyer	Type 83 Destroyer	["Type 83 Destroyers"]	Reviewed high-confidence duplicate from the video topic usage report
normalize-usage-type-22-frigates	active	creation	exact	type-22-frigates	type-22-frigate	Type 22 Frigate	["Type 22 Frigates"]	Reviewed high-confidence duplicate from the video topic usage report
normalize-usage-naval-tradition	active	creation	exact	naval-tradition	naval-traditions	Naval Traditions	["Naval Tradition"]	Reviewed high-confidence duplicate from the video topic usage report
normalize-usage-modern-navies	active	creation	exact	modern-navies	modern-navy	Modern Navy	["modern navies","current fleets"]	Reviewed high-confidence duplicate from the video topic usage report
normalize-usage-littoral-combat-ships	active	creation	exact	littoral-combat-ships	littoral-combat-ship	Littoral Combat Ship	["Littoral Combat Ships"]	Reviewed high-confidence duplicate from the video topic usage report
normalize-usage-county-class-cruiser	active	creation	exact	county-class-cruiser	county-class-cruisers	County-Class Cruisers	["County class","County-class heavy cruisers","British treaty cruisers","County Class Cruiser"]	Reviewed high-confidence duplicate from the video topic usage report
normalize-usage-railgun	active	creation	exact	railgun	railguns	Railguns	["Rail Guns","Railgun"]	Reviewed high-confidence duplicate from the video topic usage report
normalize-usage-combat-information-center	active	creation	exact	combat-information-center	combat-information-centers	Combat Information Centers	["Combat Information Center","Combat Information Centre","Combat Information Centres","CIC"]	Reviewed high-confidence duplicate from the video topic usage report
normalize-usage-combat-information-centres	active	creation	exact	combat-information-centres	combat-information-centers	Combat Information Centers	["Combat Information Center","Combat Information Centre","Combat Information Centres","CIC"]	Reviewed high-confidence duplicate from the video topic usage report
normalize-usage-sea-harriers	active	creation	exact	sea-harriers	sea-harrier	Sea Harrier	["Sea Harriers"]	Reviewed high-confidence duplicate from the video topic usage report
normalize-usage-naval-reserve	active	creation	exact	naval-reserve	naval-reserves	Naval Reserves	["RNR","navy reserve","reserve sailors","Naval Reserve"]	Reviewed high-confidence duplicate from the video topic usage report
normalize-usage-combat-air-patrols	active	creation	exact	combat-air-patrols	combat-air-patrol	Combat Air Patrol	["Combat Air Patrols"]	Reviewed high-confidence duplicate from the video topic usage report
display-usage-us-navy	active	display	exact	us-navy	us-navy	US Navy	["USN","United States Navy"]	Reviewed high-confidence duplicate from the video topic usage report
display-usage-norwegian-campaign	active	display	exact	norwegian-campaign	norwegian-campaign	Norwegian Campaign	["Norway Campaign","Norway 1940"]	Reviewed high-confidence duplicate from the video topic usage report
display-usage-royal-canadian-navy	active	display	exact	royal-canadian-navy	royal-canadian-navy	Royal Canadian Navy	["RCN","Canadian Navy"]	Reviewed high-confidence duplicate from the video topic usage report
display-usage-imperial-german-navy	active	display	exact	imperial-german-navy	imperial-german-navy	Imperial German Navy	["Kaiserliche Marine","Kaiser's Navy","German Imperial Navy"]	Reviewed high-confidence duplicate from the video topic usage report
display-usage-american-revolutionary-war	active	display	exact	american-revolutionary-war	american-revolutionary-war	American Revolutionary War	["American War of Independence","War of American Independence","American Revolution","Revolutionary War"]	Reviewed high-confidence duplicate from the video topic usage report
display-usage-royal-australian-navy	active	display	exact	royal-australian-navy	royal-australian-navy	Royal Australian Navy	["RAN","Australian Navy"]	Reviewed high-confidence duplicate from the video topic usage report
display-usage-uncrewed-systems	active	display	exact	uncrewed-systems	uncrewed-systems	Uncrewed Systems	["unmanned systems"]	Reviewed high-confidence duplicate from the video topic usage report
display-usage-french-navy	active	display	exact	french-navy	french-navy	French Navy	["Marine Nationale"]	Reviewed high-confidence duplicate from the video topic usage report
display-usage-royal-navy	active	display	exact	royal-navy	royal-navy	Royal Navy	["RN","British Navy"]	Reviewed high-confidence duplicate from the video topic usage report
display-usage-imperial-russian-navy	active	display	exact	imperial-russian-navy	imperial-russian-navy	Imperial Russian Navy	["Russian Imperial Navy","Tsarist Navy"]	Reviewed high-confidence duplicate from the video topic usage report
display-usage-danish-navy	active	display	exact	danish-navy	danish-navy	Danish Navy	["Royal Danish Navy","Sovaernet"]	Reviewed high-confidence duplicate from the video topic usage report
display-usage-offshore-patrol-vessels	active	display	exact	offshore-patrol-vessels	offshore-patrol-vessels	Offshore Patrol Vessels	["OPV","OPVs"]	Reviewed high-confidence duplicate from the video topic usage report
display-usage-battle-of-the-atlantic	active	display	exact	battle-of-the-atlantic	battle-of-the-atlantic	Battle of the Atlantic	["Atlantic campaign","Battle of Atlantic","Atlantic Campaigns","Atlantic Battle"]	Reviewed high-confidence duplicate from the video topic usage report
display-usage-mitsumasa-yonai	active	display	exact	mitsumasa-yonai	mitsumasa-yonai	Mitsumasa Yonai	["Yonai Mitsumasa"]	Reviewed high-confidence duplicate from the video topic usage report
display-usage-togo-heihachiro	active	display	exact	togo-heihachiro	togo-heihachiro	Togo Heihachiro	["Heihachiro Togo"]	Reviewed high-confidence duplicate from the video topic usage report
display-usage-chuichi-nagumo	active	display	exact	chuichi-nagumo	chuichi-nagumo	Chuichi Nagumo	["Nagumo Chuichi"]	Reviewed high-confidence duplicate from the video topic usage report
display-usage-us-japan-relations	active	display	exact	us-japan-relations	us-japan-relations	US Japan Relations	["Japan US Relations"]	Reviewed high-confidence duplicate from the video topic usage report
display-usage-type-23-frigate	active	display	exact	type-23-frigate	type-23-frigate	Type 23 Frigate	["Type 23 Frigates"]	Reviewed high-confidence duplicate from the video topic usage report
display-usage-ship-conversion	active	display	exact	ship-conversion	ship-conversion	Ship Conversion	["Ship Conversions"]	Reviewed high-confidence duplicate from the video topic usage report
display-usage-type-42-destroyer	active	display	exact	type-42-destroyer	type-42-destroyer	Type 42 Destroyer	["Type 42 Destroyers"]	Reviewed high-confidence duplicate from the video topic usage report
display-usage-warship-conversion	active	display	exact	warship-conversion	warship-conversion	Warship Conversion	["Warship Conversions"]	Reviewed high-confidence duplicate from the video topic usage report
display-usage-type-83-destroyer	active	display	exact	type-83-destroyer	type-83-destroyer	Type 83 Destroyer	["Type 83 Destroyers"]	Reviewed high-confidence duplicate from the video topic usage report
display-usage-type-22-frigate	active	display	exact	type-22-frigate	type-22-frigate	Type 22 Frigate	["Type 22 Frigates"]	Reviewed high-confidence duplicate from the video topic usage report
display-usage-naval-traditions	active	display	exact	naval-traditions	naval-traditions	Naval Traditions	["Naval Tradition"]	Reviewed high-confidence duplicate from the video topic usage report
display-usage-modern-navy	active	display	exact	modern-navy	modern-navy	Modern Navy	["modern navies","current fleets"]	Reviewed high-confidence duplicate from the video topic usage report
display-usage-littoral-combat-ship	active	display	exact	littoral-combat-ship	littoral-combat-ship	Littoral Combat Ship	["Littoral Combat Ships"]	Reviewed high-confidence duplicate from the video topic usage report
display-usage-county-class-cruisers	active	display	exact	county-class-cruisers	county-class-cruisers	County-Class Cruisers	["County class","County-class heavy cruisers","British treaty cruisers","County Class Cruiser"]	Reviewed high-confidence duplicate from the video topic usage report
display-usage-combat-information-centers	active	display	exact	combat-information-centers	combat-information-centers	Combat Information Centers	["Combat Information Center","Combat Information Centre","Combat Information Centres","CIC"]	Reviewed high-confidence duplicate from the video topic usage report
display-usage-sea-harrier	active	display	exact	sea-harrier	sea-harrier	Sea Harrier	["Sea Harriers"]	Reviewed high-confidence duplicate from the video topic usage report
display-usage-naval-reserves	active	display	exact	naval-reserves	naval-reserves	Naval Reserves	["RNR","navy reserve","reserve sailors","Naval Reserve"]	Reviewed high-confidence duplicate from the video topic usage report
display-usage-combat-air-patrol	active	display	exact	combat-air-patrol	combat-air-patrol	Combat Air Patrol	["Combat Air Patrols"]	Reviewed high-confidence duplicate from the video topic usage report
normalize-usage-reserve-fleets	active	creation	exact	reserve-fleets	reserve-fleet	Reserve Fleet	["Reserve Fleets"]	Reviewed high-confidence duplicate from the video topic usage report
normalize-usage-defence-budgets	active	creation	exact	defence-budgets	defence-budget	Defence Budget	["Defense Budget","Defence Budgets","Defense Budgets"]	Reviewed high-confidence duplicate from the video topic usage report
normalize-usage-military-organizations	active	creation	exact	military-organizations	military-organisation	Military Organisation	["Military Organizations","Military Organization","Military Organisations"]	Reviewed high-confidence duplicate with British English as the canonical house style
normalize-usage-military-organization	active	creation	exact	military-organization	military-organisation	Military Organisation	["Military Organizations","Military Organization","Military Organisations"]	Reviewed high-confidence duplicate with British English as the canonical house style
normalize-usage-armored-aircraft-carriers	active	creation	exact	armored-aircraft-carriers	armoured-carriers	Armoured Carriers	["armored carriers","armoured deck carriers","armored deck carriers","Armored Aircraft Carriers","Armoured Aircraft Carriers"]	Reviewed high-confidence duplicate from the video topic usage report
normalize-usage-armoured-aircraft-carriers	active	creation	exact	armoured-aircraft-carriers	armoured-carriers	Armoured Carriers	["armored carriers","armoured deck carriers","armored deck carriers","Armored Aircraft Carriers","Armoured Aircraft Carriers"]	Reviewed high-confidence duplicate from the video topic usage report
normalize-usage-gray-zone-conflict	active	creation	exact	gray-zone-conflict	grey-zone-conflict	Grey Zone Conflict	["Gray Zone Conflict"]	Reviewed high-confidence duplicate with British English as the canonical house style
normalize-usage-european-theater	active	creation	exact	european-theater	european-theatre	European Theatre	["European Theater"]	Reviewed high-confidence duplicate with British English as the canonical house style
normalize-usage-naval-maneuver	active	creation	exact	naval-maneuver	naval-manoeuvre	Naval Manoeuvre	["Naval Maneuver"]	Reviewed high-confidence duplicate from the video topic usage report
normalize-usage-naval-maneuvers	active	creation	exact	naval-maneuvers	naval-manoeuvre	Naval Manoeuvre	["Naval Maneuver","Naval Manoeuvres","Naval Maneuvers"]	Reviewed high-confidence duplicate from the video topic usage report
display-usage-reserve-fleet	active	display	exact	reserve-fleet	reserve-fleet	Reserve Fleet	["Reserve Fleets"]	Reviewed high-confidence duplicate from the video topic usage report
display-usage-defence-budget	active	display	exact	defence-budget	defence-budget	Defence Budget	["Defense Budget","Defence Budgets","Defense Budgets"]	Reviewed high-confidence duplicate from the video topic usage report
display-usage-military-organisation	active	display	exact	military-organisation	military-organisation	Military Organisation	["Military Organizations","Military Organization","Military Organisations"]	Reviewed high-confidence duplicate with British English as the canonical house style
display-usage-grey-zone-conflict	active	display	exact	grey-zone-conflict	grey-zone-conflict	Grey Zone Conflict	["Gray Zone Conflict"]	Reviewed high-confidence duplicate with British English as the canonical house style
display-usage-european-theatre	active	display	exact	european-theatre	european-theatre	European Theatre	["European Theater"]	Reviewed high-confidence duplicate with British English as the canonical house style
display-usage-naval-manoeuvre	active	display	exact	naval-manoeuvre	naval-manoeuvre	Naval Manoeuvre	["Naval Maneuver"]	Reviewed high-confidence duplicate from the video topic usage report
display-usage-naval-manoeuvres	disabled	display	exact	naval-manoeuvres	naval-manoeuvre	Naval Manoeuvre	["Naval Maneuver","Naval Manoeuvres","Naval Maneuvers"]	Reviewed high-confidence duplicate from the video topic usage report; aliases migrated and display rule disabled because its exact source slug was consolidated
normalize-dc950-flooding-control	active	creation	exact	flooding-control	damage-control	Damage Control	["fire fighting","flooding control"]	Reviewed high-confidence identity duplicate during the dc950 topic audit
normalize-dc950-warship-repairs	active	creation	exact	warship-repairs	warship-repair	Warship Repair	["Warship Repairs"]	Reviewed high-confidence identity duplicate during the dc950 topic audit
normalize-dc950-superstructure	active	creation	exact	superstructure	superstructures	Superstructures	["Superstructure","Ship Superstructures","Warship Superstructures"]	Reviewed high-confidence identity duplicate during the dc950 topic audit
normalize-dc950-ship-superstructures	active	creation	exact	ship-superstructures	superstructures	Superstructures	["Superstructure","Ship Superstructures","Warship Superstructures"]	Reviewed high-confidence identity duplicate during the dc950 topic audit
normalize-dc950-warship-superstructures	active	creation	exact	warship-superstructures	superstructures	Superstructures	["Superstructure","Ship Superstructures","Warship Superstructures"]	Reviewed high-confidence identity duplicate during the dc950 topic audit
normalize-dc950-shipboard-communication	active	creation	exact	shipboard-communication	shipboard-communications	Shipboard Communications	["Shipboard Communication"]	Reviewed high-confidence identity duplicate during the dc950 topic audit
normalize-dc950-ship-disguise	active	creation	exact	ship-disguise	ship-disguises	Ship Disguises	["Ship Disguise"]	Reviewed high-confidence identity duplicate during the dc950 topic audit
normalize-dc950-military-rank	active	creation	exact	military-rank	military-ranks	Military Ranks	["Military Rank"]	Reviewed high-confidence identity duplicate during the dc950 topic audit
normalize-dc950-high-velocity-aircraft-rockets	active	creation	exact	high-velocity-aircraft-rockets	high-velocity-aircraft-rocket	High Velocity Aircraft Rocket	["High Velocity Aircraft Rockets","HVAR"]	Reviewed high-confidence identity duplicate during the dc950 topic audit
normalize-dc950-diplomatic-negotiations	active	creation	exact	diplomatic-negotiations	diplomatic-negotiation	Diplomatic Negotiation	["Diplomatic Negotiations"]	Reviewed high-confidence identity duplicate during the dc950 topic audit
normalize-dc950-ship-refit	active	creation	exact	ship-refit	ship-refits	Ship Refits	["Ship Refit"]	Reviewed high-confidence identity duplicate during the dc950 topic audit
normalize-dc950-power-grid	active	creation	exact	power-grid	power-grids	Power Grids	["Power Grid"]	Reviewed high-confidence identity duplicate during the dc950 topic audit
normalize-dc950-grain-convoy	active	creation	exact	grain-convoy	grain-convoys	Grain Convoys	["Grain Convoy"]	Reviewed high-confidence identity duplicate during the dc950 topic audit
normalize-dc950-double-hull	active	creation	exact	double-hull	double-hulls	Double Hulls	["Double Hull"]	Reviewed high-confidence identity duplicate during the dc950 topic audit
normalize-dc950-army-budget	active	creation	exact	army-budget	army-budgets	Army Budgets	["Army Budget"]	Reviewed high-confidence identity duplicate during the dc950 topic audit
normalize-dc950-remilitarization-of-the-rhineland	active	creation	exact	remilitarization-of-the-rhineland	rhineland-remilitarisation	Rhineland Remilitarisation	["Rhineland Remilitarization","Remilitarization of the Rhineland"]	Reviewed high-confidence identity duplicate during the dc950 topic audit
normalize-dc950-seawolf-missile	active	creation	exact	seawolf-missile	sea-wolf-missile	Sea Wolf Missile	["Seawolf Missile"]	Reviewed high-confidence identity duplicate during the dc950 topic audit
normalize-dc950-monopoly	active	creation	exact	monopoly	monopolies	Monopolies	["Monopoly"]	Reviewed high-confidence identity duplicate during the dc950 topic audit
normalize-dc950-jean-bon-saint-andre	active	creation	exact	jean-bon-saint-andre	jeanbon-saint-andre	Jeanbon Saint-André	["Jean Bon Saint-André","Jean Bon Saint Andre","Jeanbon Saint Andre"]	Reviewed high-confidence identity duplicate during the dc950 topic audit
normalize-dc950-cyberwarfare	active	creation	exact	cyberwarfare	cyber-warfare	Cyber Warfare	["Cyberwarfare"]	Reviewed high-confidence identity duplicate during the dc950 topic audit
normalize-dc950-boiler-feed-water	active	creation	exact	boiler-feed-water	boiler-feedwater	Boiler Feedwater	["Boiler Feed Water","Feedwater"]	Reviewed high-confidence identity duplicate during the dc950 topic audit
normalize-dc950-feedwater	active	creation	exact	feedwater	boiler-feedwater	Boiler Feedwater	["Boiler Feed Water","Feedwater"]	Reviewed high-confidence identity duplicate during the dc950 topic audit
normalize-dc950-civil-wars	active	creation	exact	civil-wars	civil-war	Civil War	["Civil Wars"]	Reviewed high-confidence identity duplicate during the dc950 topic audit
normalize-dc950-ship-operating-costs	active	creation	exact	ship-operating-costs	warship-operating-costs	Warship Operating Costs	["Ship Operating Costs"]	Reviewed high-confidence identity duplicate during the dc950 topic audit
normalize-dc950-mark-ix-torpedoes	active	creation	exact	mark-ix-torpedoes	mark-ix-torpedo	Mark IX Torpedo	["Mark IX Torpedoes"]	Reviewed high-confidence identity duplicate during the dc950 topic audit
normalize-dc950-mark-37-fire-control-system	active	creation	exact	mark-37-fire-control-system	mark-37-fire-control	Mark 37 Fire Control	["Mark 37 Fire Control System"]	Reviewed high-confidence identity duplicate during the dc950 topic audit
normalize-dc950-twin-gun-turrets	active	creation	exact	twin-gun-turrets	twin-turrets	Twin Turrets	["Twin Gun Turrets"]	Reviewed high-confidence identity duplicate during the dc950 topic audit
normalize-dc950-british-occupation-of-iceland	active	creation	exact	british-occupation-of-iceland	occupation-of-iceland	Occupation of Iceland	["British Occupation of Iceland"]	Reviewed high-confidence identity duplicate during the dc950 topic audit
normalize-dc950-show-the-flag	active	creation	exact	show-the-flag	showing-the-flag	Showing the Flag	["Show the Flag"]	Reviewed high-confidence identity duplicate during the dc950 topic audit
normalize-dc950-post-conflict-reconstruction	active	creation	exact	post-conflict-reconstruction	postwar-reconstruction	Postwar Reconstruction	["Post-Conflict Reconstruction"]	Reviewed high-confidence identity duplicate during the dc950 topic audit
normalize-dc950-living-off-the-land	active	creation	exact	living-off-the-land	foraging	Foraging	["Living off the Land"]	Reviewed high-confidence identity duplicate during the dc950 topic audit
normalize-dc950-european-defense	active	creation	exact	european-defense	european-defence	European Defence	["European Defense"]	Reviewed high-confidence identity duplicate during the dc950 topic audit
normalize-dc950-protective-decks	active	creation	exact	protective-decks	protected-decks	Protected Decks	["Protective Decks"]	Reviewed high-confidence identity duplicate during the dc950 topic audit
normalize-dc950-parsons-steam-turbines	active	creation	exact	parsons-steam-turbines	parsons-turbines	Parsons Turbines	["Parsons Steam Turbines"]	Reviewed high-confidence identity duplicate during the dc950 topic audit
normalize-dc950-coast-defence	active	creation	exact	coast-defence	coastal-defence	Coastal Defence	["Coastal Defense","Coastal Defences","Coastal Defenses","invasion defenses","Coast Defence"]	Reviewed high-confidence identity duplicate during the dc950 topic audit
normalize-dc950-atlantic-crossings	active	creation	exact	atlantic-crossings	transatlantic-crossings	Transatlantic Crossings	["Atlantic Crossings"]	Reviewed high-confidence identity duplicate during the dc950 topic audit
normalize-dc950-raid-on-scarborough-hartlepool-and-whitby	active	creation	exact	raid-on-scarborough-hartlepool-and-whitby	scarborough-raid	Scarborough Raid	["Raid on Scarborough, Hartlepool and Whitby"]	Reviewed high-confidence identity duplicate during the dc950 topic audit
normalize-dc950-mobile-airbases	active	creation	exact	mobile-airbases	mobile-airfields	Mobile Airfields	["Mobile Airbases"]	Reviewed high-confidence identity duplicate during the dc950 topic audit
normalize-dc950-naval-capital-investment	active	creation	exact	naval-capital-investment	naval-investment	Naval Investment	["Naval Capital Investment"]	Reviewed high-confidence identity duplicate during the dc950 topic audit
normalize-dc950-naval-force-balance	active	creation	exact	naval-force-balance	naval-balance	Naval Balance	["Naval Force Balance"]	Reviewed high-confidence identity duplicate during the dc950 topic audit
normalize-dc950-japanese-eight-eight-fleet	active	creation	exact	japanese-eight-eight-fleet	eight-eight-fleet	Eight-Eight Fleet	["Japanese Eight-Eight Fleet"]	Reviewed high-confidence identity duplicate during the dc950 topic audit
normalize-dc950-us-uk-cooperation	active	creation	exact	us-uk-cooperation	anglo-american-cooperation	Anglo-American Cooperation	["US-UK Cooperation"]	Reviewed high-confidence identity duplicate during the dc950 topic audit
normalize-dc950-ship-artifacts	active	creation	exact	ship-artifacts	warship-artefacts	Warship Artefacts	["Warship Artifacts","Ship Artifacts"]	Reviewed high-confidence identity duplicate during the dc950 topic audit
normalize-dc950-roll-2-medical-care	active	creation	exact	roll-2-medical-care	role-2-medical-care	Role 2 Medical Care	["Roll 2 Medical Care"]	Reviewed terminology correction from transcript context that explicitly says Role 2-plus
normalize-dc950-aircraft-carrying-submarines	active	creation	exact	aircraft-carrying-submarines	submarine-aircraft-carriers	Submarine Aircraft Carriers	["Aircraft-Carrying Submarines"]	Reviewed high-confidence identity duplicate during the dc950 topic audit
normalize-dc950-un-security-council	active	creation	exact	un-security-council	united-nations-security-council	United Nations Security Council	["UN Security Council"]	Reviewed high-confidence identity duplicate during the dc950 topic audit
normalize-dc950-otranto-straits	active	creation	exact	otranto-straits	strait-of-otranto	Strait of Otranto	["Otranto Straits","Otranto Strait"]	Reviewed high-confidence identity duplicate during the dc950 topic audit
normalize-dc950-otranto-strait	active	creation	exact	otranto-strait	strait-of-otranto	Strait of Otranto	["Otranto Straits","Otranto Strait"]	Reviewed high-confidence identity duplicate during the dc950 topic audit
normalize-dc950-midway-class-aircraft-carriers	active	creation	exact	midway-class-aircraft-carriers	midway-class	Midway Class	["Midway Class Aircraft Carriers","Midway Class Aircraft Carrier","Midway Class Carriers"]	Reviewed high-confidence identity duplicate during the dc950 topic audit
normalize-dc950-midway-class-aircraft-carrier	active	creation	exact	midway-class-aircraft-carrier	midway-class	Midway Class	["Midway Class Aircraft Carriers","Midway Class Aircraft Carrier","Midway Class Carriers"]	Reviewed high-confidence identity duplicate during the dc950 topic audit
normalize-dc950-midway-class-carriers	active	creation	exact	midway-class-carriers	midway-class	Midway Class	["Midway Class Aircraft Carriers","Midway Class Aircraft Carrier","Midway Class Carriers"]	Reviewed high-confidence identity duplicate during the dc950 topic audit
normalize-dc950-declaration-of-war	active	creation	exact	declaration-of-war	war-declaration	War Declaration	["Declaration of War","Declarations of War","War Declarations"]	Reviewed high-confidence identity duplicate during the dc950 topic audit
normalize-dc950-declarations-of-war	active	creation	exact	declarations-of-war	war-declaration	War Declaration	["Declaration of War","Declarations of War","War Declarations"]	Reviewed high-confidence identity duplicate during the dc950 topic audit
normalize-dc950-war-declarations	active	creation	exact	war-declarations	war-declaration	War Declaration	["Declaration of War","Declarations of War","War Declarations"]	Reviewed high-confidence identity duplicate during the dc950 topic audit
normalize-dc950-neutrality-law	active	creation	exact	neutrality-law	law-of-neutrality	Law of Neutrality	["Neutrality Law","Neutrality Laws"]	Reviewed high-confidence identity duplicate during the dc950 topic audit
normalize-dc950-neutrality-laws	active	creation	exact	neutrality-laws	law-of-neutrality	Law of Neutrality	["Neutrality Law","Neutrality Laws"]	Reviewed high-confidence identity duplicate during the dc950 topic audit
normalize-dc950-uss-john-f-kennedy	active	creation	exact	uss-john-f-kennedy	uss-john-f-kennedy-cv-67	USS John F. Kennedy (CV-67)	["USS John F Kennedy"]	Reviewed high-confidence identity duplicate during the dc950 topic audit
normalize-dc950-rfa-sir-david-attenborough	active	creation	exact	rfa-sir-david-attenborough	rrs-sir-david-attenborough	RRS Sir David Attenborough	["RFA Sir David Attenborough","RSS Sir David Attenborough"]	Official British Antarctic Survey ship prefix and name; https://www.bas.ac.uk/polar-operations/sites-and-facilities/facility/rrs-sir-david-attenborough/
normalize-dc950-rss-sir-david-attenborough	active	creation	exact	rss-sir-david-attenborough	rrs-sir-david-attenborough	RRS Sir David Attenborough	["RFA Sir David Attenborough","RSS Sir David Attenborough"]	Official British Antarctic Survey ship prefix and name; https://www.bas.ac.uk/polar-operations/sites-and-facilities/facility/rrs-sir-david-attenborough/
normalize-dc950-a-10-warthog	active	creation	exact	a-10-warthog	a-10-thunderbolt-ii	A-10 Thunderbolt II	["A-10 Warthog"]	Reviewed high-confidence identity duplicate during the dc950 topic audit
normalize-dc950-a400m-atlas	active	creation	exact	a400m-atlas	a400m	Airbus A400M Atlas	["A400M","A400M Atlas"]	Reviewed high-confidence identity duplicate during the dc950 topic audit
normalize-dc950-canberra-aircraft	active	creation	exact	canberra-aircraft	english-electric-canberra	English Electric Canberra	["Canberra Aircraft"]	Reviewed high-confidence identity duplicate during the dc950 topic audit
normalize-dc950-cb90-class	active	creation	exact	cb90-class	cb90	CB90	["CB90 Class"]	Reviewed high-confidence identity duplicate during the dc950 topic audit
normalize-dc950-re2000	active	creation	exact	re2000	reggiane-re-2000	Reggiane Re.2000	["Re.2000","Re2000"]	Reviewed high-confidence identity duplicate during the dc950 topic audit
normalize-dc950-tracker-aircraft	active	creation	exact	tracker-aircraft	s-2-tracker	S-2 Tracker	["Tracker Aircraft","Grumman Tracker","Grumman S-2 Tracker"]	Reviewed high-confidence identity duplicate during the dc950 topic audit
normalize-dc950-grumman-tracker	active	creation	exact	grumman-tracker	s-2-tracker	S-2 Tracker	["Tracker Aircraft","Grumman Tracker","Grumman S-2 Tracker"]	Reviewed high-confidence identity duplicate during the dc950 topic audit
normalize-dc950-grumman-s-2-tracker	active	creation	exact	grumman-s-2-tracker	s-2-tracker	S-2 Tracker	["Tracker Aircraft","Grumman Tracker","Grumman S-2 Tracker"]	Reviewed high-confidence identity duplicate during the dc950 topic audit
normalize-dc950-joint-strike-fighter	active	creation	exact	joint-strike-fighter	f-35-program	F-35 Program	["F-35 Programme","Joint Strike Fighter","JSF"]	Reviewed high-confidence identity duplicate during the dc950 topic audit
normalize-dc950-archduke-franz-ferdinand	active	creation	exact	archduke-franz-ferdinand	franz-ferdinand	Franz Ferdinand	["Archduke Franz Ferdinand"]	Reviewed high-confidence identity duplicate during the dc950 topic audit
normalize-dc950-admiral-lord-cork	review	creation	exact	admiral-lord-cork	william-henry-dudley-boyle	William Henry Dudley Boyle	["Lord Cork","Lord Cork and Orrery","12th Earl of Cork and Orrery","Admiral Lord Cork","Cork and Orrery"]	Reviewed high-confidence identity duplicate during the dc950 topic audit; safety audit: Hereditary title; future uses require holder evidence.
normalize-dc950-cork-and-orrery	active	creation	exact	cork-and-orrery	william-henry-dudley-boyle	William Henry Dudley Boyle	["Lord Cork","Lord Cork and Orrery","12th Earl of Cork and Orrery","Admiral Lord Cork","Cork and Orrery"]	Reviewed high-confidence identity duplicate during the dc950 topic audit
normalize-dc950-lord-cork	review	creation	exact	lord-cork	william-henry-dudley-boyle	William Henry Dudley Boyle	["Lord Cork","Lord Cork and Orrery","12th Earl of Cork and Orrery","Admiral Lord Cork","Cork and Orrery"]	Reviewed high-confidence identity duplicate during the dc950 topic audit; safety audit: Hereditary title; future uses require holder evidence.
normalize-dc950-olympic	active	creation	exact	olympic	rms-olympic	RMS Olympic	["Olympic"]	Reviewed high-confidence identity duplicate during the dc950 topic audit
normalize-dc950-coastal-motor-boat-no-4	active	creation	exact	coastal-motor-boat-no-4	cmb-4	Coastal Motor Boat No. 4 (CMB 4)	["Coastal Motor Boat No. 4","CMB 4"]	Reviewed high-confidence identity duplicate during the dc950 topic audit
normalize-dc950-second-naval-lord	active	creation	exact	second-naval-lord	second-sea-lord	Second Sea Lord	["Second Naval Lord"]	Reviewed high-confidence identity duplicate during the dc950 topic audit
normalize-dc950-bremerton-naval-shipyard	active	creation	exact	bremerton-naval-shipyard	puget-sound-naval-shipyard	Puget Sound Naval Shipyard	["Bremerton Naval Shipyard"]	Official NAVSEA name for the Bremerton shipyard; https://www.navsea.navy.mil/Home/Shipyards/PSNS-IMF/Command-Locations/Bremerton/
normalize-dc950-port-stanley-airport	active	creation	exact	port-stanley-airport	stanley-airport	Stanley Airport	["Port Stanley Airport"]	Reviewed high-confidence identity duplicate during the dc950 topic audit
normalize-dc950-mount-pleasant-airfield	active	creation	exact	mount-pleasant-airfield	mount-pleasant	Mount Pleasant	["Mount Pleasant Airfield","RAF Mount Pleasant"]	Official RAF name for the Falklands airfield; https://www.raf.mod.uk/news/articles/british-forces-south-atlantic-islands-mount-pleasant-winter-capabilities/
normalize-dc950-willis-a-lee	active	creation	exact	willis-a-lee	willis-lee	Willis A. Lee	["John Willis Lee","Admiral Willis Lee"]	Reviewed high-confidence identity duplicate during the dc950 topic audit
normalize-dc950-john-willis-lee	active	creation	exact	john-willis-lee	willis-lee	Willis A. Lee	["John Willis Lee","Admiral Willis Lee"]	Reviewed high-confidence identity duplicate during the dc950 topic audit
normalize-dc950-rear-admiral-montagu	review	creation	exact	rear-admiral-montagu	george-montagu	George Montagu	["Rear Admiral Montagu"]	Reviewed high-confidence identity duplicate during the dc950 topic audit; safety audit: Bare surname and rank can identify multiple naval officers.
normalize-dc950-alexander-hood	disabled	creation	exact	alexander-hood	alexander-hood	Alexander Hood	["Lord Bridport","1st Viscount Bridport"]	Reviewed high-confidence identity duplicate during the dc950 topic audit; disabled because the consolidated target now equals the exact input
normalize-dc950-lord-chatfield	review	creation	exact	lord-chatfield	ernle-chatfield	Ernle Chatfield	["Lord Chatfield"]	Reviewed high-confidence identity duplicate during the dc950 topic audit; safety audit: Hereditary title; future uses require holder evidence.
normalize-dc950-etienne-francois-de-choiseul	active	creation	exact	etienne-francois-de-choiseul	duc-de-choiseul	Duc de Choiseul	["Étienne François de Choiseul","Etienne Francois de Choiseul"]	Reviewed high-confidence identity duplicate during the dc950 topic audit
normalize-dc950-denny-shipyard	active	creation	exact	denny-shipyard	william-denny-and-brothers	William Denny and Brothers	["Denny Shipyard"]	Reviewed high-confidence identity duplicate during the dc950 topic audit
normalize-dc950-point-class-sealift	active	creation	exact	point-class-sealift	point-class	Point Class	["Point Class Sealift"]	Reviewed high-confidence identity duplicate during the dc950 topic audit
normalize-dc950-acasta-class-destroyers	active	creation	exact	acasta-class-destroyers	acasta-class	Acasta Class	["Acasta Class Destroyers"]	Reviewed high-confidence identity duplicate during the dc950 topic audit
normalize-dc950-allen-m-sumner-class-destroyers	active	creation	exact	allen-m-sumner-class-destroyers	allen-m-sumner-class	Allen M. Sumner Class	["Allen M Sumner Class Destroyers"]	Reviewed high-confidence identity duplicate during the dc950 topic audit
normalize-dc950-c-class-light-cruisers	active	creation	exact	c-class-light-cruisers	c-class-cruisers	C Class Cruisers	["C Class Light Cruisers","C Class Cruiser"]	Reviewed high-confidence identity duplicate during the dc950 topic audit
normalize-dc950-c-class-cruiser	active	creation	exact	c-class-cruiser	c-class-cruisers	C Class Cruisers	["C Class Light Cruisers","C Class Cruiser"]	Reviewed high-confidence identity duplicate during the dc950 topic audit
normalize-dc950-emerald-class-cruisers	active	creation	exact	emerald-class-cruisers	emerald-class	Emerald Class	["Emerald Class Cruisers"]	Reviewed high-confidence identity duplicate during the dc950 topic audit
normalize-dc950-gotland-class-submarines	active	creation	exact	gotland-class-submarines	gotland-class	Gotland Class	["Gotland Class Submarines"]	Reviewed high-confidence identity duplicate during the dc950 topic audit
normalize-dc950-grom-class-destroyers	active	creation	exact	grom-class-destroyers	grom-class	Grom Class	["Grom Class Destroyers"]	Reviewed high-confidence identity duplicate during the dc950 topic audit
normalize-dc950-hobart-class-destroyers	active	creation	exact	hobart-class-destroyers	hobart-class	Hobart Class	["Hobart Class Destroyers"]	Reviewed high-confidence identity duplicate during the dc950 topic audit
normalize-dc950-kongo-class-battlecruisers	disabled	creation	exact	kongo-class-battlecruisers	kongo-class-battlecruisers	Kongo Class Battlecruisers	["Kongo Class","Kongo Class Battleships"]	Reviewed high-confidence identity duplicate during the dc950 topic audit; disabled because the consolidated target now equals the exact input
normalize-dc950-kongo-class-battleships	active	creation	exact	kongo-class-battleships	kongo-class-battlecruisers	Kongo Class Battlecruisers	["Kongo Class","Kongo Class Battleships"]	Reviewed high-confidence identity duplicate during the dc950 topic audit
normalize-dc950-konig-class-battleships	active	creation	exact	konig-class-battleships	konig-class	König Class	["Konig Class","Konig Class Battleships"]	Reviewed high-confidence identity duplicate during the dc950 topic audit
normalize-dc950-j-class	active	creation	exact	j-class	j-class-destroyers	J Class Destroyers	["J Class","J Class Destroyer"]	Reviewed high-confidence identity duplicate during the dc950 topic audit
normalize-dc950-j-class-destroyer	active	creation	exact	j-class-destroyer	j-class-destroyers	J Class Destroyers	["J Class","J Class Destroyer"]	Reviewed high-confidence identity duplicate during the dc950 topic audit
normalize-dc950-k-class	active	creation	exact	k-class	k-class-destroyers	K Class Destroyers	["K Class"]	Reviewed high-confidence identity duplicate during the dc950 topic audit
normalize-dc950-ship-engineering	active	creation	exact	ship-engineering	fiction-spacecraft-engineering	Spacecraft Engineering (Fiction)	["Fictional Spacecraft Engineering","Science Fiction Spacecraft Engineering"]	User-directed fiction namespace policy from the dc950 topic audit; real engineering lessons remain separately tagged
normalize-dc950-grand-admiral-thrawn	active	creation	exact	grand-admiral-thrawn	fiction-star-wars-thrawn	Thrawn (Star Wars Fiction)	["Grand Admiral Thrawn","Grand Admiral Thrawn (Star Wars Fiction)"]	User-directed fiction namespace policy from the dc950 topic audit
normalize-dc950-star-wars-imperial-navy	active	creation	exact	star-wars-imperial-navy	fiction-star-wars-imperial-navy	Imperial Navy (Star Wars Fiction)	["Star Wars Imperial Navy"]	User-directed fiction namespace policy from the dc950 topic audit
normalize-dc950-tie-interceptor	active	creation	exact	tie-interceptor	fiction-star-wars-tie-interceptor	TIE Interceptor (Star Wars Fiction)	["TIE Interceptor"]	User-directed fiction namespace policy from the dc950 topic audit
normalize-dc950-hms-thunder-child	active	creation	exact	hms-thunder-child	fiction-hms-thunder-child	HMS Thunder Child (Fiction)	["HMS Thunder Child","HMS Thunderchild","Thunder Child"]	User-directed fiction namespace policy from the dc950 topic audit
normalize-dc950-hms-thunderchild	active	creation	exact	hms-thunderchild	fiction-hms-thunder-child	HMS Thunder Child (Fiction)	["HMS Thunder Child","HMS Thunderchild","Thunder Child"]	User-directed fiction namespace policy from the dc950 topic audit
normalize-dc950-thunder-child	active	creation	exact	thunder-child	fiction-hms-thunder-child	HMS Thunder Child (Fiction)	["HMS Thunder Child","HMS Thunderchild","Thunder Child"]	User-directed fiction namespace policy from the dc950 topic audit
normalize-dc950-hms-fundra	active	creation	exact	hms-fundra	fiction-world-of-warships-fundra	Fundra (World of Warships Fiction)	["HMS Fundra","World of Warships Fundra"]	User-directed fiction namespace policy from the dc950 topic audit; preserves the transcript-visible game name
normalize-dc950-unsc	active	creation	exact	unsc	fiction-halo-united-nations-space-command	United Nations Space Command (Halo Fiction)	["UNSC","Halo UNSC","United Nations Space Command"]	User-directed fiction namespace policy from the dc950 topic audit; kept distinct from the real United Nations Security Council
normalize-numeric-pounder-gun	active	creation	regex	^([0-9]+)-pounder-gun$	$1-pounder-guns	$1-Pounder Guns	[]	User-directed plural numeric policy matching the repository's generic calibre-topic convention
normalize-written-two-pounder	active	creation	regex	^two-pounder(?:s|-guns?)?$	2-pounder-guns	2-Pounder Guns	["Two Pounder","Two Pounder Guns"]	User-directed written-number normalization for generic pounder-gun topics
normalize-written-three-pounder	active	creation	regex	^three-pounder(?:s|-guns?)?$	3-pounder-guns	3-Pounder Guns	[]	User-directed written-number normalization for generic pounder-gun topics
normalize-written-six-pounder	active	creation	regex	^six-pounder(?:s|-guns?)?$	6-pounder-guns	6-Pounder Guns	["Six Pounder","Six Pounder Guns"]	User-directed written-number normalization for generic pounder-gun topics
normalize-written-nine-pounder	active	creation	regex	^nine-pounder(?:s|-guns?)?$	9-pounder-guns	9-Pounder Guns	[]	User-directed written-number normalization for generic pounder-gun topics
normalize-written-twelve-pounder	active	creation	regex	^twelve-pounder(?:s|-guns?)?$	12-pounder-guns	12-Pounder Guns	[]	User-directed written-number normalization for generic pounder-gun topics
normalize-written-eighteen-pounder	active	creation	regex	^eighteen-pounder(?:s|-guns?)?$	18-pounder-guns	18-Pounder Guns	[]	User-directed written-number normalization for generic pounder-gun topics
normalize-written-twenty-four-pounder	active	creation	regex	^twenty-four-pounder(?:s|-guns?)?$	24-pounder-guns	24-Pounder Guns	[]	User-directed written-number normalization for generic pounder-gun topics
normalize-written-twenty-five-pounder	active	creation	regex	^twenty-five-pounder(?:s|-guns?)?$	25-pounder-guns	25-Pounder Guns	["Twenty Five Pounder"]	User-directed written-number normalization for generic pounder-gun topics
normalize-written-thirty-two-pounder	active	creation	regex	^thirty-two-pounder(?:s|-guns?)?$	32-pounder-guns	32-Pounder Guns	[]	User-directed written-number normalization for generic pounder-gun topics
normalize-written-forty-two-pounder	active	creation	regex	^forty-two-pounder(?:s|-guns?)?$	42-pounder-guns	42-Pounder Guns	[]	User-directed written-number normalization for generic pounder-gun topics
normalize-written-forty-eight-pounder	active	creation	regex	^forty-eight-pounder(?:s|-guns?)?$	48-pounder-guns	48-Pounder Guns	["Forty Eight Pounder"]	User-directed written-number normalization for generic pounder-gun topics
normalize-written-sixty-eight-pounder	active	creation	regex	^sixty-eight-pounder(?:s|-guns?)?$	68-pounder-guns	68-Pounder Guns	["Sixty Eight Pounder"]	User-directed written-number normalization for generic pounder-gun topics
normalize-long-nine-pounder	active	creation	exact	long-nine-pounder	9-pounder-guns	9-Pounder Guns	["Long Nine Pounder"]	User-directed consolidation into the generic numeric 9-pounder guns topic
normalize-hotchkiss-3-pounder	active	creation	exact	hotchkiss-3-pounder	3-pounder-guns	3-Pounder Guns	["Hotchkiss 3 Pounder"]	User-directed consolidation into the generic numeric 3-pounder guns topic
normalize-written-seventeen-pounder	active	creation	regex	^seventeen-pounder(?:s|-guns?)?$	17-pounder-guns	17-Pounder Guns	["Seventeen Pounder"]	User-directed written-number normalization to the common generic pounder-guns pattern
normalize-qf-17-pounder	active	creation	exact	qf-17-pounder	17-pounder-guns	17-Pounder Guns	[]	User-directed consolidation to the common generic pounder-guns pattern
normalize-two-pounder-pom-pom	active	creation	exact	two-pounder-pom-pom	2-pounder-guns	2-Pounder Guns	["Two Pounder Pom Pom"]	User-directed consolidation into the common generic pounder-guns pattern
normalize-qf-2-pounder	active	creation	exact	qf-2-pounder	2-pounder-guns	2-Pounder Guns	["QF 2-pounder"]	User-directed consolidation into the common generic pounder-guns pattern
normalize-qf-2-pounder-pom-pom	active	creation	exact	qf-2-pounder-pom-pom	2-pounder-guns	2-Pounder Guns	["QF 2-pounder Pom-Pom"]	User-directed consolidation into the common generic pounder-guns pattern
normalize-qf-25-pounder	active	creation	exact	qf-25-pounder	25-pounder-guns	25-Pounder Guns	["QF 25 Pounder"]	User-directed consolidation into the common generic pounder-guns pattern
normalize-42-pounder-carronades	active	creation	exact	42-pounder-carronades	42-pounder-guns	42-Pounder Guns	["42 Pounder Carronades"]	User-directed consolidation into the common generic pounder-guns pattern
normalize-pounder-guns	active	creation	exact	pounder-guns	gun-nomenclature	Gun Nomenclature	["Pounder Guns"]	The sole reference concerns projectile-weight naming and already uses the canonical gun-nomenclature topic
normalize-rapid-fire-guns	active	creation	exact	rapid-fire-guns	quick-firing-guns	Quick Firing Guns	["Rapid Fire Guns"]	User-directed consolidation of equivalent generic rate-of-fire terminology
normalize-rapid-firing-guns	active	creation	exact	rapid-firing-guns	quick-firing-guns	Quick Firing Guns	["Rapid Firing Guns"]	User-directed consolidation of equivalent generic rate-of-fire terminology
normalize-full-scan-admiral-hipper-class	active	creation	exact	admiral-hipper-class	admiral-hipper-class-cruisers	Admiral Hipper Class Cruisers	["Admiral Hipper Class"]	User-directed full-corpus class audit; reviewed uses all identify the canonical typed plural class
normalize-full-scan-aircraft-carrier-conversion	active	creation	exact	aircraft-carrier-conversion	carrier-conversions	Carrier Conversions	["Carrier Conversion","Aircraft Carrier Conversions","Aircraft Carrier Conversion","Converted Carriers"]	User-directed full-corpus singular/plural audit; reviewed references identify one topic
normalize-full-scan-alaska-class	active	creation	exact	alaska-class	alaska-class-large-cruisers	Alaska Class Large Cruisers	["Alaska Class"]	User-directed full-corpus class audit; reviewed uses all identify the canonical typed plural class
normalize-full-scan-alaska-class-cruisers	active	creation	exact	alaska-class-cruisers	alaska-class-large-cruisers	Alaska Class Large Cruisers	["Alaska Class Cruisers"]	User-directed full-corpus singular/plural audit; reviewed references identify one topic
normalize-full-scan-angled-flight-deck	active	creation	exact	angled-flight-deck	angled-flight-decks	Angled Flight Decks	["Angled Flight Deck"]	User-directed full-corpus singular/plural audit; reviewed references identify one topic
normalize-full-scan-arethusa-class-cruiser	active	creation	exact	arethusa-class-cruiser	arethusa-class-cruisers	Arethusa-Class Cruisers	["Arethusa Class Cruiser"]	User-directed full-corpus singular/plural audit; reviewed references identify one topic
normalize-full-scan-arleigh-burke-class	active	creation	exact	arleigh-burke-class	arleigh-burke-class-destroyers	Arleigh Burke Class Destroyers	["Arleigh Burke Class"]	User-directed full-corpus class audit; reviewed uses all identify the canonical typed plural class
normalize-full-scan-arms-race	active	creation	exact	arms-race	arms-races	Arms Races	["Arms Race"]	User-directed full-corpus singular/plural audit; reviewed references identify one topic
normalize-full-scan-arsenal-ship	active	creation	exact	arsenal-ship	arsenal-ships	Arsenal Ships	["Arsenal Ship"]	User-directed full-corpus singular/plural audit; reviewed references identify one topic
normalize-full-scan-asdics	active	creation	exact	asdics	asdic	Asdic	["Asdics"]	User-directed full-corpus singular/plural audit; reviewed references identify one topic
normalize-full-scan-astute-class	active	creation	exact	astute-class	astute-class-submarines	Astute Class Submarines	["Astute Class"]	User-directed full-corpus class audit; reviewed uses all identify the canonical typed plural class
normalize-full-scan-astute-class-submarine	active	creation	exact	astute-class-submarine	astute-class-submarines	Astute Class Submarines	["Astute Class Submarine"]	User-directed full-corpus singular/plural audit; reviewed references identify one topic
normalize-full-scan-atlanta-class	active	creation	exact	atlanta-class	atlanta-class-cruisers	Atlanta Class Cruisers	["Atlanta Class"]	User-directed full-corpus class audit; reviewed uses all identify the canonical typed plural class
normalize-full-scan-audacious-class	active	creation	exact	audacious-class	audacious-class-aircraft-carriers	Audacious Class Aircraft Carriers	["Audacious Class"]	User-directed full-corpus class audit; reviewed uses all identify the canonical typed plural class
normalize-full-scan-audacious-class-carriers	active	creation	exact	audacious-class-carriers	audacious-class-aircraft-carriers	Audacious Class Aircraft Carriers	["Audacious Class Carriers"]	User-directed full-corpus singular/plural audit; reviewed references identify one topic
normalize-full-scan-bathurst-class	active	creation	exact	bathurst-class	bathurst-class-corvettes	Bathurst Class Corvettes	["Bathurst Class"]	User-directed full-corpus class audit; reviewed uses all identify the canonical typed plural class
normalize-full-scan-battle-class	active	creation	exact	battle-class	battle-class-destroyers	Battle Class Destroyers	["Battle Class"]	User-directed full-corpus class audit; reviewed uses all identify the canonical typed plural class
normalize-full-scan-battle-class-destroyer	active	creation	exact	battle-class-destroyer	battle-class-destroyers	Battle Class Destroyers	["Battle Class Destroyer"]	User-directed full-corpus singular/plural audit; reviewed references identify one topic
normalize-full-scan-battle-lines	active	creation	exact	battle-lines	line-of-battle	Line Of Battle	["Line Of Battle Tactics","Battle Line","Battle Lines","Battle Line Tactics"]	User-directed full-corpus singular/plural audit; reviewed references identify one topic
normalize-full-scan-battle-of-the-ysers	active	creation	exact	battle-of-the-ysers	battle-of-the-yser	Battle Of The Yser	["Battle Of The Ysers"]	User-directed full-corpus singular/plural audit; reviewed references identify one topic
normalize-full-scan-bay-class-frigate	active	creation	exact	bay-class-frigate	bay-class-frigates	Bay Class Frigates	["Bay Class Frigate"]	User-directed full-corpus singular/plural audit; reviewed references identify one topic
normalize-full-scan-bismarck-class	active	creation	exact	bismarck-class	bismarck-class-battleships	Bismarck Class Battleships	["Bismarck Class"]	User-directed full-corpus class audit; reviewed uses all identify the canonical typed plural class
normalize-full-scan-bittern-class	active	creation	exact	bittern-class	bittern-class-sloops	Bittern Class Sloops	["Bittern Class"]	User-directed full-corpus class audit; reviewed uses all identify the canonical typed plural class
normalize-full-scan-black-swan-class	active	creation	exact	black-swan-class	black-swan-class-sloops	Black Swan Class Sloops	["Black Swan Class"]	User-directed full-corpus class audit; reviewed uses all identify the canonical typed plural class
normalize-full-scan-bristol-class-cruiser	active	creation	exact	bristol-class-cruiser	bristol-class-cruisers	Bristol Class Cruisers	["Bristol Class Cruiser"]	User-directed full-corpus singular/plural audit; reviewed references identify one topic
normalize-full-scan-brooklyn-class	active	creation	exact	brooklyn-class	brooklyn-class-cruisers	Brooklyn Class Cruisers	["Brooklyn Class"]	User-directed full-corpus class audit; reviewed uses all identify the canonical typed plural class
normalize-full-scan-brooklyn-class-cruiser	active	creation	exact	brooklyn-class-cruiser	brooklyn-class-cruisers	Brooklyn Class Cruisers	["Brooklyn Class Cruiser"]	User-directed full-corpus singular/plural audit; reviewed references identify one topic
normalize-full-scan-carrier-air-wing	active	creation	exact	carrier-air-wing	carrier-air-wings	Carrier Air Wings	["Carrier Air Wing"]	User-directed full-corpus singular/plural audit; reviewed references identify one topic
normalize-full-scan-carrier-conversion	active	creation	exact	carrier-conversion	carrier-conversions	Carrier Conversions	["Carrier Conversion"]	User-directed full-corpus singular/plural audit; reviewed references identify one topic
normalize-full-scan-carrier-strike-group	active	creation	exact	carrier-strike-group	carrier-strike-groups	Carrier Strike Groups	["Carrier Strike Group"]	User-directed full-corpus singular/plural audit; reviewed references identify one topic
normalize-full-scan-castle-class	active	creation	exact	castle-class	castle-class-corvettes	Castle Class Corvettes	["Castle Class"]	User-directed full-corpus class audit; reviewed uses all identify the canonical typed plural class
normalize-full-scan-city-class-frigate	active	creation	exact	city-class-frigate	city-class-frigates	City Class Frigates	["City Class Frigate"]	User-directed full-corpus singular/plural audit; reviewed references identify one topic
normalize-full-scan-cleveland-class	active	creation	exact	cleveland-class	cleveland-class-cruisers	Cleveland Class Cruisers	["Cleveland Class"]	User-directed full-corpus class audit; reviewed uses all identify the canonical typed plural class
normalize-full-scan-collins-class-submarine	active	creation	exact	collins-class-submarine	collins-class-submarines	Collins Class Submarines	["Collins Class Submarine"]	User-directed full-corpus singular/plural audit; reviewed references identify one topic
normalize-full-scan-colorado-class	active	creation	exact	colorado-class	colorado-class-battleships	Colorado Class Battleships	["Colorado Class"]	User-directed full-corpus class audit; reviewed uses all identify the canonical typed plural class
normalize-full-scan-colorado-class-battleship	active	creation	exact	colorado-class-battleship	colorado-class-battleships	Colorado Class Battleships	["Colorado Class Battleship"]	User-directed full-corpus singular/plural audit; reviewed references identify one topic
normalize-full-scan-columbia-class-submarine	active	creation	exact	columbia-class-submarine	columbia-class-submarines	Columbia Class Submarines	["Columbia Class Submarine"]	User-directed full-corpus singular/plural audit; reviewed references identify one topic
normalize-full-scan-constellation-class	active	creation	exact	constellation-class	constellation-class-frigates	Constellation Class Frigates	["Constellation Class"]	User-directed full-corpus class audit; reviewed uses all identify the canonical typed plural class
normalize-full-scan-constellation-class-frigate	active	creation	exact	constellation-class-frigate	constellation-class-frigates	Constellation Class Frigates	["Constellation Class Frigate"]	User-directed full-corpus singular/plural audit; reviewed references identify one topic
normalize-full-scan-county-class-destroyer	active	creation	exact	county-class-destroyer	county-class-destroyers	County Class Destroyers	["County Class Destroyer"]	User-directed full-corpus singular/plural audit; reviewed references identify one topic
normalize-full-scan-crown-colony-class	active	creation	exact	crown-colony-class	crown-colony-class-cruisers	Crown Colony Class Cruisers	["Crown Colony Class"]	User-directed full-corpus class audit; reviewed uses all identify the canonical typed plural class
normalize-full-scan-d-class-cruiser	active	creation	exact	d-class-cruiser	d-class-cruisers	D Class Cruisers	["D Class Cruiser"]	User-directed full-corpus singular/plural audit; reviewed references identify one topic
normalize-full-scan-daring-class-destroyer	active	creation	exact	daring-class-destroyer	daring-class-destroyers	Daring Class Destroyers	["Daring Class Destroyer"]	User-directed full-corpus singular/plural audit; reviewed references identify one topic
normalize-full-scan-denmark-straits	active	creation	exact	denmark-straits	denmark-strait	Denmark Strait	["Denmark Straits"]	User-directed full-corpus singular/plural audit; reviewed references identify one topic
normalize-full-scan-des-moines-class	active	creation	exact	des-moines-class	des-moines-class-cruisers	Des Moines Class Cruisers	["Des Moines Class"]	User-directed full-corpus class audit; reviewed uses all identify the canonical typed plural class
normalize-full-scan-deutschland-class-battleship	active	creation	exact	deutschland-class-battleship	deutschland-class-battleships	Deutschland Class Battleships	["Deutschland Class Battleship"]	User-directed full-corpus singular/plural audit; reviewed references identify one topic
normalize-full-scan-deutschland-class-cruiser	active	creation	exact	deutschland-class-cruiser	deutschland-class-cruisers	Deutschland Class Cruisers	["Deutschland Class Cruiser"]	User-directed full-corpus singular/plural audit; reviewed references identify one topic
normalize-full-scan-dido-class	active	creation	exact	dido-class	dido-class-cruisers	Dido Class Cruisers	["Dido Class"]	User-directed full-corpus class audit; reviewed uses all identify the canonical typed plural class
normalize-full-scan-dreadnought-class-submarine	active	creation	exact	dreadnought-class-submarine	dreadnought-class-submarines	Dreadnought Class Submarines	["Dreadnought Class Submarine"]	User-directed full-corpus singular/plural audit; reviewed references identify one topic
normalize-full-scan-dunkerque-class	active	creation	exact	dunkerque-class	dunkerque-class-battleships	Dunkerque Class Battleships	["Dunkerque Class"]	User-directed full-corpus class audit; reviewed uses all identify the canonical typed plural class
normalize-full-scan-egret-class	active	creation	exact	egret-class	egret-class-sloops	Egret Class Sloops	["Egret Class"]	User-directed full-corpus class audit; reviewed uses all identify the canonical typed plural class
normalize-full-scan-essex-class	active	creation	exact	essex-class	essex-class-aircraft-carriers	Essex Class Aircraft Carriers	["Essex Class"]	User-directed full-corpus class audit; reviewed uses all identify the canonical typed plural class
normalize-full-scan-essex-class-carrier	active	creation	exact	essex-class-carrier	essex-class-aircraft-carriers	Essex Class Aircraft Carriers	["Essex Class Carrier"]	User-directed full-corpus singular/plural audit; reviewed references identify one topic
normalize-full-scan-essex-class-carriers	active	creation	exact	essex-class-carriers	essex-class-aircraft-carriers	Essex Class Aircraft Carriers	["Essex Class Carriers"]	User-directed full-corpus singular/plural audit; reviewed references identify one topic
normalize-full-scan-f126-frigate	active	creation	exact	f126-frigate	f126-frigates	F126 Frigates	["F126 Frigate"]	User-directed full-corpus singular/plural audit; reviewed references identify one topic
normalize-full-scan-fleet-auxiliary	active	creation	exact	fleet-auxiliary	fleet-auxiliaries	Fleet Auxiliaries	["Fleet Auxiliary"]	User-directed full-corpus singular/plural audit; reviewed references identify one topic
normalize-full-scan-fleet-deployments	active	creation	exact	fleet-deployments	fleet-deployment	Fleet Deployment	["Fleet Deployments"]	User-directed full-corpus singular/plural audit; reviewed references identify one topic
normalize-full-scan-fletcher-class	active	creation	exact	fletcher-class	fletcher-class-destroyers	Fletcher Class Destroyers	["Fletcher Class"]	User-directed full-corpus class audit; reviewed uses all identify the canonical typed plural class
normalize-full-scan-fletcher-class-destroyer	active	creation	exact	fletcher-class-destroyer	fletcher-class-destroyers	Fletcher Class Destroyers	["Fletcher Class Destroyer"]	User-directed full-corpus singular/plural audit; reviewed references identify one topic
normalize-full-scan-flower-class-corvette	active	creation	exact	flower-class-corvette	flower-class-corvettes	Flower-Class Corvettes	["Flower Class Corvette","Flower class","Flower-class","Sackville","convoy corvettes"]	User-directed full-corpus singular/plural audit; reviewed references identify one topic
normalize-full-scan-ford-class	active	creation	exact	ford-class	ford-class-aircraft-carriers	Ford Class Aircraft Carriers	["Ford Class"]	User-directed full-corpus class audit; reviewed uses all identify the canonical typed plural class
normalize-full-scan-ford-class-aircraft-carrier	active	creation	exact	ford-class-aircraft-carrier	ford-class-aircraft-carriers	Ford Class Aircraft Carriers	["Ford Class Aircraft Carrier"]	User-directed full-corpus singular/plural audit; reviewed references identify one topic
normalize-full-scan-francesco-caracciolo-class	active	creation	exact	francesco-caracciolo-class	francesco-caracciolo-class-battleships	Francesco Caracciolo Class Battleships	["Francesco Caracciolo Class"]	User-directed full-corpus class audit; reviewed uses all identify the canonical typed plural class
normalize-full-scan-g3-class	active	creation	exact	g3-class	g3-class-battlecruisers	G3 Class Battlecruisers	["G3 Class"]	User-directed full-corpus class audit; reviewed uses all identify the canonical typed plural class
normalize-full-scan-gearing-class	active	creation	exact	gearing-class	gearing-class-destroyers	Gearing Class Destroyers	["Gearing Class"]	User-directed full-corpus class audit; reviewed uses all identify the canonical typed plural class
normalize-full-scan-h-class-battleship	active	creation	exact	h-class-battleship	h-class-battleships	H Class Battleships	["H Class Battleship"]	User-directed full-corpus singular/plural audit; reviewed references identify one topic
normalize-full-scan-hawkins-class	active	creation	exact	hawkins-class	hawkins-class-cruisers	Hawkins Class Cruisers	["Hawkins Class"]	User-directed full-corpus class audit; reviewed uses all identify the canonical typed plural class
normalize-full-scan-horizon-class	active	creation	exact	horizon-class	horizon-class-frigates	Horizon Class Frigates	["Horizon Class"]	User-directed full-corpus class audit; reviewed uses all identify the canonical typed plural class
normalize-full-scan-horizon-class-frigate	active	creation	exact	horizon-class-frigate	horizon-class-frigates	Horizon Class Frigates	["Horizon Class Frigate"]	User-directed full-corpus singular/plural audit; reviewed references identify one topic
normalize-full-scan-hunt-class-destroyer	active	creation	exact	hunt-class-destroyer	hunt-class-destroyers	Hunt Class Destroyers	["Hunt Class Destroyer"]	User-directed full-corpus singular/plural audit; reviewed references identify one topic
normalize-full-scan-hunter-class	active	creation	exact	hunter-class	hunter-class-frigates	Hunter Class Frigates	["Hunter Class"]	User-directed full-corpus class audit; reviewed uses all identify the canonical typed plural class
normalize-full-scan-hunter-class-frigate	active	creation	exact	hunter-class-frigate	hunter-class-frigates	Hunter Class Frigates	["Hunter Class Frigate"]	User-directed full-corpus singular/plural audit; reviewed references identify one topic
normalize-full-scan-illustrious-class	active	creation	exact	illustrious-class	illustrious-class-aircraft-carriers	Illustrious Class Aircraft Carriers	["Illustrious Class"]	User-directed full-corpus class audit; reviewed uses all identify the canonical typed plural class
normalize-full-scan-illustrious-class-carriers	active	creation	exact	illustrious-class-carriers	illustrious-class-aircraft-carriers	Illustrious Class Aircraft Carriers	["Illustrious Class Carriers"]	User-directed full-corpus singular/plural audit; reviewed references identify one topic
normalize-full-scan-invincible-class-battlecruiser	active	creation	exact	invincible-class-battlecruiser	invincible-class-battlecruisers	Invincible Class Battlecruisers	["Invincible Class Battlecruiser"]	User-directed full-corpus singular/plural audit; reviewed references identify one topic
normalize-full-scan-iowa-class	active	creation	exact	iowa-class	iowa-class-battleships	Iowa Class Battleships	["Iowa Class"]	User-directed full-corpus class audit; reviewed uses all identify the canonical typed plural class
normalize-full-scan-iron-duke-class	active	creation	exact	iron-duke-class	iron-duke-class-battleships	Iron Duke Class Battleships	["Iron Duke Class"]	User-directed full-corpus class audit; reviewed uses all identify the canonical typed plural class
normalize-full-scan-joffre-class	active	creation	exact	joffre-class	joffre-class-aircraft-carriers	Joffre Class Aircraft Carriers	["Joffre Class"]	User-directed full-corpus class audit; reviewed uses all identify the canonical typed plural class
normalize-full-scan-k-class-submarine	active	creation	exact	k-class-submarine	k-class-submarines	K Class Submarines	["K Class Submarine"]	User-directed full-corpus singular/plural audit; reviewed references identify one topic
normalize-full-scan-kongo-class-destroyer	active	creation	exact	kongo-class-destroyer	kongo-class-destroyers	Kongo Class Destroyers	["Kongo Class Destroyer"]	User-directed full-corpus singular/plural audit; reviewed references identify one topic
normalize-full-scan-l-class-destroyer	active	creation	exact	l-class-destroyer	l-class-destroyers	L Class Destroyers	["L Class Destroyer"]	User-directed full-corpus singular/plural audit; reviewed references identify one topic
normalize-full-scan-l70-destroyer	active	creation	exact	l70-destroyer	l70-destroyers	L70 Destroyers	["L70 Destroyer"]	User-directed full-corpus singular/plural audit; reviewed references identify one topic
normalize-full-scan-leander-class-cruiser	active	creation	exact	leander-class-cruiser	leander-class-cruisers	Leander Class Cruisers	["Leander Class Cruiser"]	User-directed full-corpus singular/plural audit; reviewed references identify one topic
normalize-full-scan-leander-class-frigate	active	creation	exact	leander-class-frigate	leander-class-frigates	Leander Class Frigates	["Leander Class Frigate"]	User-directed full-corpus singular/plural audit; reviewed references identify one topic
normalize-full-scan-legend-class-cutter	active	creation	exact	legend-class-cutter	legend-class-cutters	Legend Class Cutters	["Legend Class Cutter"]	User-directed full-corpus singular/plural audit; reviewed references identify one topic
normalize-full-scan-lexington-class-battlecruiser	active	creation	exact	lexington-class-battlecruiser	lexington-class-battlecruisers	Lexington Class Battlecruisers	["Lexington Class Battlecruiser"]	User-directed full-corpus singular/plural audit; reviewed references identify one topic
normalize-full-scan-lion-class-battlecruiser	active	creation	exact	lion-class-battlecruiser	lion-class-battlecruisers	Lion Class Battlecruisers	["Lion Class Battlecruiser"]	User-directed full-corpus singular/plural audit; reviewed references identify one topic
normalize-full-scan-lion-class-battleship	active	creation	exact	lion-class-battleship	lion-class-battleships	Lion Class Battleships	["Lion Class Battleship"]	User-directed full-corpus singular/plural audit; reviewed references identify one topic
normalize-full-scan-loch-class-frigate	active	creation	exact	loch-class-frigate	loch-class-frigates	Loch Class Frigates	["Loch Class Frigate"]	User-directed full-corpus singular/plural audit; reviewed references identify one topic
normalize-full-scan-magazine-explosion	active	creation	exact	magazine-explosion	magazine-explosions	Magazine Explosions	["Magazine Explosion"]	User-directed full-corpus singular/plural audit; reviewed references identify one topic
normalize-full-scan-malta-class	active	creation	exact	malta-class	malta-class-aircraft-carriers	Malta Class Aircraft Carriers	["Malta Class"]	User-directed full-corpus class audit; reviewed uses all identify the canonical typed plural class
normalize-full-scan-malta-class-aircraft-carrier	active	creation	exact	malta-class-aircraft-carrier	malta-class-aircraft-carriers	Malta Class Aircraft Carriers	["Malta Class Aircraft Carrier"]	User-directed full-corpus singular/plural audit; reviewed references identify one topic
normalize-full-scan-malta-class-carrier	active	creation	exact	malta-class-carrier	malta-class-aircraft-carriers	Malta Class Aircraft Carriers	["Malta Class Carrier"]	User-directed full-corpus singular/plural audit; reviewed references identify one topic
normalize-full-scan-malta-class-carriers	active	creation	exact	malta-class-carriers	malta-class-aircraft-carriers	Malta Class Aircraft Carriers	["Malta Class Carriers"]	User-directed full-corpus singular/plural audit; reviewed references identify one topic
normalize-full-scan-maritime-patrols	active	creation	exact	maritime-patrols	maritime-patrol	Maritime Patrol	["Maritime Patrols"]	User-directed full-corpus singular/plural audit; reviewed references identify one topic
normalize-full-scan-merchant-aircraft-carrier	active	creation	exact	merchant-aircraft-carrier	merchant-aircraft-carriers	Merchant Aircraft Carriers	["Merchant Aircraft Carrier"]	User-directed full-corpus singular/plural audit; reviewed references identify one topic
normalize-full-scan-merchant-ship-conversion	active	creation	exact	merchant-ship-conversion	civilian-conversions	Civilian-to-Military Ship Conversions	["Converted Merchant Ships","Civilian Conversions","Civilian Ship Conversion","Civilian Ship Conversions","Merchant Conversion","Merchant Conversions","Merchant Ship Conversion","Merchant Ship Conversions","Liner Conversion","Liner Conversions","Cruise Ship Conversion","Cruise Ship Conversions"]	User-directed full-corpus singular/plural audit; reviewed references identify one topic
normalize-full-scan-mogami-class-frigate	active	creation	exact	mogami-class-frigate	mogami-class-frigates	Mogami Class Frigates	["Mogami Class Frigate"]	User-directed full-corpus singular/plural audit; reviewed references identify one topic
normalize-full-scan-monitor	active	creation	exact	monitor	monitors	Monitors	["Monitor"]	User-directed full-corpus singular/plural audit; reviewed references identify one topic
normalize-full-scan-montana-class	active	creation	exact	montana-class	montana-class-battleships	Montana Class Battleships	["Montana Class"]	User-directed full-corpus class audit; reviewed uses all identify the canonical typed plural class
normalize-full-scan-montana-class-battleship	active	creation	exact	montana-class-battleship	montana-class-battleships	Montana Class Battleships	["Montana Class Battleship"]	User-directed full-corpus singular/plural audit; reviewed references identify one topic
normalize-full-scan-nagato-class	active	creation	exact	nagato-class	nagato-class-battleships	Nagato Class Battleships	["Nagato Class"]	User-directed full-corpus class audit; reviewed uses all identify the canonical typed plural class
normalize-full-scan-naval-biographies	active	creation	exact	naval-biographies	naval-biography	Naval Biography	["Naval Biographies"]	User-directed full-corpus singular/plural audit; reviewed references identify one topic
normalize-full-scan-naval-budget	active	creation	exact	naval-budget	naval-budgets	Naval Budgets	["Naval Budget"]	User-directed full-corpus singular/plural audit; reviewed references identify one topic
normalize-full-scan-naval-history-methods	active	creation	exact	naval-history-methods	naval-history-method	Naval History Method	["Naval History Methods"]	User-directed full-corpus singular/plural audit; reviewed references identify one topic
normalize-full-scan-naval-mutiny	active	creation	exact	naval-mutiny	naval-mutinies	Naval Mutinies	["Naval Mutiny"]	User-directed full-corpus singular/plural audit; reviewed references identify one topic
normalize-full-scan-normandie-class	active	creation	exact	normandie-class	normandie-class-battleships	Normandie Class Battleships	["Normandie Class"]	User-directed full-corpus class audit; reviewed uses all identify the canonical typed plural class
normalize-full-scan-north-carolina-class	active	creation	exact	north-carolina-class	north-carolina-class-battleships	North Carolina Class Battleships	["North Carolina Class"]	User-directed full-corpus class audit; reviewed uses all identify the canonical typed plural class
normalize-full-scan-oberon-class-submarine	active	creation	exact	oberon-class-submarine	oberon-class-submarines	Oberon Class Submarines	["Oberon Class Submarine"]	User-directed full-corpus singular/plural audit; reviewed references identify one topic
normalize-full-scan-officer-promotions	active	creation	exact	officer-promotions	officer-promotion	Officer Promotion	["Officer Promotions"]	User-directed full-corpus singular/plural audit; reviewed references identify one topic
normalize-full-scan-omaha-class	active	creation	exact	omaha-class	omaha-class-cruisers	Omaha Class Cruisers	["Omaha Class"]	User-directed full-corpus class audit; reviewed uses all identify the canonical typed plural class
normalize-full-scan-proximity-fuze	active	creation	exact	proximity-fuze	proximity-fuzes	Proximity Fuzes	["Proximity Fuze"]	User-directed full-corpus singular/plural audit; reviewed references identify one topic
normalize-full-scan-r-class-submarine	active	creation	exact	r-class-submarine	r-class-submarines	R Class Submarines	["R Class Submarine"]	User-directed full-corpus singular/plural audit; reviewed references identify one topic
normalize-full-scan-revenge-class	active	creation	exact	revenge-class	revenge-class-battleships	Revenge Class Battleships	["Revenge Class"]	User-directed full-corpus class audit; reviewed uses all identify the canonical typed plural class
normalize-full-scan-river-class-destroyer	active	creation	exact	river-class-destroyer	river-class-destroyers	River Class Destroyers	["River Class Destroyer"]	User-directed full-corpus singular/plural audit; reviewed references identify one topic
normalize-full-scan-river-class-frigate	active	creation	exact	river-class-frigate	river-class-frigates	River Class Frigates	["River Class Frigate"]	User-directed full-corpus singular/plural audit; reviewed references identify one topic
normalize-full-scan-river-class-opv	active	creation	exact	river-class-opv	river-class-offshore-patrol-vessels	River Class Offshore Patrol Vessels	["River Class Opvs","River Class OPV","River Class Patrol Vessels","River Class Patrol Vessel"]	User-directed full-corpus singular/plural audit; reviewed references identify one topic
normalize-full-scan-river-class-patrol-vessel	active	creation	exact	river-class-patrol-vessel	river-class-offshore-patrol-vessels	River Class Offshore Patrol Vessels	["River Class Opvs","River Class OPV","River Class Patrol Vessels","River Class Patrol Vessel"]	User-directed full-corpus singular/plural audit; reviewed references identify one topic
normalize-full-scan-roberts-class-monitor	active	creation	exact	roberts-class-monitor	roberts-class-monitors	Roberts Class Monitors	["Roberts Class Monitor"]	User-directed full-corpus singular/plural audit; reviewed references identify one topic
normalize-full-scan-s-class-submarine	active	creation	exact	s-class-submarine	s-class-submarines	S Class Submarines	["S Class Submarine"]	User-directed full-corpus singular/plural audit; reviewed references identify one topic
normalize-full-scan-secondary-battery	active	creation	exact	secondary-battery	secondary-batteries	Secondary Batteries	["Secondary Battery"]	User-directed full-corpus singular/plural audit; reviewed references identify one topic
normalize-full-scan-supply-chain	active	creation	exact	supply-chain	supply-chains	Supply Chains	["Supply Chain"]	User-directed full-corpus singular/plural audit; reviewed references identify one topic
normalize-full-scan-sverdlov-class	active	creation	exact	sverdlov-class	sverdlov-class-cruisers	Sverdlov Class Cruisers	["Sverdlov Class"]	User-directed full-corpus class audit; reviewed uses all identify the canonical typed plural class
normalize-full-scan-t-class-submarine	active	creation	exact	t-class-submarine	t-class-submarines	T Class Submarines	["T Class Submarine"]	User-directed full-corpus singular/plural audit; reviewed references identify one topic
normalize-full-scan-third-rate	active	creation	exact	third-rate	third-rates	Third Rates	["Third Rate"]	User-directed full-corpus singular/plural audit; reviewed references identify one topic
normalize-full-scan-tiger-class-battlecruiser	active	creation	exact	tiger-class-battlecruiser	tiger-class-battlecruisers	Tiger Class Battlecruisers	["Tiger Class Battlecruiser"]	User-directed full-corpus singular/plural audit; reviewed references identify one topic
normalize-full-scan-tiger-class-cruiser	active	creation	exact	tiger-class-cruiser	tiger-class-cruisers	Tiger Class Cruisers	["Tiger Class Cruiser"]	User-directed full-corpus singular/plural audit; reviewed references identify one topic
normalize-full-scan-torpedo-defences	active	creation	exact	torpedo-defences	torpedo-defence	Torpedo Defence	["Torpedo Defences"]	User-directed full-corpus singular/plural audit; reviewed references identify one topic
normalize-full-scan-tribal-class-frigate	active	creation	exact	tribal-class-frigate	tribal-class-frigates	Tribal Class Frigates	["Tribal Class Frigate"]	User-directed full-corpus singular/plural audit; reviewed references identify one topic
normalize-full-scan-turret-layouts	active	creation	exact	turret-layouts	turret-layout	Turret Layout	["Turret Layouts"]	User-directed full-corpus singular/plural audit; reviewed references identify one topic
normalize-full-scan-type-052d-destroyer	active	creation	exact	type-052d-destroyer	type-052d-destroyers	Type 052d Destroyers	["Type 052d Destroyer"]	User-directed full-corpus singular/plural audit; reviewed references identify one topic
normalize-full-scan-type-055-destroyer	active	creation	exact	type-055-destroyer	type-055-destroyers	Type 055 Destroyers	["Type 055 Destroyer"]	User-directed full-corpus singular/plural audit; reviewed references identify one topic
normalize-full-scan-type-12-frigate	active	creation	exact	type-12-frigate	type-12-frigates	Type 12 Frigates	["Type 12 Frigate"]	User-directed full-corpus singular/plural audit; reviewed references identify one topic
normalize-full-scan-type-15-frigate	active	creation	exact	type-15-frigate	type-15-frigates	Type 15 Frigates	["Type 15 Frigate"]	User-directed full-corpus singular/plural audit; reviewed references identify one topic
normalize-full-scan-type-21-frigate	active	creation	exact	type-21-frigate	type-21-frigates	Type 21 Frigates	["Type 21 Frigate"]	User-directed full-corpus singular/plural audit; reviewed references identify one topic
normalize-full-scan-type-212-submarine	active	creation	exact	type-212-submarine	type-212-submarines	Type 212 Submarines	["Type 212 Submarine"]	User-directed full-corpus singular/plural audit; reviewed references identify one topic
normalize-full-scan-type-24-torpedo-boat	active	creation	exact	type-24-torpedo-boat	type-24-torpedo-boats	Type 24 Torpedo Boats	["Type 24 Torpedo Boat"]	User-directed full-corpus singular/plural audit; reviewed references identify one topic
normalize-full-scan-type-32-frigate	active	creation	exact	type-32-frigate	type-32-frigates	Type 32 Frigates	["Type 32 Frigate"]	User-directed full-corpus singular/plural audit; reviewed references identify one topic
normalize-full-scan-type-43-destroyer	active	creation	exact	type-43-destroyer	type-43-destroyers	Type 43 Destroyers	["Type 43 Destroyer"]	User-directed full-corpus singular/plural audit; reviewed references identify one topic
normalize-full-scan-type-81-frigate	active	creation	exact	type-81-frigate	type-81-frigates	Type 81 Frigates	["Type 81 Frigate"]	User-directed full-corpus singular/plural audit; reviewed references identify one topic
normalize-full-scan-type-82-destroyer	active	creation	exact	type-82-destroyer	type-82-destroyers	Type 82 Destroyers	["Type 82 Destroyer"]	User-directed full-corpus singular/plural audit; reviewed references identify one topic
normalize-full-scan-type-ix-submarine	active	creation	exact	type-ix-submarine	type-ix-submarines	Type IX Submarines	["Type IX Submarine"]	User-directed full-corpus singular/plural audit; reviewed references identify one topic
normalize-full-scan-type-vii-submarine	active	creation	exact	type-vii-submarine	type-vii-submarines	Type VII Submarines	["Type VII Submarine"]	User-directed full-corpus singular/plural audit; reviewed references identify one topic
normalize-full-scan-u-class-submarine	active	creation	exact	u-class-submarine	u-class-submarines	U Class Submarines	["U Class Submarine"]	User-directed full-corpus singular/plural audit; reviewed references identify one topic
normalize-full-scan-v-and-w-class	active	creation	exact	v-and-w-class	v-and-w-class-destroyers	V And W Class Destroyers	["V And W Class"]	User-directed full-corpus class audit; reviewed uses all identify the canonical typed plural class
normalize-full-scan-v-class-submarine	active	creation	exact	v-class-submarine	v-class-submarines	V Class Submarines	["V Class Submarine"]	User-directed full-corpus singular/plural audit; reviewed references identify one topic
normalize-full-scan-vanguard-class-submarine	active	creation	exact	vanguard-class-submarine	vanguard-class-submarines	Vanguard Class Submarines	["Vanguard Class Submarine"]	User-directed full-corpus singular/plural audit; reviewed references identify one topic
normalize-full-scan-virginia-class-cruiser	active	creation	exact	virginia-class-cruiser	virginia-class-cruisers	Virginia Class Cruisers	["Virginia Class Cruiser"]	User-directed full-corpus singular/plural audit; reviewed references identify one topic
normalize-full-scan-virginia-class-submarine	active	creation	exact	virginia-class-submarine	virginia-class-submarines	Virginia Class Submarines	["Virginia Class Submarine"]	User-directed full-corpus singular/plural audit; reviewed references identify one topic
normalize-full-scan-warship-simulation	active	creation	exact	warship-simulation	warship-simulations	Warship Simulations	["Warship Simulation"]	User-directed full-corpus singular/plural audit; reviewed references identify one topic
normalize-full-scan-weapon-class-destroyer	active	creation	exact	weapon-class-destroyer	weapon-class-destroyers	Weapon Class Destroyers	["Weapon Class Destroyer"]	User-directed full-corpus singular/plural audit; reviewed references identify one topic
normalize-full-scan-yamato-class	active	creation	exact	yamato-class	yamato-class-battleships	Yamato Class Battleships	["Yamato Class"]	User-directed full-corpus class audit; reviewed uses all identify the canonical typed plural class
normalize-full-scan-york-class-cruiser	active	creation	exact	york-class-cruiser	york-class-cruisers	York Class Cruisers	["York Class Cruiser"]	User-directed full-corpus singular/plural audit; reviewed references identify one topic
normalize-full-scan-zumwalt-class	active	creation	exact	zumwalt-class	zumwalt-class-destroyers	Zumwalt Class Destroyers	["Zumwalt Class"]	User-directed full-corpus class audit; reviewed uses all identify the canonical typed plural class
normalize-full-scan-zumwalt-class-destroyer	active	creation	exact	zumwalt-class-destroyer	zumwalt-class-destroyers	Zumwalt Class Destroyers	["Zumwalt Class Destroyer"]	User-directed full-corpus singular/plural audit; reviewed references identify one topic
review-contextual-leander-class	review	creation	exact	leander-class	leander-class	Leander Class	[]	Context-dependent identity split among the 1882 cruiser class, 1931 cruiser class, postwar frigates, and a fictional Sojourn class; future uses require evidence
normalize-global-curation-25-mm-type-96	active	creation	exact	25-mm-type-96	type-96-25-mm	Type 96 25 mm	["25 mm Type 96"]	User-directed global topic curation; reviewed corpus references identify one canonical topic
normalize-global-curation-a4d-skyhawk	active	creation	exact	a4d-skyhawk	a-4-skyhawk	A-4 Skyhawk	["A4D Skyhawk"]	Earlier designation duplicates the later standardized A-4 topic.
normalize-global-curation-a5m	active	creation	exact	a5m	a5m-fighter	Mitsubishi A5M Claude	["A5M Fighter","A5M Claude","Mitsubishi A5M","Type 96 Carrier Fighter","Claude","A5m"]	User-directed global topic curation; reviewed corpus references identify one canonical topic
normalize-global-curation-a6m-zero	active	creation	exact	a6m-zero	mitsubishi-a6m-zero	Mitsubishi A6M Zero	["A6m Zero","Japanese Zero","Mitsubishi Zero","Zero Fighter","Mitsubishi Navy Type 0 Carrier Fighter"]	User-directed global topic curation; reviewed corpus references identify one canonical topic
normalize-global-curation-abdiel-class	active	creation	exact	abdiel-class	abdiel-class-minelayers	Abdiel Class Minelayers	["Abdiel Class"]	All reviewed uses identify the Royal Navy fast minelayer class.
normalize-global-curation-abercrombie-class	active	creation	exact	abercrombie-class	abercrombie-class-monitors	Abercrombie Class Monitors	["Abercrombie Class"]	All reviewed uses identify the First World War monitor class.
normalize-global-curation-absalon-class	active	creation	exact	absalon-class	absalon-class-support-ships	Absalon Class Support Ships	["Absalon Class","Absolon Class"]	All reviewed uses identify the Danish support-ship class.
normalize-global-curation-absolon-class	active	creation	exact	absolon-class	absalon-class-support-ships	Absalon Class Support Ships	["Absalon Class","Absolon Class"]	User-directed global topic curation; reviewed corpus references identify one canonical topic
normalize-global-curation-acacia-class	active	creation	exact	acacia-class	acacia-class-sloops	Acacia Class Sloops	["Acacia Class"]	All reviewed uses identify the Acacia-class sloops.
normalize-global-curation-accident-reports	active	creation	exact	accident-reports	accident-investigation	Accident Investigation	["Accident Reports"]	User-directed global topic curation; reviewed corpus references identify one canonical topic
normalize-global-curation-accommodation-hulks	active	creation	exact	accommodation-hulks	accommodation-ships	Accommodation Ships	["Accommodation Hulks"]	User-directed global topic curation; reviewed corpus references identify one canonical topic
normalize-global-curation-acon-class	active	creation	exact	acon-class	acorn-class-destroyers	Acorn Class Destroyers	["Acon Class","Acorn Class"]	User-directed global topic curation; reviewed corpus references identify one canonical topic
normalize-global-curation-acoustic-signature	active	creation	exact	acoustic-signature	acoustic-signatures	Acoustic Signatures	["Acoustic Signature"]	User-directed global topic curation; reviewed corpus references identify one canonical topic
review-global-curation-act-of-union	review	creation	exact	act-of-union	act-of-union	Act Of Union 1707	[]	Context-dependent bare topic; future uses require evidence before selecting a typed canonical topic
normalize-global-curation-action-class	active	creation	exact	action-class	action-class-gunboats	Action Class Gunboats	["Action Class"]	The reviewed bare use and typed use identify the same gunboat class.
review-global-curation-active-class	review	creation	exact	active-class	active-class	Active Class Scout Cruisers	[]	Active-class is reused for unrelated scout cruisers and patrol boats; future bare uses require evidence
normalize-global-curation-active-class-destroyers	active	creation	exact	active-class-destroyers	acorn-class-destroyers	Acorn Class Destroyers	["Acorn Class"]	Transcript ASR rendered the historical Acorn and Acheron sequence as Active and Acaron; current source evidence and class history identify Acorn-class destroyers
normalize-global-curation-active-protection	active	creation	exact	active-protection	active-protection-systems	Active Protection Systems	["Active Protection"]	User-directed global topic curation; reviewed corpus references identify one canonical topic
normalize-global-curation-ad-4-skyraider	active	creation	exact	ad-4-skyraider	douglas-ad-4-skyraider	Douglas AD-4 Skyraider	["AD-4 Skyraider"]	Variant designator/name form duplicates the manufacturer-qualified topic.
normalize-global-curation-ad-skyraider	active	creation	exact	ad-skyraider	a-1-skyraider	A-1 Skyraider	["AD Skyraider","Douglas Skyraider"]	Earlier family designation duplicates the later standardized A-1 topic.
normalize-global-curation-admiral-balchen	active	creation	exact	admiral-balchen	john-balchen	John Balchen	["Admiral Sir John Balchen","John Balchin","Admiral Balchen"]	The sole HMS Victory (1744) context explicitly identifies Admiral John Balchen.
review-global-curation-admiral-blake	review	creation	exact	admiral-blake	admiral-blake	Robert Blake	[]	Current corpus references identify one entity, but the undated or shortened label is not universally unique
review-global-curation-admiral-byng	review	creation	exact	admiral-byng	admiral-byng	John Byng	[]	Admiral Byng may identify John Byng or George Byng; all current references are split by evidence
normalize-global-curation-admiral-chuichi-nagumo	active	creation	exact	admiral-chuichi-nagumo	chuichi-nagumo	Chuichi Nagumo	["Nagumo Chuichi","Admiral Chuichi Nagumo"]	The rank-prefixed slug already contains the person's full identifying name.
review-global-curation-admiral-class	review	creation	exact	admiral-class	admiral-class	Admiral Class Battlecruisers	[]	Most bare uses identify Hood's 1916 battlecruiser class; six uses identify the 1880s Admiral-class battleships. Future bare uses require evidence before selecting a typed class.
review-global-curation-admiral-cunningham	review	creation	exact	admiral-cunningham	admiral-cunningham	Andrew Cunningham	[]	Current corpus references identify one entity, but the undated or shortened label is not universally unique
normalize-global-curation-admiral-darlan	active	creation	exact	admiral-darlan	francois-darlan	Francois Darlan	["Admiral Darlan"]	The current wartime French-command context identifies Francois Darlan.
normalize-global-curation-admiral-ding-ruchang	active	creation	exact	admiral-ding-ruchang	ding-ruchang	Ding Ruchang	["Admiral Ding Ruchang"]	The rank-prefixed slug already contains Ding Ruchang's full identifying name.
normalize-global-curation-admiral-doorman	active	creation	exact	admiral-doorman	karel-doorman	Karel Doorman	["Admiral Doorman"]	The Java Sea command context identifies Karel Doorman.
normalize-global-curation-admiral-gorshkov	review	creation	exact	admiral-gorshkov	sergey-gorshkov	Sergey Gorshkov	["Sergei Gorshkov","Admiral Gorshkov"]	All current references concern Sergey Gorshkov's leadership or writings; the carrier and frigate class already have explicit separate topics.; safety audit: Can identify Sergey Gorshkov or the namesake carrier/class.
review-global-curation-admiral-hawke	review	creation	exact	admiral-hawke	admiral-hawke	Edward Hawke	[]	The current ship-naming context identifies Edward Hawke; future surname-only uses should be checked against people and namesake ships.
review-global-curation-admiral-hood	review	creation	exact	admiral-hood	admiral-hood	Samuel Hood	[]	Admiral Hood may identify Samuel Hood or Horace Hood; all current references are split by evidence
review-global-curation-admiral-hornby	review	creation	exact	admiral-hornby	admiral-hornby	Geoffrey Phipps Hornby	[]	Current corpus references identify one entity, but the undated or shortened label is not universally unique
review-global-curation-admiral-howe	review	creation	exact	admiral-howe	admiral-howe	Richard Howe	[]	Current corpus references identify one entity, but the undated or shortened label is not universally unique
normalize-global-curation-admiral-kempenfelt	active	creation	exact	admiral-kempenfelt	richard-kempenfelt	Richard Kempenfelt	["Admiral Richard Kempenfelt","Admiral Kempenfelt"]	The current counterfactual reference is Richard Kempenfelt, matching the full-name rank variant used by the dedicated lecture.
review-global-curation-admiral-keppel	review	creation	exact	admiral-keppel	admiral-keppel	Augustus Keppel	[]	Current corpus references identify one entity, but the undated or shortened label is not universally unique
review-global-curation-admiral-kuznetsov	review	creation	exact	admiral-kuznetsov	admiral-kuznetsov	Russian Aircraft Carrier Admiral Kuznetsov	[]	Admiral Kuznetsov may identify the Russian aircraft carrier or Admiral Nikolai Kuznetsov; the current person reference is split before the ship references are consolidated
normalize-global-curation-admiral-linois	active	creation	exact	admiral-linois	charles-linois	Charles Linois	["Admiral Linois"]	The Pulo Aura context identifies Charles-Alexandre Linois.
review-global-curation-admiral-madden	review	creation	exact	admiral-madden	admiral-madden	Charles Madden	[]	The Grand Fleet succession context explicitly names Charles Madden; Frederic Madden is a separate registry person.
normalize-global-curation-admiral-nielly	active	creation	exact	admiral-nielly	joseph-marie-nielly	Joseph-Marie Nielly	["Admiral Nielly","Rear-Admiral Joseph-Marie Nielly"]	The 1794 convoy and Glorious First of June context identifies French rear-admiral Joseph-Marie Nielly.
review-global-curation-admiral-pye	review	creation	exact	admiral-pye	admiral-pye	William Pye	[]	Current corpus references identify one entity, but the undated or shortened label is not universally unique
normalize-global-curation-admiral-richard-kempenfelt	active	creation	exact	admiral-richard-kempenfelt	richard-kempenfelt	Richard Kempenfelt	["Admiral Richard Kempenfelt","Admiral Kempenfelt"]	Every occurrence belongs to the dedicated Richard Kempenfelt lecture and the source already carries the full identifying name.
normalize-global-curation-admiral-st-vincent	active	creation	exact	admiral-st-vincent	john-jervis	John Jervis	["Admiral St Vincent"]	Admiral/Earl St Vincent in the reviewed context is John Jervis.
normalize-global-curation-admiral-sturdee	active	creation	exact	admiral-sturdee	doveton-sturdee	Doveton Sturdee	["Frederick Sturdee","Admiral Frederick Sturdee","Frederick Doveton Sturdee","Admiral Sturdee"]	The Grand Fleet and Falklands contexts identify Doveton Sturdee.
normalize-global-curation-admiral-togo	active	creation	exact	admiral-togo	togo-heihachiro	Togo Heihachiro	["Heihachiro Togo","Admiral Togo"]	All current uses identify Togo Heihachiro.
normalize-global-curation-admiral-tovey	active	creation	exact	admiral-tovey	john-tovey	John Tovey	["Admiral Tovey"]	The current Royal Navy command context identifies John Tovey.
review-global-curation-admiral-troubridge	review	creation	exact	admiral-troubridge	admiral-troubridge	Ernest Troubridge	[]	Current corpus references identify one entity, but the undated or shortened label is not universally unique
normalize-global-curation-admiral-von-spee	active	creation	exact	admiral-von-spee	maximilian-von-spee	Maximilian Von Spee	["Admiral Von Spee"]	The person topic identifies Maximilian von Spee and remains distinct from the ship Admiral Graf Spee.
normalize-global-curation-admiral-walter-cowan	active	creation	exact	admiral-walter-cowan	walter-cowan	Walter Cowan	["Admiral Walter Cowan"]	Both current biographical references explicitly name Walter Cowan.
normalize-global-curation-admiral-william-pye	active	creation	exact	admiral-william-pye	william-pye	William Pye	["Admiral William Pye"]	The rank-prefixed variant already contains William Pye's full identifying name.
normalize-global-curation-admiral-zumwalt	active	creation	exact	admiral-zumwalt	elmo-zumwalt	Elmo Zumwalt	["Admiral Zumwalt"]	The current US Navy context identifies Elmo Zumwalt.
review-global-curation-admiralties	review	creation	exact	admiralties	admiralties	Dutch Admiralties	[]	Admiralties can identify several institutions; after the scoped game-building exception, every reviewed plural reference identifies the five Dutch Admiralties
normalize-global-curation-admiralty-court	active	creation	exact	admiralty-court	admiralty-courts	Admiralty Courts	["Admiralty Court"]	User-directed global topic curation; reviewed corpus references identify one canonical topic
normalize-global-curation-adriatic	active	creation	exact	adriatic	adriatic-sea	Adriatic Sea	["Adriatic"]	User-directed global topic curation; reviewed corpus references identify one canonical topic
normalize-global-curation-aegis-system-equipped-vessels	active	creation	exact	aegis-system-equipped-vessels	aegis-combat-system	Aegis Combat System	["Aegis","Aegis Weapon System","Aegis System Equipped Vessels"]	User-directed global topic curation; reviewed corpus references identify one canonical topic
review-global-curation-afghanistan-war	review	creation	exact	afghanistan-war	afghanistan-war	War in Afghanistan (2001-2021)	[]	An undated Afghanistan war label is ambiguous; current references identify the 2001-2021 conflict
normalize-global-curation-agricultural-history	active	creation	exact	agricultural-history	agriculture	Agriculture	["Agricultural History"]	User-directed global topic curation; reviewed corpus references identify one canonical topic
normalize-global-curation-air-and-missile-defense	active	creation	exact	air-and-missile-defense	air-and-missile-defence	Air And Missile Defence	["Air And Missile Defense"]	Generic English topic uses the channel's canonical UK spelling; the US spelling remains an alias.
normalize-global-curation-air-attacks	active	creation	exact	air-attacks	air-attack	Air Attack	["Air Attacks"]	User-directed global topic curation; reviewed corpus references identify one canonical topic
normalize-global-curation-air-defense-cruisers	active	creation	exact	air-defense-cruisers	air-defence-cruisers	Air Defence Cruisers	["Air Defense Cruisers"]	Generic English topic uses the channel's canonical UK spelling; the US spelling remains an alias.
normalize-global-curation-air-defense-doctrine	active	creation	exact	air-defense-doctrine	air-defence-doctrine	Air Defence Doctrine	["Air Defense Doctrine"]	Generic English topic uses the channel's canonical UK spelling; the US spelling remains an alias.
normalize-global-curation-air-defense-suppression	active	creation	exact	air-defense-suppression	air-defence-suppression	Air Defence Suppression	["Air Defense Suppression"]	Generic English topic uses the channel's canonical UK spelling; the US spelling remains an alias.
normalize-global-curation-air-group-organization	active	creation	exact	air-group-organization	air-group-organisation	Air Group Organisation	["Air Group Organization"]	Generic English topic uses the channel's canonical UK spelling; the US spelling remains an alias.
normalize-global-curation-air-raid-defense	active	creation	exact	air-raid-defense	air-raid-defence	Air Raid Defence	["Air Raid Defense"]	Generic English topic uses the channel's canonical UK spelling; the US spelling remains an alias.
normalize-global-curation-aircraft-armor	active	creation	exact	aircraft-armor	aircraft-armour	Aircraft Armour	["Aircraft Armor"]	Generic English topic uses the channel's canonical UK spelling; the US spelling remains an alias.
normalize-global-curation-aircraft-carrier-conversions	active	creation	exact	aircraft-carrier-conversions	carrier-conversions	Carrier Conversions	["Carrier Conversion","Aircraft Carrier Conversions","Aircraft Carrier Conversion","Converted Carriers"]	Name duplicate; both topics mean conversion into an aircraft carrier.
normalize-global-curation-aircraft-carrier-escort	active	creation	exact	aircraft-carrier-escort	carrier-escorts	Carrier Escorts	["Aircraft Carrier Escort","Aircraft Carrier Escorts","Carrier Escort"]	User-directed global topic curation; reviewed corpus references identify one canonical topic
normalize-global-curation-aircraft-carrier-escorts	active	creation	exact	aircraft-carrier-escorts	carrier-escorts	Carrier Escorts	["Aircraft Carrier Escort","Aircraft Carrier Escorts","Carrier Escort"]	User-directed global topic curation; reviewed corpus references identify one canonical topic
normalize-global-curation-aircraft-carrier-modernization	active	creation	exact	aircraft-carrier-modernization	aircraft-carrier-modernisation	Aircraft Carrier Modernisation	["Aircraft Carrier Modernization"]	Generic English topic uses the channel's canonical UK spelling; the US spelling remains an alias.
normalize-global-curation-aircraft-modernization	active	creation	exact	aircraft-modernization	aircraft-modernisation	Aircraft Modernisation	["Aircraft Modernization"]	Generic English topic uses the channel's canonical UK spelling; the US spelling remains an alias.
normalize-global-curation-aircraft-payloads	active	creation	exact	aircraft-payloads	aircraft-payload	Aircraft Payload	["Aircraft Payloads"]	User-directed global topic curation; reviewed corpus references identify one canonical topic
normalize-global-curation-airfield-defense	active	creation	exact	airfield-defense	airfield-defence	Airfield Defence	["Airfield Defense"]	Generic English topic uses the channel's canonical UK spelling; the US spelling remains an alias.
normalize-global-curation-ajax-armored-vehicle	active	creation	exact	ajax-armored-vehicle	ajax-armoured-vehicle	Ajax Armoured Vehicle	["Ajax Armored Vehicle"]	User-directed global topic curation; reviewed corpus references identify one canonical topic
review-global-curation-akizuki-class	review	creation	exact	akizuki-class	akizuki-class	Akizuki Class Destroyers (1942)	[]	Five bare uses identify the wartime Imperial Japanese Navy class; one explicitly identifies the 1959 JMSDF class. Future bare uses require evidence before selecting a typed class.
review-global-curation-akula-class	review	creation	exact	akula-class	akula-class	Akula Class Submarines	[]	Context-dependent bare topic; future uses require evidence before selecting a typed canonical topic
normalize-global-curation-albion-class	active	creation	exact	albion-class	albion-class-lpd	Albion Class Lpd	["Albion Class"]	All reviewed uses identify the Royal Navy landing platform dock class.
review-global-curation-alexander-i	review	creation	exact	alexander-i	alexander-i	Alexander I Of Russia	[]	Alexander I is shared by multiple rulers; current corpus references identify the Russian emperor
normalize-global-curation-alfa-class	active	creation	exact	alfa-class	alfa-class-submarines	Alfa Class Submarines	["Alfa Class","Project 705 Alfa"]	All reviewed uses identify the Project 705 submarines.
normalize-global-curation-algernon-horsey	active	creation	exact	algernon-horsey	algernon-de-horsey	Algernon De Horsey	["Algernon Horsey"]	User-directed global topic curation; reviewed corpus references identify one canonical topic
normalize-global-curation-alkesh	active	creation	exact	alkesh	fiction-stargate-alkesh-bombers	Al'kesh Bombers (Stargate Fiction)	["Alkesh"]	Al'kesh bombers are specific Stargate fictional craft.
normalize-global-curation-all-forward-armament	active	creation	exact	all-forward-armament	all-forward-gun-layout	All Forward Gun Layout	["All Forward Armament"]	User-directed global topic curation; reviewed corpus references identify one canonical topic
normalize-global-curation-allied-bomber-offensive	active	creation	exact	allied-bomber-offensive	allied-bombing	Allied Bombing	["Allied Bomber Offensive"]	User-directed global topic curation; reviewed corpus references identify one canonical topic
normalize-global-curation-allied-campaign-in-norway	active	creation	exact	allied-campaign-in-norway	norwegian-campaign	Norwegian Campaign	["Norway Campaign","Norway 1940","Allied Campaign In Norway"]	User-directed global topic curation; reviewed corpus references identify one canonical topic
normalize-global-curation-allied-coalition	active	creation	exact	allied-coalition	coalition-warfare	Coalition Warfare	["Allied Coalition","Allied Coalition Warfare","Allied Warfare"]	User-directed global topic curation; reviewed corpus references identify one canonical topic
normalize-global-curation-allied-coalition-warfare	active	creation	exact	allied-coalition-warfare	coalition-warfare	Coalition Warfare	["Allied Coalition","Allied Coalition Warfare","Allied Warfare"]	User-directed global topic curation; reviewed corpus references identify one canonical topic
review-global-curation-allied-evacuation	review	creation	exact	allied-evacuation	allied-evacuation	Norwegian Campaign	[]	Allied evacuation is underspecified; the reviewed occurrence identifies the Norwegian Campaign
review-global-curation-allied-forces	review	creation	exact	allied-forces	allied-forces	Coalition Warfare	[]	Allied forces identifies different coalitions across eras; reviewed occurrences are split to specific topics
normalize-global-curation-allied-industrial-power	active	creation	exact	allied-industrial-power	allied-industrial-capacity	Allied Industrial Capacity	["Allied Industrial Power","Allied Industrial Production"]	User-directed global topic curation; reviewed corpus references identify one canonical topic
normalize-global-curation-allied-industrial-production	active	creation	exact	allied-industrial-production	allied-industrial-capacity	Allied Industrial Capacity	["Allied Industrial Power","Allied Industrial Production"]	User-directed global topic curation; reviewed corpus references identify one canonical topic
review-global-curation-allied-intelligence	review	creation	exact	allied-intelligence	allied-intelligence	Technology Exploitation	[]	Allied intelligence is underspecified; the reviewed occurrence concerns postwar technology exploitation
review-global-curation-allied-intervention	review	creation	exact	allied-intervention	allied-intervention	Allied Intervention in the Russian Civil War	[]	Allied intervention is underspecified; the reviewed occurrence identifies intervention in the Russian Civil War
normalize-global-curation-allied-invasion-of-sicily	active	creation	exact	allied-invasion-of-sicily	operation-husky	Operation Husky	["Allied Invasion Of Sicily"]	User-directed global topic curation; reviewed corpus references identify one canonical topic
review-global-curation-allied-mobilization	review	creation	exact	allied-mobilization	allied-mobilization	Force Concentration	[]	The reviewed occurrence is fictional coalition mobilization and is already represented by real force-concentration and coalition-warfare lessons
normalize-global-curation-allied-naval-command	active	creation	exact	allied-naval-command	allied-command	Allied Command	["Allied Naval Command"]	User-directed global topic curation; reviewed corpus references identify one canonical topic
normalize-global-curation-allied-naval-cooperation	active	creation	exact	allied-naval-cooperation	allied-cooperation	Allied Cooperation	["Allied Naval Cooperation"]	User-directed global topic curation; reviewed corpus references identify one canonical topic
review-global-curation-allied-operations	review	creation	exact	allied-operations	allied-operations	Norwegian Campaign	[]	Allied operations is underspecified; the reviewed occurrence identifies the Norwegian Campaign
review-global-curation-allied-policy	review	creation	exact	allied-policy	allied-policy	Operation Keelhaul	[]	Allied policy is underspecified; the reviewed occurrence concerns Operation Keelhaul
review-global-curation-allied-powers	review	creation	exact	allied-powers	allied-powers	Allies of World War I	[]	Allied Powers may identify the World War I Entente or World War II Allies; reviewed occurrences are split by war
normalize-global-curation-allied-procurement	active	creation	exact	allied-procurement	wartime-procurement	Wartime Procurement	["Allied Procurement"]	User-directed global topic curation; reviewed corpus references identify one canonical topic
review-global-curation-allied-relations	review	creation	exact	allied-relations	allied-relations	Coalition Politics	[]	Allied relations is underspecified; the reviewed occurrence concerns coalition politics
normalize-global-curation-allied-sea-power	active	creation	exact	allied-sea-power	allied-naval-power	Allied Naval Power	["Allied Sea Power"]	User-directed global topic curation; reviewed corpus references identify one canonical topic
normalize-global-curation-allied-standardization	active	creation	exact	allied-standardization	military-standardisation	Military Standardisation	["Allied Standardization","Military Standardization"]	User-directed global topic curation; reviewed corpus references identify one canonical topic
normalize-global-curation-allied-task-groups	active	creation	exact	allied-task-groups	naval-task-groups	Naval Task Groups	["Allied Task Groups"]	User-directed global topic curation; reviewed corpus references identify one canonical topic
review-global-curation-allied-troops	review	creation	exact	allied-troops	allied-troops	Roman Allies	[]	Allied troops is underspecified; the reviewed occurrence identifies Roman allied troops
normalize-global-curation-allied-warfare	active	creation	exact	allied-warfare	coalition-warfare	Coalition Warfare	["Allied Coalition","Allied Coalition Warfare","Allied Warfare"]	User-directed global topic curation; reviewed corpus references identify one canonical topic
review-global-curation-allies	review	creation	exact	allies	allies	Allies of World War II	[]	Allies may identify different coalitions or present-day partners; current remaining corpus use identifies the World War II Allies
normalize-global-curation-allies-world-war-two	active	creation	exact	allies-world-war-two	allies-of-world-war-ii	Allies of World War II	["World War II Allies","Allied Powers of World War II","Allies World War Two"]	User-directed global topic curation; reviewed corpus references identify one canonical topic
normalize-global-curation-altmark-affair	active	creation	exact	altmark-affair	altmark-incident	Altmark Incident	["Altmark Affair"]	User-directed global topic curation; reviewed corpus references identify one canonical topic
normalize-global-curation-aluminum	active	creation	exact	aluminum	aluminium	Aluminium	["Aluminum"]	User-directed global topic curation; reviewed corpus references identify one canonical topic
normalize-global-curation-aluminum-superstructure	active	creation	exact	aluminum-superstructure	aluminium-superstructures	Aluminium Superstructures	["Aluminum Superstructure","Aluminum Superstructures","Aluminium Superstructure"]	User-directed global topic curation; reviewed corpus references identify one canonical topic
normalize-global-curation-aluminum-superstructures	active	creation	exact	aluminum-superstructures	aluminium-superstructures	Aluminium Superstructures	["Aluminum Superstructure","Aluminum Superstructures","Aluminium Superstructure"]	User-directed global topic curation; reviewed corpus references identify one canonical topic
review-global-curation-amagi	review	creation	exact	amagi	amagi	Amagi (Battlecruiser)	[]	Amagi identifies multiple Japanese warships; reviewed references are split among the incomplete battlecruiser, its counterfactual carrier conversion, and the later Unryu-class carrier
normalize-global-curation-amagi-class	active	creation	exact	amagi-class	amagi-class-battlecruisers	Amagi Class Battlecruisers	["Amagi Class"]	All reviewed class uses identify the planned battlecruiser class, including carrier-conversion discussions about its hulls.
review-global-curation-amagis	review	creation	exact	amagis	amagis	Amagi Class Battlecruisers	[]	Current corpus references identify one entity, but the undated or shortened label is not universally unique
review-global-curation-amazon	review	creation	exact	amazon	amazon	Amazon (Company)	[]	Amazon may identify the company, river, or a ship name; the reviewed reference identifies the company
review-global-curation-amazon-class	review	creation	exact	amazon-class	amazon-class	Type 21 Frigates	[]	Amazon-class has been reused for different ship classes; the reviewed reference identifies the Type 21 frigates
normalize-global-curation-ambush	active	creation	exact	ambush	ambush-tactics	Ambush Tactics	["Ambush"]	User-directed global topic curation; reviewed corpus references identify one canonical topic
normalize-global-curation-america-class	active	creation	exact	america-class	america-class-amphibious-assault-ships	America Class Amphibious Assault Ships	["America Class","America-class LHA","America-class LHAs","America Class Lha"]	All reviewed uses identify the US Navy LHA/amphibious-assault-ship class; the LHA alternative is an acronym duplicate.
normalize-global-curation-america-class-lha	active	creation	exact	america-class-lha	america-class-amphibious-assault-ships	America Class Amphibious Assault Ships	["America Class","America-class LHA","America-class LHAs","America Class Lha"]	User-directed global topic curation; reviewed corpus references identify one canonical topic
normalize-global-curation-american-japanese-relations	active	creation	exact	american-japanese-relations	united-states-japan-relations	United States Japan Relations	["American Japanese Relations","Japan United States Relations","Japanese American Relations"]	User-directed global topic curation; reviewed corpus references identify one canonical topic
normalize-global-curation-ammunition-standardization	active	creation	exact	ammunition-standardization	ammunition-standardisation	Ammunition Standardisation	["Ammunition Standardization"]	User-directed global topic curation; reviewed corpus references identify one canonical topic
normalize-global-curation-amphibious-assault-vehicle	active	creation	exact	amphibious-assault-vehicle	amphibious-assault-vehicles	Amphibious Assault Vehicles	["Amphibious Assault Vehicle"]	User-directed global topic curation; reviewed corpus references identify one canonical topic
normalize-global-curation-amphibious-operations	active	creation	exact	amphibious-operations	amphibious-warfare	Amphibious Warfare	["amphibious operations"]	User-directed global topic curation; reviewed corpus references identify one canonical topic
normalize-global-curation-amphibious-ready-group	active	creation	exact	amphibious-ready-group	amphibious-ready-groups	Amphibious Ready Groups	["Amphibious Ready Group"]	User-directed global topic curation; reviewed corpus references identify one canonical topic
review-global-curation-amphion-class	review	creation	exact	amphion-class	amphion-class	Amphion Class Cruisers	[]	Four bare uses and the video topic identify the interwar cruiser class; one bare use identifies the postwar submarine class. Future bare uses require evidence before selecting a typed class.
review-global-curation-anglo-french-war	review	creation	exact	anglo-french-war	anglo-french-war	Anglo-French War (1778-1783)	[]	Anglo-French War may identify several conflicts; reviewed singular references identify the 1778-1783 war
normalize-global-curation-anglo-german-naval-race	active	creation	exact	anglo-german-naval-race	anglo-german-naval-arms-race	Anglo German Naval Arms Race	["Anglo German Naval Race"]	User-directed global topic curation; reviewed corpus references identify one canonical topic
normalize-global-curation-anglo-japanese-defense-cooperation	active	creation	exact	anglo-japanese-defense-cooperation	anglo-japanese-defence-cooperation	Anglo Japanese Defence Cooperation	["Anglo Japanese Defense Cooperation"]	Generic English topic uses the channel's canonical UK spelling; the US spelling remains an alias.
normalize-global-curation-anti-ship-missile-defense	active	creation	exact	anti-ship-missile-defense	anti-ship-missile-defence	Anti Ship Missile Defence	["Anti Ship Missile Defense"]	Generic English topic uses the channel's canonical UK spelling; the US spelling remains an alias.
normalize-global-curation-anti-ship-strike	active	creation	exact	anti-ship-strike	anti-ship-strikes	Anti Ship Strikes	["Anti Ship Strike"]	User-directed global topic curation; reviewed corpus references identify one canonical topic
review-global-curation-anti-slavery-operations	review	creation	exact	anti-slavery-operations	anti-slavery-operations	Fictional Anti-Slavery Operations	[]	The reviewed reference is an in-universe operation in a science-fiction series; real anti-slavery operations require an ordinary historical topic
normalize-global-curation-anzac-class	active	creation	exact	anzac-class	anzac-class-frigate	Anzac Class Frigate	["Anzac Class"]	All reviewed uses identify the Australian and New Zealand frigate class; the canonical title should ultimately be pluralized.
normalize-global-curation-aoba-class	active	creation	exact	aoba-class	aoba-class-cruisers	Aoba Class Cruisers	["Aoba Class"]	All reviewed uses identify the Japanese heavy-cruiser class.
normalize-global-curation-apache-helicopters	active	creation	exact	apache-helicopters	ah-64-apache	AH-64 Apache	["Apache Helicopters"]	Typed plural identifies the AH-64 family in the current corpus.
review-global-curation-apollo	review	creation	exact	apollo	apollo	Apollo (Stargate)	[]	Apollo may identify a fictional vessel, historical ship, deity, or space program; the reviewed reference identifies the Stargate vessel
review-global-curation-apollo-class	review	creation	exact	apollo-class	apollo-class	Apollo Class Protected Cruisers	[]	Apollo-class identifies separate cruiser and frigate classes; the reviewed bare references identify the protected cruisers
review-global-curation-aquila	review	creation	exact	aquila	aquila	Aquila Aircraft Carrier	[]	Aquila may identify a bird, constellation, Roman symbol, or several ships; all reviewed references identify the Italian aircraft carrier
normalize-global-curation-arabis-class	active	creation	exact	arabis-class	arabis-class-sloops	Arabis Class Sloops	["Arabis Class"]	All reviewed uses identify the Arabis-class sloops.
review-global-curation-archer-class	review	creation	exact	archer-class	archer-class	Archer Class Cruisers	[]	Eight bare uses identify the 1880s torpedo cruisers; five identify the modern training and patrol craft. Future bare uses require evidence before selecting a typed class.
normalize-global-curation-archipelagic-defense	active	creation	exact	archipelagic-defense	archipelagic-defence	Archipelagic Defence	["Archipelagic Defense"]	Generic English topic uses the channel's canonical UK spelling; the US spelling remains an alias.
normalize-global-curation-arclight-slipfighters	active	creation	exact	arclight-slipfighters	fiction-andromeda-arclight-slipfighters	Arclight Slipfighters (Andromeda Fiction)	["Arclight Slipfighters"]	Arclight slipfighters are specific Andromeda fictional craft.
normalize-global-curation-arethisa-class	active	creation	exact	arethisa-class	arethusa-class-cruisers	Arethusa-Class Cruisers	["Aretheusa Class Cruisers","Arethusa Class Cruiser","Arethisa Class"]	User-directed global topic curation; reviewed corpus references identify one canonical topic
review-global-curation-arethusa-class	review	creation	exact	arethusa-class	arethusa-class	Arethusa Class Light Cruisers (1934)	[]	Most bare uses identify the 1934 light cruisers; one contemporary-design-lineage use identifies the 1882 protected cruisers. Future bare uses require evidence before selecting a typed class.
normalize-global-curation-armament-standardization	active	creation	exact	armament-standardization	weapon-standardisation	Weapon Standardisation	["Weapon Standardization","Weapons Standardization","Armament Standardization","Gun Standardization"]	User-directed global topic curation; reviewed corpus references identify one canonical topic
normalize-global-curation-armor-design	active	creation	exact	armor-design	armour-design	Armour Design	["Armor Design"]	User-directed global topic curation; reviewed corpus references identify one canonical topic
normalize-global-curation-armor-forging	active	creation	exact	armor-forging	armour-forging	Armour Forging	["Armor Forging"]	Generic English topic uses the channel's canonical UK spelling; the US spelling remains an alias.
normalize-global-curation-armor-layout	active	creation	exact	armor-layout	armour-layout	Armour Layout	["Armor Layout"]	Generic English topic uses the channel's canonical UK spelling; the US spelling remains an alias.
normalize-global-curation-armor-manufacturing	active	creation	exact	armor-manufacturing	armour-manufacturing	Armour Manufacturing	["Armor Manufacturing"]	Generic English topic uses the channel's canonical UK spelling; the US spelling remains an alias.
normalize-global-curation-armor-plate	active	creation	exact	armor-plate	armour-plate	Armour Plate	["Armor Plate"]	Generic English topic uses the channel's canonical UK spelling; the US spelling remains an alias.
normalize-global-curation-armored-cars	active	creation	exact	armored-cars	armoured-cars	Armoured Cars	["Armored Cars"]	User-directed global topic curation; reviewed corpus references identify one canonical topic
normalize-global-curation-armored-frigates	active	creation	exact	armored-frigates	armoured-frigates	Armoured Frigates	["Armored Frigates"]	User-directed global topic curation; reviewed corpus references identify one canonical topic
normalize-global-curation-armored-gunboats	active	creation	exact	armored-gunboats	armoured-gunboats	Armoured Gunboats	["Armored Gunboats"]	Generic English topic uses the channel's canonical UK spelling; the US spelling remains an alias.
normalize-global-curation-armored-personnel-carriers	active	creation	exact	armored-personnel-carriers	armoured-personnel-carriers	Armoured Personnel Carriers	["Armored Personnel Carriers"]	User-directed global topic curation; reviewed corpus references identify one canonical topic
normalize-global-curation-armored-reconnaissance	active	creation	exact	armored-reconnaissance	armoured-reconnaissance	Armoured Reconnaissance	["Armored Reconnaissance"]	Generic English topic uses the channel's canonical UK spelling; the US spelling remains an alias.
normalize-global-curation-armored-warships	active	creation	exact	armored-warships	armoured-warships	Armoured Warships	["Armored Warships"]	Generic English topic uses the channel's canonical UK spelling; the US spelling remains an alias.
normalize-global-curation-armoured-citadel	active	creation	exact	armoured-citadel	armoured-citadels	Armoured Citadels	["Armoured Citadel"]	User-directed global topic curation; reviewed corpus references identify one canonical topic
normalize-global-curation-arrested-landings	active	creation	exact	arrested-landings	arrested-landing	Arrested Landing	["Arrested Landings"]	User-directed global topic curation; reviewed corpus references identify one canonical topic
normalize-global-curation-arthur-wellesley-wellington	active	creation	exact	arthur-wellesley-wellington	arthur-wellesley-duke-of-wellington	Arthur Wellesley Duke Of Wellington	["Arthur Wellesley Wellington"]	User-directed global topic curation; reviewed corpus references identify one canonical topic
review-global-curation-article-5	review	creation	exact	article-5	article-5	NATO Article 5	[]	A numbered article is meaningless without its parent instrument; the reviewed reference identifies Article 5 of the North Atlantic Treaty
review-global-curation-article-9	review	creation	exact	article-9	article-9	Article 9 of the Japanese Constitution	[]	A numbered article is meaningless without its parent instrument; the reviewed reference identifies Article 9 of the Japanese Constitution
normalize-global-curation-aster-missiles	active	creation	exact	aster-missiles	aster-missile	Aster Missile	["Aster Missiles"]	User-directed global topic curation; reviewed corpus references identify one canonical topic
normalize-global-curation-at-sea-rearming	active	creation	exact	at-sea-rearming	rearming-at-sea	Rearming At Sea	["At Sea Rearming"]	User-directed global topic curation; reviewed corpus references identify one canonical topic
normalize-global-curation-atlantic-campaign	active	creation	exact	atlantic-campaign	battle-of-the-atlantic	Battle of the Atlantic	["Atlantic campaign","Battle of Atlantic","Atlantic Campaigns","Atlantic Battle"]	User-directed global topic curation; reviewed corpus references identify one canonical topic
normalize-global-curation-atlantic-campaigns	active	creation	exact	atlantic-campaigns	battle-of-the-atlantic	Battle of the Atlantic	["Atlantic campaign","Battle of Atlantic","Atlantic Campaigns","Atlantic Battle"]	User-directed global topic curation; reviewed corpus references identify one canonical topic
normalize-global-curation-atlantic-theater	active	creation	exact	atlantic-theater	atlantic-theatre	Atlantic Theatre	["Atlantic Theater"]	User-directed global topic curation; reviewed corpus references identify one canonical topic
normalize-global-curation-atomic-bomb	active	creation	exact	atomic-bomb	atomic-bombs	Atomic Bombs	["Atomic Bomb"]	User-directed global topic curation; reviewed corpus references identify one canonical topic
normalize-global-curation-atomic-bombing	active	creation	exact	atomic-bombing	atomic-bombings	Atomic Bombings	["Atomic Bombing"]	User-directed global topic curation; reviewed corpus references identify one canonical topic
review-global-curation-attack-class	review	creation	exact	attack-class	attack-class	Attack Class Submarine	[]	Context-dependent bare topic; future uses require evidence before selecting a typed canonical topic
review-global-curation-avenger	review	creation	exact	avenger	avenger	Grumman TBF Avenger	[]	All current bare uses identify the TBF/TBM family, but Avenger also names ships, classes, and unrelated aircraft.
normalize-global-curation-avenger-aircraft	active	creation	exact	avenger-aircraft	grumman-tbf-avenger	Grumman TBF Avenger	["Avenger Aircraft","Grumman Avenger","TBF Avenger"]	Typed name duplicates the full manufacturer/designator/name topic.
normalize-global-curation-b-17	active	creation	exact	b-17	b-17-flying-fortress	B-17 Flying Fortress	["B-17"]	Bare designator duplicates the designator/nickname topic.
normalize-global-curation-b-29	active	creation	exact	b-29	b-29-superfortress	B-29 Superfortress	["B-29"]	Bare designator duplicates the designator/nickname topic.
normalize-global-curation-b-52	active	creation	exact	b-52	b-52-stratofortress	B-52 Stratofortress	["B-52"]	Bare designator duplicates the designator/nickname topic.
normalize-global-curation-b-wing	active	creation	exact	b-wing	fiction-star-wars-b-wing	B-wing (Star Wars Fiction)	["B Wing"]	The B-wing is a specific Star Wars fictional strike fighter.
normalize-global-curation-b5n-kate	active	creation	exact	b5n-kate	nakajima-b5n-kate	Nakajima B5n Kate	["B5n Kate","Nakajima B5n"]	Designator/reporting-name form duplicates the manufacturer-qualified topic.
normalize-global-curation-badger-bomber	active	creation	exact	badger-bomber	tu-16-badger	Tu 16 Badger	["Badger Bomber"]	Typed reporting name duplicates the designator/reporting-name topic.
normalize-global-curation-balanced-fleets	active	creation	exact	balanced-fleets	balanced-fleet	Balanced Fleet	["Balanced Fleets"]	User-directed global topic curation; reviewed corpus references identify one canonical topic
normalize-global-curation-baltic-strategy	active	creation	exact	baltic-strategy	baltic-sea-strategy	Baltic Sea Strategy	["Baltic strategy","Baltic defence","Baltic defense","Baltic naval strategy"]	User-directed global topic curation; reviewed corpus references identify one canonical topic
normalize-global-curation-baltimore-class	active	creation	exact	baltimore-class	baltimore-class-cruisers	Baltimore Class Cruisers	["Baltimore Class"]	All reviewed uses identify the US heavy-cruiser class.
normalize-global-curation-bangor-class	active	creation	exact	bangor-class	bangor-class-minesweepers	Bangor Class Minesweepers	["Bangor Class"]	All reviewed uses identify the Bangor-class minesweepers.
normalize-global-curation-barbel-class	active	creation	exact	barbel-class	barbel-class-submarines	Barbel Class Submarines	["Barbel Class"]	All reviewed uses identify the US submarine class.
review-global-curation-barracuda	review	creation	exact	barracuda	barracuda	Fairey Barracuda	[]	All current uses identify the Fairey aircraft, but the name also applies to submarines and the fish.
review-global-curation-battenberg	review	creation	exact	battenberg	battenberg	Louis Of Battenberg	[]	Current corpus references identify one entity, but the undated or shortened label is not universally unique
normalize-global-curation-battle-fleets	active	creation	exact	battle-fleets	battle-fleet	Battle Fleet	["Battlefleet","Battle Fleets"]	User-directed global topic curation; reviewed corpus references identify one canonical topic
normalize-global-curation-battle-of-aegates	active	creation	exact	battle-of-aegates	battle-of-the-aegates	Battle Of The Aegates	["Battle Of Aegates"]	User-directed global topic curation; reviewed corpus references identify one canonical topic
normalize-global-curation-battle-of-chesapeake	active	creation	exact	battle-of-chesapeake	battle-of-the-chesapeake	Battle Of The Chesapeake	["Battle Of Chesapeake"]	User-directed global topic curation; reviewed corpus references identify one canonical topic
normalize-global-curation-battle-of-coral-sea	active	creation	exact	battle-of-coral-sea	battle-of-the-coral-sea	Battle Of The Coral Sea	["Battle Of Coral Sea"]	User-directed global topic curation; reviewed corpus references identify one canonical topic
normalize-global-curation-battle-of-denmark-strait	active	creation	exact	battle-of-denmark-strait	battle-of-the-denmark-strait	Battle Of The Denmark Strait	["Battle Of Denmark Strait"]	User-directed global topic curation; reviewed corpus references identify one canonical topic
normalize-global-curation-battle-of-falkland-islands	active	creation	exact	battle-of-falkland-islands	battle-of-the-falkland-islands	Battle Of The Falkland Islands	["Battle Of Falkland Islands"]	User-directed global topic curation; reviewed corpus references identify one canonical topic
normalize-global-curation-battle-of-france	active	creation	exact	battle-of-france	fall-of-france	Fall Of France	["France 1940","Battle of France","Low Countries 1940","armoured warfare 1940","armored warfare 1940"]	User-directed global topic curation; reviewed corpus references identify one canonical topic
normalize-global-curation-battle-of-java-sea	active	creation	exact	battle-of-java-sea	battle-of-the-java-sea	Battle Of The Java Sea	["Battle Of Java Sea"]	User-directed global topic curation; reviewed corpus references identify one canonical topic
normalize-global-curation-battle-of-north-cape	active	creation	exact	battle-of-north-cape	battle-of-the-north-cape	Battle Of The North Cape	["Battle Of North Cape"]	User-directed global topic curation; reviewed corpus references identify one canonical topic
normalize-global-curation-battle-of-rice-boats	active	creation	exact	battle-of-rice-boats	battle-of-the-rice-boats	Battle Of The Rice Boats	["Battle Of Rice Boats"]	User-directed global topic curation; reviewed corpus references identify one canonical topic
normalize-global-curation-battle-of-river-plate	active	creation	exact	battle-of-river-plate	battle-of-the-river-plate	Battle Of The River Plate	["Battle Of River Plate"]	User-directed global topic curation; reviewed corpus references identify one canonical topic
normalize-global-curation-battle-of-santa-cruz-islands	active	creation	exact	battle-of-santa-cruz-islands	battle-of-the-santa-cruz-islands	Battle Of The Santa Cruz Islands	["Battle Of Santa Cruz Islands"]	User-directed global topic curation; reviewed corpus references identify one canonical topic
normalize-global-curation-battle-of-yalu-river	active	creation	exact	battle-of-yalu-river	battle-of-the-yalu-river	Battle Of The Yalu River	["Battle Of Yalu River"]	User-directed global topic curation; reviewed corpus references identify one canonical topic
normalize-global-curation-battlecarrier	active	creation	exact	battlecarrier	battlecarriers	Battlecarriers	["Battle Carriers","Battlecarrier"]	User-directed global topic curation; reviewed corpus references identify one canonical topic
normalize-global-curation-battlefield-maneuver	active	creation	exact	battlefield-maneuver	battlefield-manoeuvre	Battlefield Manoeuvre	["Battlefield Maneuver"]	Generic English topic uses the channel's canonical UK spelling; the US spelling remains an alias.
normalize-global-curation-battleship-modernization	active	creation	exact	battleship-modernization	battleship-modernisation	Battleship Modernisation	["Battleship Modernization"]	User-directed global topic curation; reviewed corpus references identify one canonical topic
review-global-curation-bay-class	review	creation	exact	bay-class	bay-class	Bay Class Landing Ship	[]	Ten bare uses identify modern Bay-class landing ships; one use in a 1945 ASW comparison identifies Bay-class frigates. Future bare uses require evidence before selecting a typed class.
normalize-global-curation-bayern-class	active	creation	exact	bayern-class	bayern-class-battleships	Bayern Class Battleships	["Bayern Class"]	All reviewed uses identify the Imperial German battleship class.
normalize-global-curation-beaufighter	active	creation	exact	beaufighter	bristol-beaufighter	Bristol Beaufighter	["Beaufighter"]	Aircraft name duplicates the manufacturer-qualified topic.
normalize-global-curation-belfast-class	active	creation	exact	belfast-class	belfast-class-cruisers	Belfast Class Cruisers	["Belfast Class"]	The reviewed bare and typed uses identify the Belfast/Edinburgh cruiser group.
normalize-global-curation-bellona-class	active	creation	exact	bellona-class	bellona-class-cruisers	Bellona Class Cruisers	["Bellona Class"]	All reviewed uses identify the Bellona subclass of Dido-class anti-aircraft cruisers.
normalize-global-curation-belt-armor	active	creation	exact	belt-armor	armour-belts	Armour Belts	["Armor Belts","Belt Armour","Belt Armor"]	Generic English topic uses the channel's canonical UK spelling; the US spelling remains an alias.
normalize-global-curation-bf-109	active	creation	exact	bf-109	messerschmitt-bf-109	Messerschmitt Bf 109	["Bf 109","Me 109"]	Bare designator duplicates the manufacturer-qualified aircraft topic.
normalize-global-curation-bf-110	active	creation	exact	bf-110	messerschmitt-bf-110	Messerschmitt Bf 110	["Bf 110"]	Bare designator duplicates the manufacturer-qualified aircraft topic.
normalize-global-curation-black-cat-aircraft	active	creation	exact	black-cat-aircraft	black-cat-pby	Black Cat PBY	["Black Cat Aircraft"]	Typed aircraft form identifies Black Cat PBY operations.
review-global-curation-black-cats	review	creation	exact	black-cats	black-cats	Black Cat PBY	[]	All current uses identify Catalina Black Cat operations, but the plural nickname can also denote squadrons as organizations.
normalize-global-curation-black-sea-shipyards	active	creation	exact	black-sea-shipyards	black-sea-shipyard	Black Sea Shipyard	["Black Sea Shipyards"]	User-directed global topic curation; reviewed corpus references identify one canonical topic
review-global-curation-blackburn	review	creation	exact	blackburn	blackburn	Blackburn Blackburn	[]	The sole current use means the Blackburn Blackburn aircraft; the bare company/name token is otherwise ambiguous.
normalize-global-curation-blackburn-b54	active	creation	exact	blackburn-b54	blackburn-b-54	Blackburn B 54	["Blackburn B54"]	User-directed global topic curation; reviewed corpus references identify one canonical topic
normalize-global-curation-blackburn-barracuda	active	creation	exact	blackburn-barracuda	fairey-barracuda	Fairey Barracuda	["Blackburn Barracuda"]	Incorrect manufacturer form should resolve to the Fairey aircraft.
normalize-global-curation-blackburn-dart	active	creation	exact	blackburn-dart	blackburn-t-2-dart	Blackburn T 2 Dart	["Blackburn Dart"]	Short manufacturer/name form duplicates the precise T.2 designation.
normalize-global-curation-blackburn-fulmar	active	creation	exact	blackburn-fulmar	fairey-fulmar	Fairey Fulmar	["Blackburn Fulmar","Fairy Fulmar"]	Incorrect manufacturer form should resolve to the Fairey aircraft.
normalize-global-curation-blackburn-r-1	active	creation	exact	blackburn-r-1	blackburn-blackburn	Blackburn Blackburn	["Blackburn R 1"]	R.1 is the designation of the aircraft officially named Blackburn Blackburn.
normalize-global-curation-blackburn-ripon	active	creation	exact	blackburn-ripon	blackburn-t-5-ripon	Blackburn T 5 Ripon	["Blackburn Ripon","Blackburn T 5 Rippon"]	Short manufacturer/name form duplicates the precise T.5 designation.
normalize-global-curation-blackburn-spearfish	active	creation	exact	blackburn-spearfish	fairey-spearfish	Fairey Spearfish	["Blackburn Spearfish"]	Incorrect manufacturer form should resolve to the Fairey aircraft.
normalize-global-curation-blackburn-sydney	active	creation	exact	blackburn-sydney	blackburn-r-b-2-sydney	Blackburn R B 2 Sydney	["Blackburn Sydney"]	Short manufacturer/name form duplicates the precise R.B.2 Sydney topic.
normalize-global-curation-blackburn-t-5-rippon	active	creation	exact	blackburn-t-5-rippon	blackburn-t-5-ripon	Blackburn T 5 Ripon	["Blackburn Ripon","Blackburn T 5 Rippon"]	Rippon is a misspelling of the Blackburn T.5 Ripon.
normalize-global-curation-blonde-class	active	creation	exact	blonde-class	blonde-class-cruisers	Blonde Class Cruisers	["Blonde Class"]	All reviewed uses identify the 1910 scout-cruiser class.
normalize-global-curation-blue-water-navies	active	creation	exact	blue-water-navies	blue-water-navy	Blue Water Navy	["Blue Water Navies"]	User-directed global topic curation; reviewed corpus references identify one canonical topic
normalize-global-curation-bofors-gun	active	creation	exact	bofors-gun	bofors-guns	Bofors Guns	["Bofors Gun"]	User-directed global topic curation; reviewed corpus references identify one canonical topic
normalize-global-curation-bolton-paul-defiant	active	creation	exact	bolton-paul-defiant	boulton-paul-defiant	Boulton Paul Defiant	["Bolton Paul Defiant"]	Bolton is a misspelling of manufacturer Boulton Paul.
review-global-curation-borodino-class	review	creation	exact	borodino-class	borodino-class	Borodino Class Battlecruisers	[]	Ten bare uses identify the planned 1911 battlecruisers; four identify the 1901 pre-dreadnought battleships of Tsushima. Future bare uses require evidence before selecting a typed class.
normalize-global-curation-bouncing-bomb	active	creation	exact	bouncing-bomb	bouncing-bombs	Bouncing Bombs	["Bouncing Bomb"]	User-directed global topic curation; reviewed corpus references identify one canonical topic
review-global-curation-braunschweig-class	review	creation	exact	braunschweig-class	braunschweig-class	Braunschweig Class Corvettes	[]	Context-dependent bare topic; future uses require evidence before selecting a typed canonical topic
normalize-global-curation-breguet-1120	active	creation	exact	breguet-1120	breguet-1120-sirocco	Breguet 1120 Sirocco	["Breguet 1120"]	Bare designator duplicates the designator/name topic.
normalize-global-curation-brewster-aeronautical	active	creation	exact	brewster-aeronautical	brewster-aeronautical-corporation	Brewster Aeronautical Corporation	["Brewster Aeronautical","Brewster Aircraft"]	Short corporate form duplicates the full company topic.
normalize-global-curation-brewster-aircraft	active	creation	exact	brewster-aircraft	brewster-aeronautical-corporation	Brewster Aeronautical Corporation	["Brewster Aeronautical","Brewster Aircraft"]	Informal manufacturer form duplicates the full corporate topic.
normalize-global-curation-brewster-bermuda	active	creation	exact	brewster-bermuda	brewster-buccaneer	Brewster Buccaneer	["Brewster Bermuda"]	Bermuda and Buccaneer are British and American names for the Brewster SB2A.
normalize-global-curation-british-defense	active	creation	exact	british-defense	british-defence	British Defence	["British Defense"]	Generic English topic uses the channel's canonical UK spelling; the US spelling remains an alias.
normalize-global-curation-british-defense-research	active	creation	exact	british-defense-research	british-defence-research	British Defence Research	["British Defense Research"]	Generic English topic uses the channel's canonical UK spelling; the US spelling remains an alias.
normalize-global-curation-british-industrial-mobilization	active	creation	exact	british-industrial-mobilization	british-industrial-mobilisation	British Industrial Mobilisation	["British Industrial Mobilization"]	Generic English topic uses the channel's canonical UK spelling; the US spelling remains an alias.
normalize-global-curation-british-naval-mission	active	creation	exact	british-naval-mission	british-naval-missions	British Naval Missions	["British Naval Mission"]	User-directed global topic curation; reviewed corpus references identify one canonical topic
review-global-curation-buccaneer	review	creation	exact	buccaneer	buccaneer	Blackburn Buccaneer	[]	Current corpus references identify one entity, but the undated or shortened label is not universally unique
normalize-global-curation-buccaneer-aircraft	active	creation	exact	buccaneer-aircraft	blackburn-buccaneer	Blackburn Buccaneer	["Buccaneer Aircraft"]	User-directed global topic curation; reviewed corpus references identify one canonical topic
normalize-global-curation-buckley-class	active	creation	exact	buckley-class	buckley-class-destroyer-escorts	Buckley Class Destroyer Escorts	["Buckley Class"]	The reviewed bare and typed uses identify the same destroyer-escort class.
normalize-global-curation-california-class	active	creation	exact	california-class	california-class-cruiser	California Class Cruiser	["California Class"]	The bare and typed uses identify the US nuclear-powered cruiser class; the canonical title should ultimately be pluralized.
normalize-global-curation-calypso-class	active	creation	exact	calypso-class	calypso-class-corvettes	Calypso Class Corvettes	["Calypso Class"]	The protected-cruiser wording and corvette wording refer to the same Calypso-class vessels and their changing classification.
normalize-global-curation-canberra-class	active	creation	exact	canberra-class	canberra-class-landing-helicopter-docks	Canberra Class Landing Helicopter Docks	["Canberra Class","Canberra-class LHD","Canberra-class LHDs","Canberra Class LHD"]	All reviewed uses identify the Australian LHD class; the LHD alternative is an acronym duplicate.
normalize-global-curation-cannons	active	creation	exact	cannons	cannon	Cannon	["Cannons"]	User-directed global topic curation; reviewed corpus references identify one canonical topic
review-global-curation-cape-finisterre	review	creation	exact	cape-finisterre	cape-finisterre	Battle Of Cape Finisterre	[]	Cape Finisterre can identify the place or several naval battles; current references concern battles off the cape
normalize-global-curation-cape-finisterre-1805	active	creation	exact	cape-finisterre-1805	battle-of-cape-finisterre	Battle Of Cape Finisterre	["Cape Finisterre","Cape Finisterre 1805","Calder's action","Villeneuve at Finisterre"]	User-directed global topic curation; reviewed corpus references identify one canonical topic
normalize-global-curation-capital-ship-modernization	active	creation	exact	capital-ship-modernization	capital-ship-modernisation	Capital Ship Modernisation	["Capital Ship Modernization"]	Generic English topic uses the channel's canonical UK spelling; the US spelling remains an alias.
normalize-global-curation-capital-ship-programs	active	creation	exact	capital-ship-programs	capital-ship-programmes	Capital Ship Programmes	["Capital Ship Programs"]	Generic English topic uses the channel's canonical UK spelling; the US spelling remains an alias.
normalize-global-curation-captain-edward-kennedy	active	creation	exact	captain-edward-kennedy	edward-coverley-kennedy	Edward Coverley Kennedy	["Captain Edward Kennedy"]	The Rawalpindi biography identifies Ludovic Kennedy's father, Captain Edward Coverley Kennedy.
normalize-global-curation-captain-frederic-john-walker	active	creation	exact	captain-frederic-john-walker	frederic-john-walker	Frederic John Walker	["Captain Frederic John Walker"]	The rank-prefixed slug already contains the person's full identifying name.
review-global-curation-captain-sherbrooke	review	creation	exact	captain-sherbrooke	captain-sherbrooke	Robert Sherbrooke	[]	Current corpus references identify one entity, but the undated or shortened label is not universally unique
review-global-curation-captain-wake	review	creation	exact	captain-wake	captain-wake	St Aubyn Baldwin Wake	[]	The sole occurrence is the captain of HMS Warspite during Invergordon, St Aubyn Baldwin Wake; future surname-only uses require evidence.
normalize-global-curation-carleton-de-wiart	active	creation	exact	carleton-de-wiart	adrian-carton-de-wiart	Adrian Carton De Wiart	["Carleton De Wiart","Carton De Wiart"]	User-directed global topic curation; reviewed corpus references identify one canonical topic
normalize-global-curation-carrier-air-patrols	active	creation	exact	carrier-air-patrols	carrier-air-patrol	Carrier Air Patrol	["Carrier Air Patrols"]	User-directed global topic curation; reviewed corpus references identify one canonical topic
normalize-global-curation-carrier-air-strikes	active	creation	exact	carrier-air-strikes	carrier-strike	Carrier Strike	["Carrier Strikes","Carrier Air Strike","Carrier Air Strikes"]	User-directed global topic curation; reviewed corpus references identify one canonical topic
normalize-global-curation-carrier-armor	active	creation	exact	carrier-armor	carrier-armour	Carrier Armour	["Carrier Armor"]	Generic English topic uses the channel's canonical UK spelling; the US spelling remains an alias.
normalize-global-curation-carrier-battle-group	active	creation	exact	carrier-battle-group	carrier-battle-groups	Carrier Battle Groups	["Carrier Battle Group"]	User-directed global topic curation; reviewed corpus references identify one canonical topic
normalize-global-curation-carrier-escort	active	creation	exact	carrier-escort	carrier-escorts	Carrier Escorts	["Aircraft Carrier Escort","Aircraft Carrier Escorts","Carrier Escort"]	User-directed global topic curation; reviewed corpus references identify one canonical topic
normalize-global-curation-carrier-landing	active	creation	exact	carrier-landing	carrier-landings	Carrier Landings	["Carrier Landing"]	User-directed global topic curation; reviewed corpus references identify one canonical topic
normalize-global-curation-carrier-modernization	active	creation	exact	carrier-modernization	carrier-modernisation	Carrier Modernisation	["Carrier Modernization"]	User-directed global topic curation; reviewed corpus references identify one canonical topic
normalize-global-curation-carrier-programs	active	creation	exact	carrier-programs	carrier-programmes	Carrier Programmes	["Carrier Programs"]	User-directed global topic curation; reviewed corpus references identify one canonical topic
normalize-global-curation-carrier-self-defense	active	creation	exact	carrier-self-defense	carrier-self-defence	Carrier Self Defence	["Carrier Self Defense"]	Generic English topic uses the channel's canonical UK spelling; the US spelling remains an alias.
normalize-global-curation-carrier-strikes	active	creation	exact	carrier-strikes	carrier-strike	Carrier Strike	["Carrier Strikes"]	User-directed global topic curation; reviewed corpus references identify one canonical topic
normalize-global-curation-carton-de-wiart	active	creation	exact	carton-de-wiart	adrian-carton-de-wiart	Adrian Carton De Wiart	["Carleton De Wiart","Carton De Wiart"]	User-directed global topic curation; reviewed corpus references identify one canonical topic
normalize-global-curation-casablanca-class	active	creation	exact	casablanca-class	casablanca-class-carriers	Casablanca Class Carriers	["Casablanca Class"]	All reviewed uses identify the US escort-carrier class.
normalize-global-curation-case-mate-guns	active	creation	exact	case-mate-guns	casemate-guns	Casemate Guns	["Case Mate Guns"]	User-directed global topic curation; reviewed corpus references identify one canonical topic
normalize-global-curation-catalina-flying-boats	active	creation	exact	catalina-flying-boats	pby-catalina	PBY Catalina	["Catalina Flying Boats"]	Typed plural duplicates the PBY Catalina family topic.
normalize-global-curation-centaur-class	active	creation	exact	centaur-class	centaur-class-carriers	Centaur Class Carriers	["Centaur Class"]	All reviewed uses identify the Royal Navy carrier class.
review-global-curation-charles-howard	review	creation	exact	charles-howard	charles-howard	Charles Howard Of Effingham	[]	Current corpus references identify one entity, but the undated or shortened label is not universally unique
normalize-global-curation-charles-kennedy-purvis	active	creation	exact	charles-kennedy-purvis	charles-edward-kennedy-purvis	Charles Edward Kennedy Purvis	["Charles Kennedy Purvis"]	User-directed global topic curation; reviewed corpus references identify one canonical topic
normalize-global-curation-charles-parsons	active	creation	exact	charles-parsons	charles-algernon-parsons	Charles Algernon Parsons	["Charles Parsons"]	User-directed global topic curation; reviewed corpus references identify one canonical topic
normalize-global-curation-chester-class	active	creation	exact	chester-class	chester-class-scout-cruiser	Chester Class Scout Cruiser	["Chester Class"]	The bare use and all three typed alternatives identify the same US scout-cruiser class; the typed variants should converge on one plural title.
normalize-global-curation-china-burma-india-theater	active	creation	exact	china-burma-india-theater	china-burma-india-theatre	China Burma India Theatre	["China Burma India Theater"]	User-directed global topic curation; reviewed corpus references identify one canonical topic
normalize-global-curation-chinese-treasure-fleet	active	creation	exact	chinese-treasure-fleet	chinese-treasure-fleets	Chinese Treasure Fleets	["Chinese Treasure Fleet"]	User-directed global topic curation; reviewed corpus references identify one canonical topic
normalize-global-curation-chinook	active	creation	exact	chinook	chinook-helicopters	Chinook Helicopters	["Chinook","Chinook Helicopter"]	User-directed global topic curation; reviewed corpus references identify one canonical topic
normalize-global-curation-chinook-helicopter	active	creation	exact	chinook-helicopter	chinook-helicopters	Chinook Helicopters	["Chinook","Chinook Helicopter"]	User-directed global topic curation; reviewed corpus references identify one canonical topic
review-global-curation-churchill	review	creation	exact	churchill	churchill	Winston Churchill	[]	Churchill can identify a family name, ships, tanks, or places; current references identify Winston Churchill
normalize-global-curation-churchill-class	active	creation	exact	churchill-class	churchill-class-submarine	Churchill Class Submarine	["Churchill Class"]	All reviewed class uses identify the Royal Navy nuclear attack submarines; the canonical title should ultimately be pluralized.
normalize-global-curation-cingtao	active	creation	exact	cingtao	tsingtao	Tsingtao	["Cingtao","Qingdao","Singtao"]	User-directed global topic curation; reviewed corpus references identify one canonical topic
normalize-global-curation-citadel-armor	active	creation	exact	citadel-armor	citadel-armour	Citadel Armour	["Citadel Armor"]	Generic English topic uses the channel's canonical UK spelling; the US spelling remains an alias.
normalize-global-curation-civilian-defense	active	creation	exact	civilian-defense	civilian-defence	Civilian Defence	["Civilian Defense"]	Generic English topic uses the channel's canonical UK spelling; the US spelling remains an alias.
normalize-global-curation-civilian-mobilization	active	creation	exact	civilian-mobilization	civilian-mobilisation	Civilian Mobilisation	["Civilian Mobilization"]	Generic English topic uses the channel's canonical UK spelling; the US spelling remains an alias.
normalize-global-curation-cl84	active	creation	exact	cl84	cl-84-dynavert	Cl 84 Dynavert	["Cl84"]	Compressed designator duplicates the named CL-84 topic.
normalize-global-curation-classified-programs	active	creation	exact	classified-programs	classified-programmes	Classified Programmes	["Classified Programs"]	Generic English topic uses the channel's canonical UK spelling; the US spelling remains an alias.
review-global-curation-clemenceau-class	review	creation	exact	clemenceau-class	clemenceau-class	Clemenceau Class Aircraft Carrier	[]	Thirteen bare uses identify the postwar carrier class; one bare topic is attached to the separate unfinished Richelieu-class battleship Clemenceau and proposed conversion. Future bare uses require evidence before selecting a typed class.
normalize-global-curation-coalition-governments	active	creation	exact	coalition-governments	coalition-government	Coalition Government	["Coalition Governments"]	User-directed global topic curation; reviewed corpus references identify one canonical topic
normalize-global-curation-coast-guard	active	creation	exact	coast-guard	coast-guards	Coast Guards	["Coast Guard"]	User-directed global topic curation; reviewed corpus references identify one canonical topic
normalize-global-curation-collins-class	active	creation	exact	collins-class	collins-class-submarines	Collins Class Submarines	["Collins Class Submarine","Collins Class"]	All reviewed uses identify the Australian submarine class.
normalize-global-curation-colonial-empire	active	creation	exact	colonial-empire	colonial-empires	Colonial Empires	["Colonial Empire"]	User-directed global topic curation; reviewed corpus references identify one canonical topic
normalize-global-curation-colonization	active	creation	exact	colonization	colonisation	Colonisation	["Colonization"]	Generic English topic uses the channel's canonical UK spelling; the US spelling remains an alias.
review-global-curation-colossus-class	review	creation	exact	colossus-class	colossus-class	Colossus Class Carriers	[]	Most bare uses identify the 1943 light fleet carriers; two identify the 1910 dreadnought class and two the 1882 ironclad class. Future bare uses require evidence before selecting a typed class.
review-global-curation-columbia-class	review	creation	exact	columbia-class	columbia-class	Columbia Class Submarines	[]	Context-dependent bare topic; future uses require evidence before selecting a typed canonical topic
normalize-global-curation-command-failures	active	creation	exact	command-failures	command-failure	Command Failure	["Command Failures"]	User-directed global topic curation; reviewed corpus references identify one canonical topic
normalize-global-curation-command-organization	active	creation	exact	command-organization	command-organisation	Command Organisation	["Command Organization"]	Generic English topic uses the channel's canonical UK spelling; the US spelling remains an alias.
normalize-global-curation-command-staffs	active	creation	exact	command-staffs	command-staff	Command Staff	["Command Staffs"]	User-directed global topic curation; reviewed corpus references identify one canonical topic
normalize-global-curation-commando-force	active	creation	exact	commando-force	commando-forces	Commando Forces	["Commando Force"]	User-directed global topic curation; reviewed corpus references identify one canonical topic
normalize-global-curation-commerce-defense	active	creation	exact	commerce-defense	commerce-defence	Commerce Defence	["Commerce Defense"]	Generic English topic uses the channel's canonical UK spelling; the US spelling remains an alias.
normalize-global-curation-commodore	active	creation	exact	commodore	commodores	Commodores	["Commodore"]	User-directed global topic curation; reviewed corpus references identify one canonical topic
review-global-curation-commonwealth-navy	review	creation	exact	commonwealth-navy	commonwealth-navy	English Commonwealth Navy	[]	Current corpus references identify one entity, but the undated or shortened label is not universally unique
normalize-global-curation-composite-armor	active	creation	exact	composite-armor	composite-armour	Composite Armour	["Composite Armor"]	Generic English topic uses the channel's canonical UK spelling; the US spelling remains an alias.
normalize-global-curation-condottieri-class	active	creation	exact	condottieri-class	condottieri-class-cruisers	Condottieri Class Cruisers	["Condottieri Class"]	All reviewed uses identify the Italian light-cruiser design series.
review-global-curation-constitution-class	review	creation	exact	constitution-class	constitution-class	Constitution Class Frigates	[]	Context-dependent bare topic; future uses require evidence before selecting a typed canonical topic
normalize-global-curation-containerization	active	creation	exact	containerization	containerisation	Containerisation	["Containerization"]	Generic English topic uses the channel's canonical UK spelling; the US spelling remains an alias.
normalize-global-curation-containerized-missiles	active	creation	exact	containerized-missiles	containerised-missiles	Containerised Missiles	["Containerized Missiles"]	Generic English topic uses the channel's canonical UK spelling; the US spelling remains an alias.
normalize-global-curation-containerized-systems	active	creation	exact	containerized-systems	containerised-systems	Containerised Systems	["Containerized Systems"]	Generic English topic uses the channel's canonical UK spelling; the US spelling remains an alias.
normalize-global-curation-containerized-weapons	active	creation	exact	containerized-weapons	containerised-weapons	Containerised Weapons	["Containerized Weapons"]	User-directed global topic curation; reviewed corpus references identify one canonical topic
normalize-global-curation-continental-powers	active	creation	exact	continental-powers	continental-power	Continental Power	["Continental Powers"]	User-directed global topic curation; reviewed corpus references identify one canonical topic
normalize-global-curation-conventional-strikes	active	creation	exact	conventional-strikes	conventional-strike	Conventional Strike	["Conventional Strikes"]	User-directed global topic curation; reviewed corpus references identify one canonical topic
normalize-global-curation-converted-carriers	active	creation	exact	converted-carriers	carrier-conversions	Carrier Conversions	["Carrier Conversion","Aircraft Carrier Conversions","Aircraft Carrier Conversion","Converted Carriers"]	Name duplicate.
normalize-global-curation-converted-merchant-ships	active	creation	exact	converted-merchant-ships	civilian-conversions	Civilian-to-Military Ship Conversions	["Converted Merchant Ships","Civilian Conversions","Civilian Ship Conversion","Civilian Ship Conversions","Merchant Conversion","Merchant Conversions","Merchant Ship Conversion","Merchant Ship Conversions","Liner Conversion","Liner Conversions","Cruise Ship Conversion","Cruise Ship Conversions"]	Exact name duplicate; the sole reference is a merchant ship converted into a Sperrbrecher.
normalize-global-curation-convoy-air-defense	active	creation	exact	convoy-air-defense	convoy-air-defence	Convoy Air Defence	["Convoy Air Defense"]	Generic English topic uses the channel's canonical UK spelling; the US spelling remains an alias.
review-global-curation-coronel	review	creation	exact	coronel	coronel	Battle Of Coronel	[]	Coronel is also a Chilean place; current references concern the 1914 battle
review-global-curation-corsair	review	creation	exact	corsair	corsair	F4U Corsair	[]	All current uses identify the F4U, but Corsair also names the Vought SBU, Brewster F3A production variant, and A-7.
normalize-global-curation-counterfactuals	active	creation	exact	counterfactuals	alternate-history	Alternate History	["what if","counterfactuals"]	User-directed global topic curation; reviewed corpus references identify one canonical topic
review-global-curation-county-class	review	creation	exact	county-class	county-class	County-Class Cruisers	[]	Most bare uses identify the treaty-era heavy cruisers; sixteen uses identify the postwar guided-missile destroyers or direct design descendants. Future bare uses require evidence before selecting a typed class.
normalize-global-curation-cp-107-argus	active	creation	exact	cp-107-argus	canadair-cp-107-argus	Canadair Cp 107 Argus	["Cp 107 Argus"]	Bare manufacturer designator duplicates the fully named patrol-aircraft topic.
normalize-global-curation-cressy-class	active	creation	exact	cressy-class	cressy-class-cruisers	Cressy Class Cruisers	["Cressy Class"]	All reviewed uses identify the armoured-cruiser class.
normalize-global-curation-cruise-ship-conversion	active	creation	exact	cruise-ship-conversion	civilian-conversions	Civilian-to-Military Ship Conversions	["Converted Merchant Ships","Civilian Conversions","Civilian Ship Conversion","Civilian Ship Conversions","Merchant Conversion","Merchant Conversions","Merchant Ship Conversion","Merchant Ship Conversions","Liner Conversion","Liner Conversions","Cruise Ship Conversion","Cruise Ship Conversions"]	The sole reference is a modern cruise-ship comparison within merchant-hull conversion.
normalize-global-curation-cruiser-conversion	active	creation	exact	cruiser-conversion	cruiser-conversions	Cruiser Conversions	["Cruiser Conversion"]	Singular/plural duplicate.
normalize-global-curation-cruiser-modernization	active	creation	exact	cruiser-modernization	cruiser-modernisation	Cruiser Modernisation	["Cruiser Modernization"]	User-directed global topic curation; reviewed corpus references identify one canonical topic
normalize-global-curation-cruiser-role	active	creation	exact	cruiser-role	cruiser-roles	Cruiser Roles	["Cruiser Role"]	User-directed global topic curation; reviewed corpus references identify one canonical topic
review-global-curation-curtiss-hawk	review	creation	exact	curtiss-hawk	curtiss-hawk	Curtiss Hawk III	[]	The sole A5M combat context identifies the Hawk III used in China, but Curtiss Hawk is a family-level ambiguous label.
review-global-curation-curtiss-helldiver	review	creation	exact	curtiss-helldiver	curtiss-helldiver	SB2C Helldiver	[]	All current uses mean the SB2C, but Curtiss used Helldiver for both the SBC and SB2C.
normalize-global-curation-cvr-t	active	creation	exact	cvr-t	combat-vehicle-reconnaissance-tracked	Combat Vehicle Reconnaissance Tracked	["Cvr T"]	User-directed global topic curation; reviewed corpus references identify one canonical topic
review-global-curation-dalrymple-hamilton	review	creation	exact	dalrymple-hamilton	dalrymple-hamilton	Frederick Dalrymple Hamilton	[]	Current corpus references identify one entity, but the undated or shortened label is not universally unique
normalize-global-curation-dardanelles-campaign	active	creation	exact	dardanelles-campaign	gallipoli-campaign	Gallipoli Campaign	["Dardanelles campaign","Gallipoli","Constantinople campaign"]	User-directed global topic curation; reviewed corpus references identify one canonical topic
review-global-curation-daring-class	review	creation	exact	daring-class	daring-class	Daring Class 1949	[]	Seventy-five bare uses identify the 1949 gun-destroyer class; one explicitly discusses the modern Type 45/Daring class. Future bare uses require evidence before selecting a typed class.
review-global-curation-dauntless	review	creation	exact	dauntless	dauntless	SBD Dauntless	[]	All current uses identify the SBD aircraft, but Dauntless also appears in ship names.
normalize-global-curation-david-d-porter	active	creation	exact	david-d-porter	david-dixon-porter	David Dixon Porter	["David D Porter"]	User-directed global topic curation; reviewed corpus references identify one canonical topic
normalize-global-curation-db-3	active	creation	exact	db-3	ilyushin-db-3	Ilyushin Db 3	["Db 3"]	Bare designator duplicates the manufacturer-qualified topic.
normalize-global-curation-death-gliders	active	creation	exact	death-gliders	fiction-stargate-death-gliders	Death Gliders (Stargate Fiction)	["Death Gliders"]	Death gliders are specific Stargate fictional craft.
normalize-global-curation-december-1941	active	creation	exact	december-1941	1941	1941	["December 1941"]	Target topic must be materialized.
normalize-global-curation-decentralization	active	creation	exact	decentralization	decentralisation	Decentralisation	["Decentralization"]	Generic English topic uses the channel's canonical UK spelling; the US spelling remains an alias.
normalize-global-curation-decisive-battles	active	creation	exact	decisive-battles	decisive-battle	Decisive Battle	["Decisive Battles"]	User-directed global topic curation; reviewed corpus references identify one canonical topic
normalize-global-curation-deck-parks	active	creation	exact	deck-parks	deck-park	Deck Park	["Deck Parks"]	User-directed global topic curation; reviewed corpus references identify one canonical topic
normalize-global-curation-decolonization	active	creation	exact	decolonization	decolonisation	Decolonisation	["Decolonization"]	User-directed global topic curation; reviewed corpus references identify one canonical topic
normalize-global-curation-defence-industries	active	creation	exact	defence-industries	defence-industry	Defence Industry	["Defense Industry","Defence Industries"]	User-directed global topic curation; reviewed corpus references identify one canonical topic
normalize-global-curation-defence-organization	active	creation	exact	defence-organization	defence-organisation	Defence Organisation	["Defence Organization"]	Generic English topic uses the channel's canonical UK spelling; the US spelling remains an alias.
normalize-global-curation-defence-review	active	creation	exact	defence-review	defence-reviews	Defence Reviews	["Defence Review"]	User-directed global topic curation; reviewed corpus references identify one canonical topic
normalize-global-curation-defense-bureaucracy	active	creation	exact	defense-bureaucracy	defence-bureaucracy	Defence Bureaucracy	["Defense Bureaucracy"]	Generic English topic uses the channel's canonical UK spelling; the US spelling remains an alias.
normalize-global-curation-defense-contracts	active	creation	exact	defense-contracts	defence-contracts	Defence Contracts	["Defense Contracts"]	Generic English topic uses the channel's canonical UK spelling; the US spelling remains an alias.
normalize-global-curation-defense-engagement	active	creation	exact	defense-engagement	defence-engagement	Defence Engagement	["Defense Engagement"]	Generic English topic uses the channel's canonical UK spelling; the US spelling remains an alias.
normalize-global-curation-defense-exports	active	creation	exact	defense-exports	defence-exports	Defence Exports	["Defense Exports"]	User-directed global topic curation; reviewed corpus references identify one canonical topic
normalize-global-curation-defense-media	active	creation	exact	defense-media	defence-media	Defence Media	["Defense Media"]	Generic English topic uses the channel's canonical UK spelling; the US spelling remains an alias.
normalize-global-curation-defense-production	active	creation	exact	defense-production	defence-production	Defence Production	["Defense Production"]	Generic English topic uses the channel's canonical UK spelling; the US spelling remains an alias.
normalize-global-curation-defense-reporting	active	creation	exact	defense-reporting	defence-reporting	Defence Reporting	["Defense Reporting"]	Generic English topic uses the channel's canonical UK spelling; the US spelling remains an alias.
normalize-global-curation-defense-unification	active	creation	exact	defense-unification	defence-unification	Defence Unification	["Defense Unification"]	Generic English topic uses the channel's canonical UK spelling; the US spelling remains an alias.
normalize-global-curation-defensive-works	active	creation	exact	defensive-works	fortifications	Fortifications	["fortified lines","defensive works","fixed defenses"]	User-directed global topic curation; reviewed corpus references identify one canonical topic
normalize-global-curation-delaware-class	active	creation	exact	delaware-class	delaware-class-battleships	Delaware Class Battleships	["Delaware Class"]	All reviewed uses identify the US dreadnought-battleship class.
normalize-global-curation-delaying-actions	active	creation	exact	delaying-actions	delaying-action	Delaying Action	["Delaying Actions"]	User-directed global topic curation; reviewed corpus references identify one canonical topic
normalize-global-curation-demobilization	active	creation	exact	demobilization	demobilisation	Demobilisation	["Demobilization"]	Generic English topic uses the channel's canonical UK spelling; the US spelling remains an alias.
normalize-global-curation-democracies	active	creation	exact	democracies	democracy	Democracy	["Democracies"]	User-directed global topic curation; reviewed corpus references identify one canonical topic
normalize-global-curation-design-1047	active	creation	exact	design-1047	design-1047-battlecruisers	Dutch Design 1047 Battlecruisers	["Design 1047","Project 1047"]	User-directed global topic curation; reviewed corpus references identify one canonical topic
normalize-global-curation-design-margin	active	creation	exact	design-margin	design-margins	Design Margins	["Design Margin"]	User-directed global topic curation; reviewed corpus references identify one canonical topic
review-global-curation-deutschland-class	review	creation	exact	deutschland-class	deutschland-class	Deutschland Class Cruisers	[]	Most bare uses identify the 1929 Panzerschiffe/heavy cruisers; seven identify the 1904 pre-dreadnought battleships. Future bare uses require evidence before selecting a typed class.
normalize-global-curation-devonshire-class	active	creation	exact	devonshire-class	devonshire-class-cruisers	Devonshire Class Cruisers	["Devonshire Class"]	Both reviewed uses identify the Royal Navy armoured-cruiser class.
normalize-global-curation-dictatorships	active	creation	exact	dictatorships	dictatorship	Dictatorship	["Dictatorships"]	User-directed global topic curation; reviewed corpus references identify one canonical topic
normalize-global-curation-diplomatic-services	active	creation	exact	diplomatic-services	diplomatic-service	Diplomatic Service	["Diplomatic Services"]	User-directed global topic curation; reviewed corpus references identify one canonical topic
normalize-global-curation-douglas-skyraider	active	creation	exact	douglas-skyraider	a-1-skyraider	A-1 Skyraider	["AD Skyraider","Douglas Skyraider"]	Manufacturer/name form duplicates the established A-1 family topic.
normalize-global-curation-dragonfly-class	active	creation	exact	dragonfly-class	dragonfly-class-gunboats	Dragonfly Class Gunboats	["Dragonfly Class"]	All reviewed uses identify the Dragonfly-class river gunboats.
normalize-global-curation-dreadnought-class	active	creation	exact	dreadnought-class	dreadnought-class-submarines	Dreadnought Class Submarines	["Dreadnought Class Submarine","Dreadnought Class"]	All reviewed class uses identify the current Royal Navy SSBN class.
normalize-global-curation-drone-defense	active	creation	exact	drone-defense	drone-defence	Drone Defence	["Drone Defense"]	Generic English topic uses the channel's canonical UK spelling; the US spelling remains an alias.
normalize-global-curation-duke-of-edinburgh-class	active	creation	exact	duke-of-edinburgh-class	duke-of-edinburgh-class-cruisers	Duke Of Edinburgh Class Cruisers	["Duke Of Edinburgh Class"]	All reviewed uses identify the Royal Navy armoured-cruiser class.
normalize-global-curation-dukws	active	creation	exact	dukws	dukw	Dukw	["Dukws"]	User-directed global topic curation; reviewed corpus references identify one canonical topic
normalize-global-curation-e-wing	active	creation	exact	e-wing	fiction-star-wars-e-wing	E-wing (Star Wars Fiction)	["E Wing"]	The E-wing is a specific Star Wars fictional fighter.
review-global-curation-earl-of-sandwich	review	creation	exact	earl-of-sandwich	earl-of-sandwich	John Montagu	[]	Current corpus references identify one entity, but the undated or shortened label is not universally unique
normalize-global-curation-eastern-theater	active	creation	exact	eastern-theater	eastern-theatre	Eastern Theatre	["Eastern Theater"]	Generic English topic uses the channel's canonical UK spelling; the US spelling remains an alias.
normalize-global-curation-eclipse-class	active	creation	exact	eclipse-class	eclipse-class-cruisers	Eclipse Class Cruisers	["Eclipse Class"]	The reviewed use identifies the Royal Navy protected-cruiser class.
normalize-global-curation-economic-mobilization	active	creation	exact	economic-mobilization	economic-mobilisation	Economic Mobilisation	["Economic Mobilization"]	User-directed global topic curation; reviewed corpus references identify one canonical topic
normalize-global-curation-edgar-class	active	creation	exact	edgar-class	edgar-class-cruisers	Edgar Class Cruisers	["Edgar Class"]	All reviewed uses identify the Royal Navy protected-cruiser class.
normalize-global-curation-edinburgh-class	active	creation	exact	edinburgh-class	edinburgh-class-cruisers	Edinburgh Class Cruisers	["Edinburgh Class"]	All reviewed uses identify the Edinburgh group of Town-class light cruisers.
normalize-global-curation-edward-reed	active	creation	exact	edward-reed	edward-james-reed	Edward James Reed	["Edward Reed"]	User-directed global topic curation; reviewed corpus references identify one canonical topic
review-global-curation-eisenhower	review	creation	exact	eisenhower	eisenhower	Dwight D. Eisenhower	[]	Current corpus references identify one entity, but the undated or shortened label is not universally unique
normalize-global-curation-electrical-grids	active	creation	exact	electrical-grids	electrical-grid	Electrical Grid	["Electrical Grids"]	User-directed global topic curation; reviewed corpus references identify one canonical topic
normalize-global-curation-emperor-hirohito	active	creation	exact	emperor-hirohito	hirohito	Hirohito	["Emperor Hirohito"]	All current references identify Hirohito.
normalize-global-curation-emperor-meiji	active	creation	exact	emperor-meiji	mutsuhito	Mutsuhito	["Emperor Meiji"]	The Asama fleet-review context identifies Emperor Meiji, whose personal name was Mutsuhito.
normalize-global-curation-emperor-taisho	active	creation	exact	emperor-taisho	yoshihito	Yoshihito	["Emperor Taisho"]	Both succession contexts identify Emperor Taisho, whose personal name was Yoshihito.
review-global-curation-emperor-taizu	review	creation	exact	emperor-taizu	emperor-taizu	Zhao Kuangyin	[]	Taizu is a temple name shared by several dynastic founders; the reviewed Song military-control context identifies Zhao Kuangyin.
normalize-global-curation-empires	active	creation	exact	empires	empire	Empire	["Empires"]	User-directed global topic curation; reviewed corpus references identify one canonical topic
normalize-global-curation-engagement-ranges	active	creation	exact	engagement-ranges	engagement-range	Engagement Range	["Engagement Ranges"]	User-directed global topic curation; reviewed corpus references identify one canonical topic
normalize-global-curation-engineering-reliability	active	creation	exact	engineering-reliability	reliability-engineering	Reliability Engineering	["Engineering Reliability"]	User-directed global topic curation; reviewed corpus references identify one canonical topic
normalize-global-curation-english-colonization	active	creation	exact	english-colonization	english-colonisation	English Colonisation	["English Colonization"]	Generic English topic uses the channel's canonical UK spelling; the US spelling remains an alias.
normalize-global-curation-eric-brown	active	creation	exact	eric-brown	eric-winkle-brown	Eric Winkle Brown	["Eric Brown"]	User-directed global topic curation; reviewed corpus references identify one canonical topic
normalize-global-curation-ersatz-yorck-class	active	creation	exact	ersatz-yorck-class	ersatz-yorck-class-battlecruisers	Ersatz Yorck Class Battlecruisers	["Ersatz Yorck Class"]	All reviewed uses identify the planned Imperial German battlecruiser class.
normalize-global-curation-escalator-clauses	active	creation	exact	escalator-clauses	escalator-clause	Escalator Clause	["Escalator Clauses"]	User-directed global topic curation; reviewed corpus references identify one canonical topic
normalize-global-curation-escort-fleet	active	creation	exact	escort-fleet	escort-fleets	Escort Fleets	["Escort Fleet"]	User-directed global topic curation; reviewed corpus references identify one canonical topic
normalize-global-curation-essm	active	creation	exact	essm	evolved-sea-sparrow-missile	Evolved Sea Sparrow Missile	["Essm"]	User-directed global topic curation; reviewed corpus references identify one canonical topic
normalize-global-curation-explosive-motorboats	active	creation	exact	explosive-motorboats	explosive-motor-boats	Explosive Motor Boats	["Explosive Motorboats"]	User-directed global topic curation; reviewed corpus references identify one canonical topic
normalize-global-curation-explosive-reactive-armor	active	creation	exact	explosive-reactive-armor	explosive-reactive-armour	Explosive Reactive Armour	["Explosive Reactive Armor"]	Generic English topic uses the channel's canonical UK spelling; the US spelling remains an alias.
normalize-global-curation-f-111	active	creation	exact	f-111	f-111-aardvark	F-111 Aardvark	["F-111"]	Bare family designator duplicates the named F-111 family topic; F-111B remains separate.
normalize-global-curation-f-117	active	creation	exact	f-117	f-117-nighthawk	F-117 Nighthawk	["F-117"]	Bare designator duplicates the designator/nickname topic.
normalize-global-curation-f-302	active	creation	exact	f-302	fiction-stargate-f-302-fighters	F-302 Fighters (Stargate Fiction)	["F 302","F 302 Fighters"]	The F-302 exists only in Stargate and requires the fiction namespace.
normalize-global-curation-f-302-fighters	active	creation	exact	f-302-fighters	fiction-stargate-f-302-fighters	F-302 Fighters (Stargate Fiction)	["F 302","F 302 Fighters"]	The F-302 exists only in Stargate and requires the fiction namespace.
normalize-global-curation-f-35	active	creation	exact	f-35	f-35-lightning-ii	F-35 Lightning II	["F-35"]	Bare family designator duplicates the named F-35 family topic.
normalize-global-curation-f-35b	active	creation	exact	f-35b	f-35b-lightning-ii	F-35B Lightning II	["F-35B"]	Bare variant designator duplicates the named F-35B variant topic.
normalize-global-curation-f-8-crusader	active	creation	exact	f-8-crusader	vought-f-8-crusader	Vought F-8 Crusader	["F-8 Crusader","F8U Crusader"]	Designator/name form duplicates the manufacturer-qualified topic.
normalize-global-curation-f3-battlecruisers	active	creation	exact	f3-battlecruisers	f3-battlecruiser	F3 Battlecruiser	["F3 Battlecruisers"]	User-directed global topic curation; reviewed corpus references identify one canonical topic
normalize-global-curation-f8f-bearcat	active	creation	exact	f8f-bearcat	grumman-f8f-bearcat	Grumman F8F Bearcat	["F8F Bearcat","Grumman Bearcat"]	Designator/name form duplicates the fully named aircraft topic.
normalize-global-curation-f8u-crusader	active	creation	exact	f8u-crusader	vought-f-8-crusader	Vought F-8 Crusader	["F-8 Crusader","F8U Crusader"]	Earlier designator/name form duplicates the manufacturer-qualified F-8 topic.
normalize-global-curation-face-hardened-armor	active	creation	exact	face-hardened-armor	face-hardened-armour	Face Hardened Armour	["Face Hardened Armor"]	Generic English topic uses the channel's canonical UK spelling; the US spelling remains an alias.
normalize-global-curation-fairey	active	creation	exact	fairey	fairey-aviation	Fairey Aviation	["Fairey"]	Short company name duplicates the established corporate topic.
normalize-global-curation-fairmile	active	creation	exact	fairmile	fairmile-boats	Fairmile Boats	["Fairmile","Fairmiles"]	User-directed global topic curation; reviewed corpus references identify one canonical topic
normalize-global-curation-fairmiles	active	creation	exact	fairmiles	fairmile-boats	Fairmile Boats	["Fairmile","Fairmiles"]	User-directed global topic curation; reviewed corpus references identify one canonical topic
normalize-global-curation-fairy-fulmar	active	creation	exact	fairy-fulmar	fairey-fulmar	Fairey Fulmar	["Blackburn Fulmar","Fairy Fulmar"]	Fairy is a misspelling of manufacturer Fairey.
normalize-global-curation-fairy-queen	active	creation	exact	fairy-queen	fairey-queen	Fairey Queen	["Fairy Queen"]	Fairy is a misspelling of manufacturer Fairey.
review-global-curation-farragut-class	review	creation	exact	farragut-class	farragut-class	Farragut Class Destroyers (1958)	[]	Three bare uses identify the 1958 guided-missile class; two identify the distinct 1934 destroyer class. Future bare uses require evidence before selecting a typed class.
normalize-global-curation-fc-asw	active	creation	exact	fc-asw	future-cruise-anti-ship-weapon	Future Cruise Anti Ship Weapon	["Fc ASW"]	User-directed global topic curation; reviewed corpus references identify one canonical topic
normalize-global-curation-fcas	active	creation	exact	fcas	future-combat-air-system	Future Combat Air System	["Fcas"]	User-directed global topic curation; reviewed corpus references identify one canonical topic
normalize-global-curation-federation-fighters	active	creation	exact	federation-fighters	fiction-star-trek-federation-fighters	Federation Fighters (Star Trek Fiction)	["Federation Fighters"]	Federation fighters are specific Star Trek fictional craft.
normalize-global-curation-fiction-star-wars-grand-admiral-thrawn	active	creation	exact	fiction-star-wars-grand-admiral-thrawn	fiction-star-wars-thrawn	Thrawn (Star Wars Fiction)	["Grand Admiral Thrawn","Grand Admiral Thrawn (Star Wars Fiction)"]	All uses identify the same fictional person; the rank should be an alias rather than part of the canonical fictional-person slug.
normalize-global-curation-field-modification	active	creation	exact	field-modification	field-modifications	Field Modifications	["Field Modification"]	User-directed global topic curation; reviewed corpus references identify one canonical topic
normalize-global-curation-fifth-rate	active	creation	exact	fifth-rate	fifth-rates	Fifth Rates	["Fifth Rate"]	User-directed global topic curation; reviewed corpus references identify one canonical topic
normalize-global-curation-fighter-defense	active	creation	exact	fighter-defense	fighter-defence	Fighter Defence	["Fighter Defense"]	User-directed global topic curation; reviewed corpus references identify one canonical topic
normalize-global-curation-fighter-escorts	active	creation	exact	fighter-escorts	fighter-escort	Fighter Escort	["Fighter Escorts"]	User-directed global topic curation; reviewed corpus references identify one canonical topic
normalize-global-curation-fiji-class	active	creation	exact	fiji-class	fiji-class-cruisers	Fiji Class Cruisers	["Fiji Class"]	Both reviewed uses identify the Crown Colony/Fiji light-cruiser class.
review-global-curation-firebrand	review	creation	exact	firebrand	firebrand	Blackburn Firebrand	[]	The current use identifies the Blackburn aircraft, but the bare common noun is not future-safe.
review-global-curation-firefly	review	creation	exact	firefly	firefly	Fairey Firefly	[]	All current uses identify the Fairey aircraft, but Firefly also names the Sherman tank variant and other subjects.
normalize-global-curation-first-sea-lords	active	creation	exact	first-sea-lords	first-sea-lord	First Sea Lord	["First Sea Lords"]	User-directed global topic curation; reviewed corpus references identify one canonical topic
normalize-global-curation-flanking-maneuvers	active	creation	exact	flanking-maneuvers	flanking-manoeuvres	Flanking Manoeuvres	["Flanking Maneuvers"]	User-directed global topic curation; reviewed corpus references identify one canonical topic
normalize-global-curation-fleet-action	active	creation	exact	fleet-action	fleet-actions	Fleet Actions	["Fleet Action"]	User-directed global topic curation; reviewed corpus references identify one canonical topic
normalize-global-curation-fleet-anchorages	active	creation	exact	fleet-anchorages	fleet-anchorage	Fleet Anchorage	["Fleet Anchorages"]	User-directed global topic curation; reviewed corpus references identify one canonical topic
normalize-global-curation-fleet-battle	active	creation	exact	fleet-battle	fleet-battles	Fleet Battles	["Fleet Battle"]	User-directed global topic curation; reviewed corpus references identify one canonical topic
normalize-global-curation-fleet-escort	active	creation	exact	fleet-escort	fleet-escorts	Fleet Escorts	["Fleet Escort"]	User-directed global topic curation; reviewed corpus references identify one canonical topic
normalize-global-curation-fleet-formation	active	creation	exact	fleet-formation	fleet-formations	Fleet Formations	["Fleet Formation"]	User-directed global topic curation; reviewed corpus references identify one canonical topic
normalize-global-curation-fleet-maneuver	active	creation	exact	fleet-maneuver	fleet-manoeuvre	Fleet Manoeuvre	["Fleet Maneuver","Fleet Manoeuvres"]	User-directed global topic curation; reviewed corpus references identify one canonical topic
normalize-global-curation-fleet-manoeuvres	active	creation	exact	fleet-manoeuvres	fleet-manoeuvre	Fleet Manoeuvre	["Fleet Maneuver","Fleet Manoeuvres"]	User-directed global topic curation; reviewed corpus references identify one canonical topic
normalize-global-curation-fleet-mobilization	active	creation	exact	fleet-mobilization	fleet-mobilisation	Fleet Mobilisation	["Fleet Mobilization"]	User-directed global topic curation; reviewed corpus references identify one canonical topic
normalize-global-curation-fleet-reserve	active	creation	exact	fleet-reserve	reserve-fleet	Reserve Fleet	["Reserve Fleets","Fleet Reserve","Fleet Reserves"]	User-directed global topic curation; reviewed corpus references identify one canonical topic
normalize-global-curation-fleet-reserves	active	creation	exact	fleet-reserves	reserve-fleet	Reserve Fleet	["Reserve Fleets","Fleet Reserve","Fleet Reserves"]	User-directed global topic curation; reviewed corpus references identify one canonical topic
normalize-global-curation-fleet-standardisation	active	creation	exact	fleet-standardisation	naval-standardisation	Naval Standardisation	["Fleet Standardisation","Fleet Standardization","Naval Standardization","Ship Standardization","Warship Standardisation","Warship Standardization"]	User-directed global topic curation; reviewed corpus references identify one canonical topic
normalize-global-curation-fleet-standardization	active	creation	exact	fleet-standardization	naval-standardisation	Naval Standardisation	["Fleet Standardisation","Fleet Standardization","Naval Standardization","Ship Standardization","Warship Standardisation","Warship Standardization"]	User-directed global topic curation; reviewed corpus references identify one canonical topic
normalize-global-curation-flight-control	active	creation	exact	flight-control	flight-controls	Flight Controls	["Flight Control"]	The singular and plural forms cover the same aircraft control subject in all reviewed references
normalize-global-curation-florida-class	active	creation	exact	florida-class	florida-class-battleships	Florida Class Battleships	["Florida Class"]	Both bare references are the United States dreadnought class.
normalize-global-curation-flotilla-organization	active	creation	exact	flotilla-organization	flotilla-organisation	Flotilla Organisation	["Flotilla Organization"]	Generic English topic uses the channel's canonical UK spelling; the US spelling remains an alias.
normalize-global-curation-flotilles	active	creation	exact	flotilles	flotillas	Flotillas	["Flotilles"]	User-directed global topic curation; reviewed corpus references identify one canonical topic
review-global-curation-flower-class	review	creation	exact	flower-class	flower-class	Flower-Class Corvettes	[]	The name is reused for First World War sloops and Second World War corvettes.
normalize-global-curation-focke-wulf-condor	active	creation	exact	focke-wulf-condor	focke-wulf-fw-200-condor	Focke-Wulf Fw 200 Condor	["Focke Wulf Condor","Focke Wulf Fw 200","Fw 200 Condor"]	Manufacturer/nickname form duplicates the full manufacturer/designator/name topic.
normalize-global-curation-focke-wulf-fw-200	active	creation	exact	focke-wulf-fw-200	focke-wulf-fw-200-condor	Focke-Wulf Fw 200 Condor	["Focke Wulf Condor","Focke Wulf Fw 200","Fw 200 Condor"]	Full manufacturer/designator form duplicates the same named aircraft topic.
normalize-global-curation-force-modernization	active	creation	exact	force-modernization	force-modernisation	Force Modernisation	["Force Modernization"]	Generic English topic uses the channel's canonical UK spelling; the US spelling remains an alias.
review-global-curation-formidable-class	review	creation	exact	formidable-class	formidable-class	Formidable Class Battleships	[]	Six bare references are the 1898 pre-dreadnought class, while one is Singapore's modern frigate class.
normalize-global-curation-fourth-rate	active	creation	exact	fourth-rate	fourth-rates	Fourth Rates	["Fourth Rate"]	User-directed global topic curation; reviewed corpus references identify one canonical topic
normalize-global-curation-fram-modernization	active	creation	exact	fram-modernization	fram-modernisation	Fram Modernisation	["Fram Modernization"]	Generic English topic uses the channel's canonical UK spelling; the US spelling remains an alias.
review-global-curation-france-1940	review	creation	exact	france-1940	france-1940	Fall Of France	[]	France 1940 is a period label; current references concern the Fall of France, but future uses require context
normalize-global-curation-franz-hipper	active	creation	exact	franz-hipper	franz-von-hipper	Franz Von Hipper	["Franz Hipper"]	User-directed global topic curation; reviewed corpus references identify one canonical topic
normalize-global-curation-frederick-wake-walker	active	creation	exact	frederick-wake-walker	frederic-wake-walker	Frederic Wake Walker	["Frederick Wake Walker"]	User-directed global topic curation; reviewed corpus references identify one canonical topic
normalize-global-curation-freedom-class	active	creation	exact	freedom-class	freedom-class-littoral-combat-ships	Freedom Class Littoral Combat Ships	["Freedom Class","Freedom Class Lcs"]	All five bare references and both typed spellings identify the same LCS class.
normalize-global-curation-freedom-class-lcs	active	creation	exact	freedom-class-lcs	freedom-class-littoral-combat-ships	Freedom Class Littoral Combat Ships	["Freedom Class","Freedom Class Lcs"]	All five bare references and both typed spellings identify the same LCS class.
normalize-global-curation-freedom-of-seas	active	creation	exact	freedom-of-seas	freedom-of-the-seas	Freedom Of The Seas	["Freedom Of Seas"]	User-directed global topic curation; reviewed corpus references identify one canonical topic
normalize-global-curation-fremm-frigate	active	creation	exact	fremm-frigate	fremm-frigates	Fremm Frigates	["Fremm Frigate"]	User-directed global topic curation; reviewed corpus references identify one canonical topic
normalize-global-curation-friend-or-foe-identification	active	creation	exact	friend-or-foe-identification	identification-friend-or-foe	Identification Friend Or Foe	["Friend Or Foe Identification"]	User-directed global topic curation; reviewed corpus references identify one canonical topic
normalize-global-curation-fubuki-class	active	creation	exact	fubuki-class	fubuki-class-destroyers	Fubuki Class Destroyers	["Fubuki Class"]	All bare references identify the Japanese destroyer class.
review-global-curation-fulmar	review	creation	exact	fulmar	fulmar	Fairey Fulmar	[]	All current uses identify the Fairey aircraft, but the bare bird name should remain review-gated.
normalize-global-curation-fuse-keeping-clock	active	creation	exact	fuse-keeping-clock	fuze-keeping-clock	Fuze Keeping Clock	["Fuse Keeping Clock"]	User-directed global topic curation; reviewed corpus references identify one canonical topic
normalize-global-curation-future-fleets	active	creation	exact	future-fleets	future-fleet	Future Fleet	["Future Fleets"]	User-directed global topic curation; reviewed corpus references identify one canonical topic
normalize-global-curation-future-navy	active	creation	exact	future-navy	future-navies	Future Navies	["Future Navy"]	User-directed global topic curation; reviewed corpus references identify one canonical topic
normalize-global-curation-fw-200-condor	active	creation	exact	fw-200-condor	focke-wulf-fw-200-condor	Focke-Wulf Fw 200 Condor	["Focke Wulf Condor","Focke Wulf Fw 200","Fw 200 Condor"]	Designator/nickname form duplicates the full manufacturer/designator/name topic.
normalize-global-curation-g3-battlecruisers	active	creation	exact	g3-battlecruisers	g3-class-battlecruisers	G3 Class Battlecruisers	["G3 Class","G3 Battlecruisers","G3 battlecruiser","G3 carrier conversion"]	User-directed global topic curation; reviewed corpus references identify one canonical topic
normalize-global-curation-g3m	active	creation	exact	g3m	g3m-bomber	G3m Bomber	["G3m"]	Bare designator and typed bomber form are the same aircraft.
normalize-global-curation-g4m-betty	active	creation	exact	g4m-betty	mitsubishi-g4m	Mitsubishi G4m	["G4m Betty","G4m Bomber"]	Designator/reporting-name form duplicates the Mitsubishi G4M topic.
normalize-global-curation-g4m-bomber	active	creation	exact	g4m-bomber	mitsubishi-g4m	Mitsubishi G4m	["G4m Betty","G4m Bomber"]	Typed designator duplicates the fully named Mitsubishi G4M topic.
review-global-curation-gallipoli	review	creation	exact	gallipoli	gallipoli	Gallipoli Campaign	[]	Gallipoli can identify the peninsula, city, or campaign; current references identify the First World War campaign
normalize-global-curation-gatling-gun	active	creation	exact	gatling-gun	gatling-guns	Gatling Guns	["Gatling Gun"]	User-directed global topic curation; reviewed corpus references identify one canonical topic
normalize-global-curation-gato-class	active	creation	exact	gato-class	gato-class-submarines	Gato Class Submarines	["Gato Class"]	All bare references identify the United States submarine class.
normalize-global-curation-gcaps	active	creation	exact	gcaps	gcap	Gcap	["Gcaps"]	User-directed global topic curation; reviewed corpus references identify one canonical topic
normalize-global-curation-gcasp-tempest	active	creation	exact	gcasp-tempest	gcap-tempest-combat-aircraft	Tempest (GCAP Combat Aircraft)	["GCAP Tempest","Tempest Future Combat Aircraft","Gcasp Tempest"]	Malformed GCASP label resolves to the UK Tempest name for the GCAP combat aircraft
review-global-curation-general-howe	review	creation	exact	general-howe	general-howe	William Howe	[]	The current comparison explicitly contrasts General William Howe with Admiral Richard Howe; future rank-and-surname uses require evidence.
normalize-global-curation-george-elphinstone-lord-keith	active	creation	exact	george-elphinstone-lord-keith	george-elphinstone	George Elphinstone	["George Elphinstone Lord Keith"]	The source already contains George Elphinstone's name and title; a separate lord-keith variant refers to the same person.
normalize-global-curation-george-h-thomas	active	creation	exact	george-h-thomas	george-henry-thomas	George Henry Thomas	["George H Thomas"]	User-directed global topic curation; reviewed corpus references identify one canonical topic
normalize-global-curation-gibraltar-siege	active	creation	exact	gibraltar-siege	great-siege-of-gibraltar	Great Siege Of Gibraltar	["Gibraltar 1779-1783","Siege of Gibraltar","Gibraltar siege"]	User-directed global topic curation; reviewed corpus references identify one canonical topic
normalize-global-curation-government-organization	active	creation	exact	government-organization	government-organisation	Government Organisation	["Government Organization"]	Generic English topic uses the channel's canonical UK spelling; the US spelling remains an alias.
normalize-global-curation-gray-zone-operations	active	creation	exact	gray-zone-operations	grey-zone-operations	Grey Zone Operations	["Gray Zone Operations"]	User-directed global topic curation; reviewed corpus references identify one canonical topic
normalize-global-curation-gray-zone-warfare	active	creation	exact	gray-zone-warfare	grey-zone-warfare	Grey Zone Warfare	["Gray Zone Warfare"]	User-directed global topic curation; reviewed corpus references identify one canonical topic
normalize-global-curation-great-marianas-turkey-shoot	active	creation	exact	great-marianas-turkey-shoot	battle-of-the-philippine-sea	Battle of the Philippine Sea	["Battle of Philippine Sea","Great Marianas Turkey Shoot","Marianas Turkey Shoot"]	User-directed global topic curation; reviewed corpus references identify one canonical topic
normalize-global-curation-gripen	active	creation	exact	gripen	saab-gripen	Saab Gripen	["Gripen"]	Aircraft name duplicates the manufacturer-qualified topic.
normalize-global-curation-ground-based-air-defense	active	creation	exact	ground-based-air-defense	ground-based-air-defence	Ground Based Air Defence	["Ground Based Air Defense"]	Generic English topic uses the channel's canonical UK spelling; the US spelling remains an alias.
normalize-global-curation-ground-effect-vehicle	active	creation	exact	ground-effect-vehicle	ground-effect-vehicles	Ground Effect Vehicles	["Ground Effect Vehicle"]	User-directed global topic curation; reviewed corpus references identify one canonical topic
normalize-global-curation-grumman-avenger	active	creation	exact	grumman-avenger	grumman-tbf-avenger	Grumman TBF Avenger	["Avenger Aircraft","Grumman Avenger","TBF Avenger"]	Manufacturer/name form duplicates the full designator topic.
normalize-global-curation-grumman-bearcat	active	creation	exact	grumman-bearcat	grumman-f8f-bearcat	Grumman F8F Bearcat	["F8F Bearcat","Grumman Bearcat"]	Manufacturer/name form duplicates the full manufacturer/designator/name topic.
normalize-global-curation-grumman-hellcat	active	creation	exact	grumman-hellcat	f6f-hellcat	F6F Hellcat	["Grumman Hellcat","Hellcat Aircraft"]	Manufacturer/name form duplicates the designator/name topic.
normalize-global-curation-grumman-martlet	active	creation	exact	grumman-martlet	f4f-wildcat	Grumman F4F Wildcat	["Grumman Martlet","Grumman Wildcat","Wildcat Fighters","F4F Wildcat"]	British-service manufacturer/name form belongs to the F4F Wildcat family.
normalize-global-curation-grumman-wildcat	active	creation	exact	grumman-wildcat	f4f-wildcat	Grumman F4F Wildcat	["Grumman Martlet","Grumman Wildcat","Wildcat Fighters","F4F Wildcat"]	User-directed global topic curation; reviewed corpus references identify one canonical topic
normalize-global-curation-guerre-de-course	active	creation	exact	guerre-de-course	commerce-raiding	Commerce Raiding	["guerre de course"]	User-directed global topic curation; reviewed corpus references identify one canonical topic
normalize-global-curation-gun-calibre	active	creation	exact	gun-calibre	gun-calibres	Gun Calibres	["Gun Calibers","Gun Calibre","Gun Caliber"]	User-directed global topic curation; reviewed corpus references identify one canonical topic
normalize-global-curation-gun-standardization	active	creation	exact	gun-standardization	weapon-standardisation	Weapon Standardisation	["Weapon Standardization","Weapons Standardization","Armament Standardization","Gun Standardization"]	User-directed global topic curation; reviewed corpus references identify one canonical topic
review-global-curation-gurkha	review	creation	exact	gurkha	gurkha	HMS Gurkha	[]	Current corpus references identify one entity, but the undated or shortened label is not universally unique
review-global-curation-h-class	review	creation	exact	h-class	h-class	H Class Battleships	[]	The two bare references are different H classes.
normalize-global-curation-halifax-class	active	creation	exact	halifax-class	halifax-class-frigates	Halifax Class Frigates	["Halifax Class"]	All bare references identify the Canadian frigate class.
normalize-global-curation-halland-class	active	creation	exact	halland-class	halland-class-destroyers	Halland Class Destroyers	["Halland Class"]	All bare references identify the Swedish destroyer class.
normalize-global-curation-hamilton-class	active	creation	exact	hamilton-class	hamilton-class-cutters	Hamilton Class Cutters	["Hamilton Class"]	The sole bare reference identifies the US Coast Guard cutter class.
normalize-global-curation-hapsburg-monarchy	active	creation	exact	hapsburg-monarchy	habsburg-monarchy	Habsburg Monarchy	["Hapsburg Monarchy"]	User-directed global topic curation; reviewed corpus references identify one canonical topic
normalize-global-curation-harbor-attacks	active	creation	exact	harbor-attacks	harbour-attacks	Harbour Attacks	["Harbor Attack","Harbor Attacks"]	User-directed global topic curation; reviewed corpus references identify one canonical topic
normalize-global-curation-harpoon-wargame	active	creation	exact	harpoon-wargame	harpoon-naval-wargame	Harpoon Naval Wargame	["Harpoon Wargame","Harpoon Naval Simulation","Larry Bond's Harpoon"]	User-directed global topic curation; reviewed corpus references identify one canonical topic
normalize-global-curation-harrier-aircraft	active	creation	exact	harrier-aircraft	harrier-jump-jet	Harrier Jump Jet	["Harrier","Harrier Aircraft Family","Harrier Aircraft"]	Typed aircraft form duplicates the established Harrier family topic.
review-global-curation-hawker	review	creation	exact	hawker	hawker	Hawker Aircraft	[]	The sole current use identifies the manufacturer beside Sea Fury; future bare uses need review against people and individual Hawker types.
review-global-curation-hawkeye	review	creation	exact	hawkeye	hawkeye	E-2 Hawkeye	[]	All current uses identify the E-2 family, but the common noun and E-2D-specific topic make a review rule safer.
review-global-curation-hellcat	review	creation	exact	hellcat	hellcat	F6F Hellcat	[]	All current bare uses identify the F6F, but Hellcat also names a missile and armoured vehicle.
normalize-global-curation-hellcat-aircraft	active	creation	exact	hellcat-aircraft	f6f-hellcat	F6F Hellcat	["Grumman Hellcat","Hellcat Aircraft"]	Typed name duplicates the designator/name topic.
review-global-curation-helldiver	review	creation	exact	helldiver	helldiver	SB2C Helldiver	[]	The current unqualified use means the SB2C, but Helldiver also names the earlier Curtiss SBC.
normalize-global-curation-herbert-hasler	active	creation	exact	herbert-hasler	herbert-blondie-hasler	Herbert Blondie Hasler	["Herbert Hasler"]	User-directed global topic curation; reviewed corpus references identify one canonical topic
normalize-global-curation-heritage-class	active	creation	exact	heritage-class	heritage-class-cutters	Heritage Class Cutters	["Heritage Class"]	The sole bare reference identifies the Heritage-class offshore patrol cutters.
normalize-global-curation-higgins-boat	active	creation	exact	higgins-boat	higgins-boats	Higgins Boats	["Higgins Boat"]	User-directed global topic curation; reviewed corpus references identify one canonical topic
normalize-global-curation-historical-simulation	active	creation	exact	historical-simulation	historical-simulations	Historical Simulations	["Historical Simulation"]	User-directed global topic curation; reviewed corpus references identify one canonical topic
review-global-curation-hms-amazon	review	creation	exact	hms-amazon	hms-amazon	HMS Amazon (1926)	[]	HMS Amazon is a reused ship name; reviewed references are split by launch year
normalize-global-curation-hms-dispatch	active	creation	exact	hms-dispatch	hms-despatch	HMS Despatch	["HMS Dispatch"]	User-directed global topic curation; reviewed corpus references identify one canonical topic
normalize-global-curation-hms-warrior-1860	active	creation	exact	hms-warrior-1860	hms-warrior	HMS Warrior (1860)	["Warrior 1860","HMS Warrior 1860","armoured frigate Warrior","Portsmouth Warrior"]	User-directed global topic curation; reviewed corpus references identify one canonical topic
normalize-global-curation-home-island-defense	active	creation	exact	home-island-defense	home-islands-defence	Home Islands Defence	["Home Islands Defense","Home Island Defence","Home Island Defense"]	Generic English topic uses the channel's canonical UK spelling; the US spelling remains an alias.
normalize-global-curation-home-islands-defense	active	creation	exact	home-islands-defense	home-islands-defence	Home Islands Defence	["Home Islands Defense"]	Generic English topic uses the channel's canonical UK spelling; the US spelling remains an alias.
normalize-global-curation-honor-culture	active	creation	exact	honor-culture	honour-culture	Honour Culture	["Honor Culture"]	Generic English topic uses the channel's canonical UK spelling; the US spelling remains an alias.
normalize-global-curation-horse-transports	active	creation	exact	horse-transports	horse-transport	Horse Transport	["Horse Transports"]	User-directed global topic curation; reviewed corpus references identify one canonical topic
review-global-curation-huey	review	creation	exact	huey	huey	Uh 1 Huey	[]	Every current occurrence means the UH-1, but the bare nickname is not intrinsically typed.
normalize-global-curation-hull-forms	active	creation	exact	hull-forms	hull-form	Hull Form	["Hull Forms"]	User-directed global topic curation; reviewed corpus references identify one canonical topic
normalize-global-curation-hull-structures	active	creation	exact	hull-structures	hull-structure	Hull Structure	["Hull Structures"]	User-directed global topic curation; reviewed corpus references identify one canonical topic
normalize-global-curation-humber-class	active	creation	exact	humber-class	humber-class-monitors	Humber Class Monitors	["Humber Class"]	The sole bare reference identifies the Humber-class monitors.
review-global-curation-hunt-class	review	creation	exact	hunt-class	hunt-class	Hunt Class Destroyers	[]	Most bare references are Second World War escort destroyers; three concern the modern mine-countermeasures class.
review-global-curation-hurricane	review	creation	exact	hurricane	hurricane	Hawker Hurricane	[]	Current corpus references identify one entity, but the undated or shortened label is not universally unique
normalize-global-curation-hurricane-aircraft	active	creation	exact	hurricane-aircraft	hawker-hurricane	Hawker Hurricane	["Hurricane Aircraft","Hurricane Fighter"]	User-directed global topic curation; reviewed corpus references identify one canonical topic
normalize-global-curation-hurricane-fighter	active	creation	exact	hurricane-fighter	hawker-hurricane	Hawker Hurricane	["Hurricane Aircraft","Hurricane Fighter"]	User-directed global topic curation; reviewed corpus references identify one canonical topic
normalize-global-curation-hvar	active	creation	exact	hvar	high-velocity-aircraft-rocket	High Velocity Aircraft Rocket	["High Velocity Aircraft Rockets","HVAR"]	User-directed global topic curation; reviewed corpus references identify one canonical topic
normalize-global-curation-il-4	active	creation	exact	il-4	ilyushin-il-4	Ilyushin Il 4	["Il 4"]	Bare designator duplicates the manufacturer-qualified topic.
review-global-curation-imperial-navy	review	creation	exact	imperial-navy	imperial-navy	Imperial Navy (Star Wars Fiction)	[]	Current corpus references identify one entity, but the undated or shortened label is not universally unique
normalize-global-curation-imperial-star-destroyer	active	creation	exact	imperial-star-destroyer	fiction-imperial-star-destroyer	Imperial Star Destroyer (Star Wars)	["Imperial Star Destroyer","Imperial Star Destroyers"]	User-directed global topic curation; reviewed corpus references identify one canonical topic
normalize-global-curation-imperial-star-destroyers	active	creation	exact	imperial-star-destroyers	fiction-imperial-star-destroyer	Imperial Star Destroyer (Star Wars)	["Imperial Star Destroyer","Imperial Star Destroyers"]	User-directed global topic curation; reviewed corpus references identify one canonical topic
normalize-global-curation-imperial-war-museum	active	creation	exact	imperial-war-museum	imperial-war-museums	Imperial War Museums	["Imperial War Museum","IWM"]	The current singular and plural references identify the same museum organization; Imperial War Museums is the current proper institutional name
normalize-global-curation-imperieuse-class	active	creation	exact	imperieuse-class	imperieuse-class-cruisers	Imperieuse Class Cruisers	["Imperieuse Class"]	All bare references identify the Imperieuse-class armoured cruisers.
normalize-global-curation-implacable-class	active	creation	exact	implacable-class	implacable-class-aircraft-carriers	Implacable Class Aircraft Carriers	["Implacable Class","Implacable Class Carriers"]	All 61 bare references are to the Royal Navy aircraft-carrier class; the two typed carrier slugs are duplicates.
normalize-global-curation-implacable-class-carriers	active	creation	exact	implacable-class-carriers	implacable-class-aircraft-carriers	Implacable Class Aircraft Carriers	["Implacable Class","Implacable Class Carriers"]	All 61 bare references are to the Royal Navy aircraft-carrier class; the two typed carrier slugs are duplicates.
normalize-global-curation-indefatigable-class	active	creation	exact	indefatigable-class	indefatigable-class-battlecruisers	Indefatigable Class Battlecruisers	["Indefatigable Class"]	All bare references identify the battlecruiser class.
review-global-curation-independence-class	review	creation	exact	independence-class	independence-class	Independence Class Carriers	[]	The corpus uses the name for light carriers, the modern LCS trimaran, and an early United States ship-of-the-line group.
normalize-global-curation-industrial-standardization	active	creation	exact	industrial-standardization	industrial-standardisation	Industrial Standardisation	["Industrial Standardization"]	User-directed global topic curation; reviewed corpus references identify one canonical topic
normalize-global-curation-industrialization	active	creation	exact	industrialization	industrialisation	Industrialisation	["Industrialization"]	User-directed global topic curation; reviewed corpus references identify one canonical topic
normalize-global-curation-integrated-power-system	active	creation	exact	integrated-power-system	integrated-power-systems	Integrated Power Systems	["Integrated Power System"]	User-directed global topic curation; reviewed corpus references identify one canonical topic
normalize-global-curation-inter-service-cooperation	active	creation	exact	inter-service-cooperation	interservice-cooperation	Interservice Cooperation	["Inter Service Cooperation"]	User-directed global topic curation; reviewed corpus references identify one canonical topic
normalize-global-curation-interservice-organization	active	creation	exact	interservice-organization	interservice-organisation	Interservice Organisation	["Interservice Organization"]	Generic English topic uses the channel's canonical UK spelling; the US spelling remains an alias.
review-global-curation-invincible-class	review	creation	exact	invincible-class	invincible-class	Invincible Class Aircraft Carriers	[]	The name is reused for Fisher's battlecruisers and the Cold War through-deck cruisers/aircraft carriers.
normalize-global-curation-invincible-class-carriers	active	creation	exact	invincible-class-carriers	invincible-class-aircraft-carriers	Invincible Class Aircraft Carriers	["Invincible Class Carriers"]	The name is reused for Fisher's battlecruisers and the Cold War through-deck cruisers/aircraft carriers.
normalize-global-curation-island-class	active	creation	exact	island-class	island-class-patrol-vessels	Island Class Patrol Vessels	["Island Class"]	Both bare references identify patrol vessels.
normalize-global-curation-italia-class	active	creation	exact	italia-class	italia-class-battleships	Italia Class Battleships	["Italia Class"]	The bare reference identifies the Italian battleship class.
review-global-curation-ivan-rogov-class	review	creation	exact	ivan-rogov-class	ivan-rogov-class	Ivan Rogov Class Amphibious Transport Docks (Project 1174)	[]	Ivan Rogov class is reused for Project 1174 amphibious transport docks and Project 23900 amphibious assault ships; the reviewed bare reference identifies Project 1174
normalize-global-curation-j-15	active	creation	exact	j-15	j-15-flying-shark	J 15 Flying Shark	["J 15"]	Bare designator duplicates the designator/nickname topic.
review-global-curation-j-35	review	creation	exact	j-35	j-35	Shenyang J-35 Fighter	[]	Current carrier-fighter contexts mean China's Shenyang J-35, but J 35 can also identify the Saab 35 Draken.
review-global-curation-j-35-fighter	review	creation	exact	j-35-fighter	j-35-fighter	Shenyang J-35 Fighter	[]	Current carrier-fighter contexts mean China's Shenyang J-35, but the designator remains internationally ambiguous.
review-global-curation-jaguar	review	creation	exact	jaguar	jaguar	Sepecat Jaguar	[]	The current use identifies the SEPECAT aircraft, but Jaguar also names ships and other systems.
normalize-global-curation-jaguar-aircraft	active	creation	exact	jaguar-aircraft	sepecat-jaguar	Sepecat Jaguar	["Jaguar Aircraft"]	Typed name duplicates the manufacturer-qualified topic.
review-global-curation-james-stewart	review	creation	exact	james-stewart	james-stewart	James Stuart	[]	Current corpus references identify one entity, but the undated or shortened label is not universally unique
normalize-global-curation-jan-de-winter	active	creation	exact	jan-de-winter	jan-willem-de-winter	Jan Willem De Winter	["Jan De Winter"]	User-directed global topic curation; reviewed corpus references identify one canonical topic
normalize-global-curation-january-1939	active	creation	exact	january-1939	1939	1939	["January 1939"]	User-directed global topic curation; reviewed corpus references identify one canonical topic
normalize-global-curation-january-1940	active	creation	exact	january-1940	1940	1940	["January 1940"]	User-directed global topic curation; reviewed corpus references identify one canonical topic
normalize-global-curation-japan-united-states-relations	active	creation	exact	japan-united-states-relations	united-states-japan-relations	United States Japan Relations	["American Japanese Relations","Japan United States Relations","Japanese American Relations"]	User-directed global topic curation; reviewed corpus references identify one canonical topic
normalize-global-curation-japanese-american-relations	active	creation	exact	japanese-american-relations	united-states-japan-relations	United States Japan Relations	["American Japanese Relations","Japan United States Relations","Japanese American Relations"]	User-directed global topic curation; reviewed corpus references identify one canonical topic
normalize-global-curation-japanese-defense-perimeter	active	creation	exact	japanese-defense-perimeter	japanese-defence-perimeter	Japanese Defence Perimeter	["Japanese Defense Perimeter"]	Generic English topic uses the channel's canonical UK spelling; the US spelling remains an alias.
normalize-global-curation-japanese-home-defense	active	creation	exact	japanese-home-defense	japanese-home-defence	Japanese Home Defence	["Japanese Home Defense"]	Generic English topic uses the channel's canonical UK spelling; the US spelling remains an alias.
normalize-global-curation-japanese-modernization	active	creation	exact	japanese-modernization	japanese-modernisation	Japanese Modernisation	["Japanese Modernization"]	Generic English topic uses the channel's canonical UK spelling; the US spelling remains an alias.
normalize-global-curation-japanese-soviet-relations	active	creation	exact	japanese-soviet-relations	soviet-japanese-relations	Soviet Japanese Relations	["Japanese Soviet Relations"]	User-directed global topic curation; reviewed corpus references identify one canonical topic
normalize-global-curation-japanese-zero	active	creation	exact	japanese-zero	mitsubishi-a6m-zero	Mitsubishi A6M Zero	["A6m Zero","Japanese Zero","Mitsubishi Zero","Zero Fighter","Mitsubishi Navy Type 0 Carrier Fighter"]	National/nickname form duplicates the full designator topic.
normalize-global-curation-jellicoe	active	creation	exact	jellicoe	john-jellicoe	John Jellicoe	["Admiral John Jellicoe","Admiral Jellicoe","Jellicoe"]	User-directed global topic curation; reviewed corpus references identify one canonical topic
normalize-global-curation-jeremy-larkin	active	creation	exact	jeremy-larkin	jeremy-larken	Jeremy Larken	["Jeremy Larkin"]	User-directed global topic curation; reviewed corpus references identify one canonical topic
review-global-curation-john-allison	review	creation	exact	john-allison	john-allison	John Alliston	[]	The reviewed Destroyer Man reference is Commander John Alliston; John Allison is a valid name for other people
normalize-global-curation-john-porte	active	creation	exact	john-porte	john-cyril-porte	John Cyril Porte	["John Porte"]	User-directed global topic curation; reviewed corpus references identify one canonical topic
normalize-global-curation-john-wellum	active	creation	exact	john-wellum	john-wellham	John Wellham	["John Wellum"]	User-directed global topic curation; reviewed corpus references identify one canonical topic
normalize-global-curation-joint-force	active	creation	exact	joint-force	joint-forces	Joint Forces	["Joint Force"]	User-directed global topic curation; reviewed corpus references identify one canonical topic
normalize-global-curation-joint-programs	active	creation	exact	joint-programs	joint-programmes	Joint Programmes	["Joint Programs"]	Generic English topic uses the channel's canonical UK spelling; the US spelling remains an alias.
normalize-global-curation-ju-87	active	creation	exact	ju-87	junkers-ju-87	Junkers Ju 87	["Ju 87","Ju 87 Stuka"]	Bare designator duplicates the manufacturer-qualified aircraft topic.
normalize-global-curation-ju-87-stuka	active	creation	exact	ju-87-stuka	junkers-ju-87	Junkers Ju 87	["Ju 87","Ju 87 Stuka"]	Designator/nickname form duplicates the manufacturer-qualified aircraft topic.
normalize-global-curation-juneau-class	active	creation	exact	juneau-class	juneau-class-cruisers	Juneau Class Cruisers	["Juneau Class"]	All bare references identify the United States cruiser class.
review-global-curation-jutland	review	creation	exact	jutland	jutland	Battle Of Jutland	[]	Jutland is also a peninsula; after the geographic occurrence is split, current references concern the 1916 battle
normalize-global-curation-k-wing	active	creation	exact	k-wing	fiction-star-wars-k-wing	K-wing (Star Wars Fiction)	["K Wing"]	The K-wing is a specific Star Wars fictional strike craft.
normalize-global-curation-kaiser-class	active	creation	exact	kaiser-class	kaiser-class-battleships	Kaiser Class Battleships	["Kaiser Class"]	The bare reference is the Imperial German battleship class.
normalize-global-curation-kaiser-wilhelm-ii	active	creation	exact	kaiser-wilhelm-ii	wilhelm-ii	Wilhelm II	["Kaiser Wilhelm II"]	User-directed global topic curation; reviewed corpus references identify one canonical topic
normalize-global-curation-kamikazes	active	creation	exact	kamikazes	kamikaze	Kamikaze	["Kamikazes"]	User-directed global topic curation; reviewed corpus references identify one canonical topic
review-global-curation-katori-class	review	creation	exact	katori-class	katori-class	Katori Class Training Cruisers	[]	The bare reference explicitly discusses Japanese training cruisers; Katori-class battleships are a different class, so the existing plan must not map the bare slug to battleships.
normalize-global-curation-kidd-class	active	creation	exact	kidd-class	kidd-class-destroyers	Kidd Class Destroyers	["Kidd Class"]	All bare references identify the destroyer class.
normalize-global-curation-kiev-class	active	creation	exact	kiev-class	kiev-class-aircraft-carriers	Kiev Class Aircraft Carriers	["Kiev Class"]	All bare references identify the Soviet aviation-ship class.
normalize-global-curation-kii-class	active	creation	exact	kii-class	kii-class-battleships	Kii Class Battleships	["Kii Class"]	All bare references identify the Japanese battleship design.
review-global-curation-king-george-v	review	creation	exact	king-george-v	king-george-v	George V	[]	Current corpus references identify one entity, but the undated or shortened label is not universally unique
review-global-curation-king-george-v-class	review	creation	exact	king-george-v-class	king-george-v-class	King George V Class Battleships (1939)	[]	The bare topic mixes the 1911 and 1939 Royal Navy battleship classes; a mere '-battleships' suffix does not disambiguate them.
review-global-curation-king-george-v-class-battleships	review	creation	exact	king-george-v-class-battleships	king-george-v-class-battleships	King George V Class Battleships (1939)	[]	The bare topic mixes the 1911 and 1939 Royal Navy battleship classes; a mere '-battleships' suffix does not disambiguate them.
normalize-global-curation-king-george-vi	active	creation	exact	king-george-vi	george-vi	George VI	["King George VI"]	User-directed global topic curation; reviewed corpus references identify one canonical topic
normalize-global-curation-king-s-college-london	active	creation	exact	king-s-college-london	kings-college-london	Kings College London	["King S College London"]	User-directed global topic curation; reviewed corpus references identify one canonical topic
normalize-global-curation-kingdom-of-hawaii	active	creation	exact	kingdom-of-hawaii	hawaiian-kingdom	Hawaiian Kingdom	["Kingdom of Hawaii","Hawaii protectorate","Kamehameha dynasty"]	User-directed global topic curation; reviewed corpus references identify one canonical topic
normalize-global-curation-kingfisher-class	active	creation	exact	kingfisher-class	kingfisher-class-sloops	Kingfisher Class Sloops	["Kingfisher Class"]	All bare references identify the Royal Navy sloop class.
normalize-global-curation-kinmochi-saionji	active	creation	exact	kinmochi-saionji	saionji-kinmochi	Saionji Kinmochi	["Kinmochi Saionji"]	User-directed global topic curation; reviewed corpus references identify one canonical topic
review-global-curation-kirov-class	review	creation	exact	kirov-class	kirov-class	Kirov Class Battlecruisers	[]	Most bare references are Project 1144 nuclear cruisers; four are the Project 26 gun cruisers.
normalize-global-curation-knox-class	active	creation	exact	knox-class	knox-class-frigates	Knox Class Frigates	["Knox Class"]	All bare references identify the United States frigate class.
review-global-curation-kongo-class	review	creation	exact	kongo-class	kongo-class	Kongo Class Battlecruisers	[]	Most references are the historic Kongō capital ships; three are the modern JMSDF guided-missile destroyers.
review-global-curation-korean-navy	review	creation	exact	korean-navy	korean-navy	Republic of Korea Navy	[]	Korean Navy can identify historical Korean fleets or the modern Republic of Korea Navy; historical references are split before current modern uses are consolidated
normalize-global-curation-krupp-armor	active	creation	exact	krupp-armor	krupp-armour	Krupp Armour	["Krupp Armor"]	User-directed global topic curation; reviewed corpus references identify one canonical topic
normalize-global-curation-krupp-cemented-armor	active	creation	exact	krupp-cemented-armor	krupp-cemented-armour	Krupp Cemented Armour	["Krupp Cemented Armor"]	Generic English topic uses the channel's canonical UK spelling; the US spelling remains an alias.
normalize-global-curation-kuznetsov-class	active	creation	exact	kuznetsov-class	admiral-kuznetsov-class	Admiral Kuznetsov Class	["Kuznetsov Class"]	User-directed global topic curation; reviewed corpus references identify one canonical topic
normalize-global-curation-l-and-m-class	active	creation	exact	l-and-m-class	l-and-m-class-destroyers	L And M Class Destroyers	["L And M Class"]	The bare reference identifies the paired Royal Navy destroyer classes.
review-global-curation-l-class	review	creation	exact	l-class	l-class	L Class Destroyers	[]	The sole bare reference is explicitly a destroyer comparison, but L-class submarines make the bare name unsafe for future automatic creation.
review-global-curation-lancaster	review	creation	exact	lancaster	lancaster	Avro Lancaster	[]	The current use identifies the Avro bomber, but Lancaster also identifies people, a duchy, and places.
normalize-global-curation-lancaster-bomber	active	creation	exact	lancaster-bomber	avro-lancaster	Avro Lancaster	["Lancaster Bomber"]	Typed name duplicates the manufacturer-qualified bomber topic.
normalize-global-curation-landing-craft-mechanized	active	creation	exact	landing-craft-mechanized	landing-craft-mechanised	Landing Craft Mechanised	["Landing Craft Mechanized"]	User-directed global topic curation; reviewed corpus references identify one canonical topic
normalize-global-curation-landing-helicopter-dock	active	creation	exact	landing-helicopter-dock	lhd	LHD	["Landing Helicopter Dock","Landing Helicopter Docks","Lhds"]	User-directed global topic curation; reviewed corpus references identify one canonical topic
normalize-global-curation-landing-helicopter-docks	active	creation	exact	landing-helicopter-docks	lhd	LHD	["Landing Helicopter Dock","Landing Helicopter Docks","Lhds"]	User-directed global topic curation; reviewed corpus references identify one canonical topic
normalize-global-curation-landing-platform-dock	active	creation	exact	landing-platform-dock	lpd	LPD	["Landing Platform Dock","Landing Platform Docks","LPDs","Amphibious Transport Dock","Amphibious Transport Docks"]	User-directed global topic curation; reviewed corpus references identify one canonical topic
normalize-global-curation-landing-platform-docks	active	creation	exact	landing-platform-docks	lpd	LPD	["Landing Platform Dock","Landing Platform Docks","LPDs","Amphibious Transport Dock","Amphibious Transport Docks"]	User-directed global topic curation; reviewed corpus references identify one canonical topic
normalize-global-curation-landing-platform-helicopters	active	creation	exact	landing-platform-helicopters	landing-platform-helicopter	Landing Platform Helicopter	["Landing Platform Helicopters"]	User-directed global topic curation; reviewed corpus references identify one canonical topic
normalize-global-curation-landing-ship-docks	active	creation	exact	landing-ship-docks	landing-ship-dock	Landing Ship Dock	["Landing Ship Docks"]	User-directed global topic curation; reviewed corpus references identify one canonical topic
normalize-global-curation-landing-ship-tanks	active	creation	exact	landing-ship-tanks	landing-ship-tank	Landing Ship Tank	["Landing Ship Tanks"]	User-directed global topic curation; reviewed corpus references identify one canonical topic
normalize-global-curation-large-caliber-guns	active	creation	exact	large-caliber-guns	large-calibre-guns	Large Calibre Guns	["Large Caliber Guns"]	Generic English topic uses the channel's canonical UK spelling; the US spelling remains an alias.
normalize-global-curation-lcac	active	creation	exact	lcac	landing-craft-air-cushion	Landing Craft Air Cushion	["Lcac"]	User-directed global topic curation; reviewed corpus references identify one canonical topic
normalize-global-curation-learning-curves	active	creation	exact	learning-curves	learning-curve	Learning Curve	["Learning Curves"]	User-directed global topic curation; reviewed corpus references identify one canonical topic
normalize-global-curation-leda-class	active	creation	exact	leda-class	leda-class-frigates	Leda Class Frigates	["Leda Class"]	The bare reference identifies the sailing-frigate class.
normalize-global-curation-legend-class	active	creation	exact	legend-class	legend-class-cutters	Legend Class Cutters	["Legend Class Cutter","Legend Class"]	All bare references identify the US Coast Guard cutter class.
normalize-global-curation-leningrad	active	creation	exact	leningrad	saint-petersburg	Saint Petersburg	["Leningrad","Petrograd","St Petersburg","St. Petersburg"]	Historical city names resolve to one place topic; specifically named events and Leningrad Oblast remain separate topics
review-global-curation-leonardo	review	creation	exact	leonardo	leonardo	Leonardo S.p.A.	[]	Leonardo may identify the defence company, Leonardo da Vinci, or another namesake; the reviewed Canadian naval-gun reference identifies Leonardo S.p.A.
review-global-curation-leonardo-da-vinci	review	creation	exact	leonardo-da-vinci	leonardo-da-vinci	Italian Submarine Leonardo da Vinci (1939)	[]	Leonardo da Vinci most commonly identifies the historical person but is also a reused Italian warship name; the reviewed New York raid reference identifies the 1939 submarine
review-global-curation-leonardo-da-vinci-submarine	review	creation	exact	leonardo-da-vinci-submarine	leonardo-da-vinci-submarine	Italian Submarine Leonardo da Vinci (1939)	[]	Several Italian submarines carried the name Leonardo da Vinci; the reviewed Atlantic-war reference identifies the Marconi-class boat launched in 1939
review-global-curation-lepanto	review	creation	exact	lepanto	lepanto	Lepanto (Nafpaktos)	[]	Lepanto may identify the Greek port now called Nafpaktos or the 1571 naval battle; the reviewed 1500 Ottoman-Venetian reference identifies the place
review-global-curation-lexington-class	review	creation	exact	lexington-class	lexington-class	Lexington Class Battlecruisers	[]	Lexington-class may identify the original battlecruiser design or the completed aircraft carriers; all current references are routed individually by evidence
normalize-global-curation-lexington-class-carriers	active	creation	exact	lexington-class-carriers	lexington-class-aircraft-carriers	Lexington Class Aircraft Carriers	["Lexington Class Carriers"]	User-directed global topic curation; reviewed corpus references identify one canonical topic
normalize-global-curation-lhas	active	creation	exact	lhas	lha	LHA	["LHAs","Landing Helicopter Assault","Landing Helicopter Assault Ship","Landing Helicopter Assault Ships"]	User-directed global topic curation; reviewed corpus references identify one canonical topic
normalize-global-curation-lhds	active	creation	exact	lhds	lhd	LHD	["Landing Helicopter Dock","Landing Helicopter Docks","Lhds"]	User-directed global topic curation; reviewed corpus references identify one canonical topic
normalize-global-curation-liburnian	active	creation	exact	liburnian	liburnians	Liburnians	["Liburnian"]	User-directed global topic curation; reviewed corpus references identify one canonical topic
normalize-global-curation-life-cycle-costs	active	creation	exact	life-cycle-costs	life-cycle-cost	Life Cycle Cost	["Life Cycle Costs"]	User-directed global topic curation; reviewed corpus references identify one canonical topic
normalize-global-curation-limbo	active	creation	exact	limbo	limbo-mortar	Limbo Mortar	["Limbo"]	User-directed global topic curation; reviewed corpus references identify one canonical topic
normalize-global-curation-line-ahead	active	creation	exact	line-ahead	line-ahead-formation	Line Ahead Formation	["Line Ahead"]	User-directed global topic curation; reviewed corpus references identify one canonical topic
normalize-global-curation-line-of-battle-tactics	active	creation	exact	line-of-battle-tactics	line-of-battle	Line Of Battle	["Line Of Battle Tactics"]	User-directed global topic curation; reviewed corpus references identify one canonical topic
normalize-global-curation-liner-conversions	active	creation	exact	liner-conversions	civilian-conversions	Civilian-to-Military Ship Conversions	["Converted Merchant Ships","Civilian Conversions","Civilian Ship Conversion","Civilian Ship Conversions","Merchant Conversion","Merchant Conversions","Merchant Ship Conversion","Merchant Ship Conversions","Liner Conversion","Liner Conversions","Cruise Ship Conversion","Cruise Ship Conversions"]	The sole reference concerns the passenger liner Roma becoming Aquila.
review-global-curation-lion-class	review	creation	exact	lion-class	lion-class	Lion Class Battleships	[]	Lion-class may identify the 1910 battlecruisers or planned 1939 battleships; all current references are routed individually by evidence
normalize-global-curation-littoral-response-group	active	creation	exact	littoral-response-group	littoral-response-groups	Littoral Response Groups	["Littoral Response Group"]	User-directed global topic curation; reviewed corpus references identify one canonical topic
normalize-global-curation-littorio-class	active	creation	exact	littorio-class	littorio-class-battleships	Littorio Class Battleships	["Littorio Class"]	All bare references identify the Italian battleship class.
normalize-global-curation-lloyd-george	active	creation	exact	lloyd-george	david-lloyd-george	David Lloyd George	["Lloyd George"]	User-directed global topic curation; reviewed corpus references identify one canonical topic
normalize-global-curation-ln-401	active	creation	exact	ln-401	loire-nieuport-ln-401	Loire Nieuport Ln 401	["Ln 401"]	Bare designator duplicates the manufacturer-qualified topic.
normalize-global-curation-local-defense	active	creation	exact	local-defense	local-defence	Local Defence	["Local Defense"]	Generic English topic uses the channel's canonical UK spelling; the US spelling remains an alias.
normalize-global-curation-local-defense-forces	active	creation	exact	local-defense-forces	local-defence-forces	Local Defence Forces	["Local Defense Forces"]	Generic English topic uses the channel's canonical UK spelling; the US spelling remains an alias.
normalize-global-curation-local-mobilization	active	creation	exact	local-mobilization	local-mobilisation	Local Mobilisation	["Local Mobilization"]	Generic English topic uses the channel's canonical UK spelling; the US spelling remains an alias.
normalize-global-curation-loch-class	active	creation	exact	loch-class	loch-class-frigates	Loch Class Frigates	["Loch Class Frigate","Loch Class"]	Both bare references identify the Royal Navy frigate class.
review-global-curation-london-class	review	creation	exact	london-class	london-class	London Class Battleships	[]	Two bare references are the pre-dreadnought battleships and one is the treaty-cruiser subclass.
normalize-global-curation-long-range-fire	active	creation	exact	long-range-fire	long-range-fires	Long Range Fires	["Long Range Fire"]	User-directed global topic curation; reviewed corpus references identify one canonical topic
normalize-global-curation-longbow	active	creation	exact	longbow	longbows	Longbows	["Longbow"]	User-directed global topic curation; reviewed corpus references identify one canonical topic
review-global-curation-lord-aberdeen	review	creation	exact	lord-aberdeen	lord-aberdeen	George Hamilton-Gordon	[]	The Crimean War and 1843 Hawaiian-policy contexts identify George Hamilton-Gordon; Aberdeen is a hereditary title.
normalize-global-curation-lord-amelius-beauclerk	active	creation	exact	lord-amelius-beauclerk	amelius-beauclerk	Amelius Beauclerk	["Lord Amelius Beauclerk"]	The source already contains Amelius Beauclerk's identifying given name and surname.
review-global-curation-lord-bridport	review	creation	exact	lord-bridport	lord-bridport	Alexander Hood	[]	All current age-of-sail references identify Alexander Hood, 1st Viscount Bridport; the title was inherited and Hood is shared by several admirals.
normalize-global-curation-lord-clive-class	active	creation	exact	lord-clive-class	lord-clive-class-monitors	Lord Clive Class Monitors	["Lord Clive Class"]	All bare references identify the monitor class.
review-global-curation-lord-cochrane	review	creation	exact	lord-cochrane	lord-cochrane	Thomas Cochrane	[]	The current naval-promotion context identifies Thomas Cochrane; Alexander Cochrane is a separate registry person.
review-global-curation-lord-cork-and-orrery	review	creation	exact	lord-cork-and-orrery	lord-cork-and-orrery	William Henry Dudley Boyle	[]	All current Norway and Somerville references identify William Henry Dudley Boyle, 12th Earl; the peerage is hereditary.
normalize-global-curation-lord-george-germain	active	creation	exact	lord-george-germain	george-germain	George Germain	["Lord George Germain","George Sackville"]	All current contexts follow the same minister, formerly George Sackville and later Lord George Germain.
review-global-curation-lord-gort	review	creation	exact	lord-gort	lord-gort	John Vereker	[]	The Far East command alternative identifies Field Marshal John Vereker, 6th Viscount Gort; the peerage is hereditary.
review-global-curation-lord-granby	review	creation	exact	lord-granby	lord-granby	John Manners	[]	The Minden rivalry context identifies John Manners, Marquess of Granby; the courtesy title is not intrinsically unique.
review-global-curation-lord-halifax	review	creation	exact	lord-halifax	lord-halifax	Edward Frederick Lindley Wood	[]	Both 1940 contexts identify Edward Frederick Lindley Wood; Halifax is a hereditary title and the existing edward-wood-halifax slug still embeds that title.
normalize-global-curation-lord-howard-of-effingham	review	creation	exact	lord-howard-of-effingham	charles-howard-of-effingham	Charles Howard Of Effingham	["Lord Howard Of Effingham"]	The Armada and Lord High Admiral contexts explicitly identify Charles Howard of Effingham.; safety audit: Hereditary title held by multiple people.
review-global-curation-lord-howe	review	creation	exact	lord-howe	lord-howe	Richard Howe	[]	Current corpus references identify one entity, but the undated or shortened label is not universally unique
review-global-curation-lord-jellicoe	review	creation	exact	lord-jellicoe	lord-jellicoe	George Jellicoe	[]	Lord Jellicoe may identify John or George Jellicoe; the reviewed SBS reference identifies George Jellicoe
review-global-curation-lord-keith	review	creation	exact	lord-keith	lord-keith	George Elphinstone	[]	The 1799 chase context identifies George Elphinstone, 1st Viscount Keith; the title alone is not a universal personal identifier.
normalize-global-curation-lord-keys	review	creation	exact	lord-keys	roger-keyes	Roger Keyes	["Lord Keys"]	The dedicated biography repeatedly identifies Roger Keyes; the source slug also misspells Keyes as Keys.; safety audit: Bare hereditary title/variant; future uses require identity evidence.
normalize-global-curation-lord-mountbatten	review	creation	exact	lord-mountbatten	louis-mountbatten	Louis Mountbatten	["Lord Mountbatten"]	Both current references identify Louis Mountbatten.; safety audit: Hereditary title; future uses require holder evidence.
normalize-global-curation-lord-nelson-class	active	creation	exact	lord-nelson-class	lord-nelson-class-battleships	Lord Nelson Class Battleships	["Lord Nelson Class"]	All bare references identify the pre-dreadnought battleship class.
review-global-curation-lord-north	review	creation	exact	lord-north	lord-north	Frederick North	[]	Both American Revolutionary War contexts identify Prime Minister Frederick North; the courtesy title alone is not intrinsically unique.
review-global-curation-lord-northbrook	review	creation	exact	lord-northbrook	lord-northbrook	Thomas George Baring	[]	The 1880s Leander programme identifies Thomas George Baring, 1st Earl of Northbrook; Francis Baring was an earlier Lord Northbrook and First Lord.
normalize-global-curation-lord-northcliffe	review	creation	exact	lord-northcliffe	alfred-harmsworth	Alfred Harmsworth	["Lord Northcliffe","Alfred Charles William Harmsworth"]	The press, cable, and wartime-persuasion context identifies newspaper proprietor Alfred Harmsworth.; safety audit: Hereditary title; future uses require holder evidence.
review-global-curation-lord-sandwich	review	creation	exact	lord-sandwich	lord-sandwich	John Montagu	[]	Current corpus references identify one entity, but the undated or shortened label is not universally unique
review-global-curation-lord-torrington	review	creation	exact	lord-torrington	lord-torrington	Arthur Herbert	[]	The 1690 fleet-in-being context identifies Arthur Herbert, 1st Earl of Torrington; George Byng later held a different Torrington title.
normalize-global-curation-los-angeles-class	active	creation	exact	los-angeles-class	los-angeles-class-submarines	Los Angeles Class Submarines	["Los Angeles Class"]	All bare references identify the United States submarine class.
normalize-global-curation-loyal-wingmen	active	creation	exact	loyal-wingmen	loyal-wingman	Loyal Wingman	["Loyal Wingmen"]	User-directed global topic curation; reviewed corpus references identify one canonical topic
normalize-global-curation-lynx-helicopter	active	creation	exact	lynx-helicopter	westland-lynx	Westland Lynx	["Lynx Helicopter"]	Typed name duplicates the manufacturer-qualified topic.
normalize-global-curation-lyon-class	active	creation	exact	lyon-class	lyon-class-battleships	Lyon Class Battleships	["Lyon Class"]	All bare references identify the French battleship design.
review-global-curation-m-class	review	creation	exact	m-class	m-class	M Class Destroyers	[]	The sole bare reference is explicitly a destroyer comparison; the reused one-letter class name must remain review-only.
review-global-curation-maestrale-class	review	creation	exact	maestrale-class	maestrale-class	Maestrale Class Destroyers	[]	The bare reference explicitly concerns interwar Italian destroyers; the existing plan's destroyer target is correct, while the typed frigate slug is a distinct modern class.
normalize-global-curation-main-batteries	active	creation	exact	main-batteries	main-battery	Main Battery	["Main Batteries"]	User-directed global topic curation; reviewed corpus references identify one canonical topic
review-global-curation-majestic-class	review	creation	exact	majestic-class	majestic-class	Majestic Class Carriers	[]	The bare topic mixes pre-dreadnought battleships and postwar light fleet carriers.
normalize-global-curation-maneuver-warfare	active	creation	exact	maneuver-warfare	manoeuvre-warfare	Manoeuvre Warfare	["Maneuver Warfare"]	User-directed global topic curation; reviewed corpus references identify one canonical topic
normalize-global-curation-maneuverability	active	creation	exact	maneuverability	manoeuvrability	Manoeuvrability	["Maneuverability"]	User-directed global topic curation; reviewed corpus references identify one canonical topic
normalize-global-curation-marcus-agrippa	active	creation	exact	marcus-agrippa	marcus-vipsanius-agrippa	Marcus Vipsanius Agrippa	["Marcus Agrippa"]	User-directed global topic curation; reviewed corpus references identify one canonical topic
normalize-global-curation-marine-fuel	active	creation	exact	marine-fuel	marine-fuels	Marine Fuels	["Marine Fuel"]	User-directed global topic curation; reviewed corpus references identify one canonical topic
normalize-global-curation-marine-propulsion	active	creation	exact	marine-propulsion	ship-propulsion	Ship Propulsion	["marine propulsion","ship engines"]	User-directed global topic curation; reviewed corpus references identify one canonical topic
normalize-global-curation-maritime-defense	active	creation	exact	maritime-defense	maritime-defence	Maritime Defence	["Maritime Defense"]	Generic English topic uses the channel's canonical UK spelling; the US spelling remains an alias.
normalize-global-curation-maritime-empire	active	creation	exact	maritime-empire	maritime-empires	Maritime Empires	["Maritime Empire"]	User-directed global topic curation; reviewed corpus references identify one canonical topic
normalize-global-curation-mark-mitscher	active	creation	exact	mark-mitscher	marc-mitscher	Marc Mitscher	["Mark Mitscher"]	User-directed global topic curation; reviewed corpus references identify one canonical topic
normalize-global-curation-mass-mobilization	active	creation	exact	mass-mobilization	mass-mobilisation	Mass Mobilisation	["Mass Mobilization"]	Generic English topic uses the channel's canonical UK spelling; the US spelling remains an alias.
normalize-global-curation-me-109	active	creation	exact	me-109	messerschmitt-bf-109	Messerschmitt Bf 109	["Bf 109","Me 109"]	Alternate Me 109 designation duplicates the canonical Bf 109 topic.
normalize-global-curation-mechanization	active	creation	exact	mechanization	mechanisation	Mechanisation	["Mechanization"]	User-directed global topic curation; reviewed corpus references identify one canonical topic
normalize-global-curation-medieval-armor	active	creation	exact	medieval-armor	medieval-armour	Medieval Armour	["Medieval Armor"]	Generic English topic uses the channel's canonical UK spelling; the US spelling remains an alias.
normalize-global-curation-mediterranean-campaigns	active	creation	exact	mediterranean-campaigns	mediterranean-campaign	Mediterranean Campaign	["Mediterranean Campaigns"]	User-directed global topic curation; reviewed corpus references identify one canonical topic
normalize-global-curation-medium-landing-ship	active	creation	exact	medium-landing-ship	landing-ship-medium	Landing Ship Medium	["Medium Landing Ship"]	User-directed global topic curation; reviewed corpus references identify one canonical topic
normalize-global-curation-menorca	active	creation	exact	menorca	minorca	Minorca	["Menorca"]	User-directed global topic curation; reviewed corpus references identify one canonical topic
normalize-global-curation-merchant-conversions	active	creation	exact	merchant-conversions	civilian-conversions	Civilian-to-Military Ship Conversions	["Converted Merchant Ships","Civilian Conversions","Civilian Ship Conversion","Civilian Ship Conversions","Merchant Conversion","Merchant Conversions","Merchant Ship Conversion","Merchant Ship Conversions","Liner Conversion","Liner Conversions","Cruise Ship Conversion","Cruise Ship Conversions"]	The sole reference concerns German passenger liners proposed as carriers.
normalize-global-curation-merchant-marine	active	creation	exact	merchant-marine	merchant-navy	Merchant Navy	["merchant marine"]	User-directed global topic curation; reviewed corpus references identify one canonical topic
normalize-global-curation-merchant-ship-conversions	active	creation	exact	merchant-ship-conversions	civilian-conversions	Civilian-to-Military Ship Conversions	["Converted Merchant Ships","Civilian Conversions","Civilian Ship Conversion","Civilian Ship Conversions","Merchant Conversion","Merchant Conversions","Merchant Ship Conversion","Merchant Ship Conversions","Liner Conversion","Liner Conversions","Cruise Ship Conversion","Cruise Ship Conversions"]	All reviewed references are civilian or merchant hulls adapted for naval or military service.
review-global-curation-merlin	review	creation	exact	merlin	merlin	Agustawestland Merlin	[]	The current bare use identifies the helicopter, but Merlin also identifies an engine family and ships
normalize-global-curation-merlin-helicopter	active	creation	exact	merlin-helicopter	agustawestland-merlin	Agustawestland Merlin	["Merlin Helicopter","Merlin Helicopters"]	Typed singular duplicates the manufacturer-qualified topic.
normalize-global-curation-merlin-helicopters	active	creation	exact	merlin-helicopters	agustawestland-merlin	Agustawestland Merlin	["Merlin Helicopter","Merlin Helicopters"]	Builder override: resolve the typed plural directly to the fully qualified AgustaWestland Merlin topic.
normalize-global-curation-mersey-class	active	creation	exact	mersey-class	mersey-class-cruisers	Mersey Class Cruisers	["Mersey Class"]	All bare references identify the protected-cruiser class.
normalize-global-curation-mg-100-starfortress	active	creation	exact	mg-100-starfortress	fiction-star-wars-mg-100-starfortress	MG-100 StarFortress (Star Wars Fiction)	["Mg 100 Starfortress"]	The MG-100 StarFortress is a specific Star Wars fictional bomber.
normalize-global-curation-middle-ages	active	creation	exact	middle-ages	medieval-history	Medieval History	["Middle Ages","medieval period","Norman England"]	User-directed global topic curation; reviewed corpus references identify one canonical topic
normalize-global-curation-middle-east-campaigns	active	creation	exact	middle-east-campaigns	middle-east-campaign	Middle East Campaign	["Middle East Campaigns"]	User-directed global topic curation; reviewed corpus references identify one canonical topic
review-global-curation-midway	review	creation	exact	midway	midway	Battle Of Midway	[]	Midway can identify the atoll, campaign, battle, or a ship; after the atoll occurrence is split, current bare references concern the 1942 battle
normalize-global-curation-mig-25	active	creation	exact	mig-25	mig-25-foxbat	Mig 25 Foxbat	["Mig 25"]	Bare designator duplicates the designator/reporting-name topic.
normalize-global-curation-military-communication	active	creation	exact	military-communication	military-communications	Military Communications	["Military Communication"]	User-directed global topic curation; reviewed corpus references identify one canonical topic
normalize-global-curation-military-demobilization	active	creation	exact	military-demobilization	military-demobilisation	Military Demobilisation	["Military Demobilization"]	Generic English topic uses the channel's canonical UK spelling; the US spelling remains an alias.
normalize-global-curation-military-evacuations	active	creation	exact	military-evacuations	military-evacuation	Military Evacuation	["Military Evacuations"]	User-directed global topic curation; reviewed corpus references identify one canonical topic
normalize-global-curation-military-mechanization	active	creation	exact	military-mechanization	military-mechanisation	Military Mechanisation	["Military Mechanization"]	Generic English topic uses the channel's canonical UK spelling; the US spelling remains an alias.
normalize-global-curation-military-mobilization	active	creation	exact	military-mobilization	military-mobilisation	Military Mobilisation	["Military Mobilization"]	User-directed global topic curation; reviewed corpus references identify one canonical topic
normalize-global-curation-military-modernization	active	creation	exact	military-modernization	military-modernisation	Military Modernisation	["Military Modernization"]	Generic English topic uses the channel's canonical UK spelling; the US spelling remains an alias.
normalize-global-curation-military-standardization	active	creation	exact	military-standardization	military-standardisation	Military Standardisation	["Allied Standardization","Military Standardization"]	User-directed global topic curation; reviewed corpus references identify one canonical topic
normalize-global-curation-militias	active	creation	exact	militias	militia	Militia	["Militias"]	User-directed global topic curation; reviewed corpus references identify one canonical topic
normalize-global-curation-minas-gerais-class	active	creation	exact	minas-gerais-class	minas-geraes-class	Minas Geraes Class	["Minas Gerais Class"]	User-directed global topic curation; reviewed corpus references identify one canonical topic
normalize-global-curation-mine-warfare	active	creation	exact	mine-warfare	naval-mine-warfare	Naval Mine Warfare	["mine warfare","mine warfare at sea"]	User-directed global topic curation; reviewed corpus references identify one canonical topic
normalize-global-curation-minotaur-class	active	creation	exact	minotaur-class	minotaur-class-cruisers	Minotaur Class Cruisers	["Minotaur Class"]	All current bare references are cruiser-class references; the typed slug is the appropriate broad class-family topic.
normalize-global-curation-missile-modernization	active	creation	exact	missile-modernization	missile-modernisation	Missile Modernisation	["Missile Modernization"]	Generic English topic uses the channel's canonical UK spelling; the US spelling remains an alias.
normalize-global-curation-mission-kills	active	creation	exact	mission-kills	mission-kill	Mission Kill	["Mission Kills"]	User-directed global topic curation; reviewed corpus references identify one canonical topic
normalize-global-curation-mitsubishi-zero	active	creation	exact	mitsubishi-zero	mitsubishi-a6m-zero	Mitsubishi A6M Zero	["A6m Zero","Japanese Zero","Mitsubishi Zero","Zero Fighter","Mitsubishi Navy Type 0 Carrier Fighter"]	Manufacturer/nickname form duplicates the full designator topic.
normalize-global-curation-mobilization	active	creation	exact	mobilization	mobilisation	Mobilisation	["Mobilization"]	User-directed global topic curation; reviewed corpus references identify one canonical topic
normalize-global-curation-modernization	active	creation	exact	modernization	modernisation	Modernisation	["Modernization"]	User-directed global topic curation; reviewed corpus references identify one canonical topic
review-global-curation-mogami-class	review	creation	exact	mogami-class	mogami-class	Mogami Class Cruisers	[]	The bare topic mixes the Imperial Japanese Navy cruiser class and the modern JMSDF frigate class.
normalize-global-curation-monitor-modernization	active	creation	exact	monitor-modernization	monitor-modernisation	Monitor Modernisation	["Monitor Modernization"]	Generic English topic uses the channel's canonical UK spelling; the US spelling remains an alias.
normalize-global-curation-monmouth-class	active	creation	exact	monmouth-class	monmouth-class-cruisers	Monmouth Class Cruisers	["Monmouth Class"]	Both bare references identify the armoured-cruiser class.
normalize-global-curation-mosquito-aircraft	active	creation	exact	mosquito-aircraft	de-havilland-mosquito	De Havilland Mosquito	["Mosquito Aircraft"]	Typed name duplicates the manufacturer-qualified topic.
normalize-global-curation-mothball-fleets	active	creation	exact	mothball-fleets	mothball-fleet	Mothball Fleet	["Mothball Fleets"]	User-directed global topic curation; reviewed corpus references identify one canonical topic
review-global-curation-mountbatten	review	creation	exact	mountbatten	mountbatten	Louis Mountbatten	[]	Current corpus references identify one entity, but the undated or shortened label is not universally unique
normalize-global-curation-multi-role-support-ship	active	creation	exact	multi-role-support-ship	multi-role-support-ships	Multi-Role Support Ships	["Multirole Support Ships","Multi Role Support Ship"]	User-directed global topic curation; reviewed corpus references identify one canonical topic
normalize-global-curation-multinational-aircraft-programs	active	creation	exact	multinational-aircraft-programs	multinational-aircraft-programmes	Multinational Aircraft Programmes	["Multinational Aircraft Programs"]	Generic English topic uses the channel's canonical UK spelling; the US spelling remains an alias.
normalize-global-curation-multinational-programs	active	creation	exact	multinational-programs	multinational-programmes	Multinational Programmes	["Multinational Programs"]	Generic English topic uses the channel's canonical UK spelling; the US spelling remains an alias.
normalize-global-curation-myoko-class	active	creation	exact	myoko-class	myoko-class-cruisers	Myoko Class Cruisers	["Myoko Class"]	All bare references identify the Japanese cruiser class.
review-global-curation-n-class	review	creation	exact	n-class	n-class	N Class Destroyers	[]	Both bare references explicitly discuss Royal Navy destroyers; a one-letter class name is unsafe as a future automatic alias.
normalize-global-curation-nakajima-a6m2-n	active	creation	exact	nakajima-a6m2-n	a6m2-n-rufe	A6m2 N Rufe	["Nakajima A6m2 N","Rufe"]	Manufacturer/designator and Allied reporting-name forms identify the same floatplane fighter.
normalize-global-curation-nakajima-b5n	active	creation	exact	nakajima-b5n	nakajima-b5n-kate	Nakajima B5n Kate	["B5n Kate","Nakajima B5n"]	Manufacturer/designator form duplicates the reporting-name topic.
normalize-global-curation-nanking-massacre	active	creation	exact	nanking-massacre	nanjing-massacre	Nanjing Massacre	["Nanking Massacre"]	User-directed global topic curation; reviewed corpus references identify one canonical topic
normalize-global-curation-national-honor	active	creation	exact	national-honor	national-honour	National Honour	["National Honor"]	Generic English topic uses the channel's canonical UK spelling; the US spelling remains an alias.
normalize-global-curation-national-interests	active	creation	exact	national-interests	national-interest	National Interest	["National Interests"]	User-directed global topic curation; reviewed corpus references identify one canonical topic
normalize-global-curation-national-security-cutter	active	creation	exact	national-security-cutter	national-security-cutters	National Security Cutters	["National Security Cutter"]	User-directed global topic curation; reviewed corpus references identify one canonical topic
normalize-global-curation-nationalization	active	creation	exact	nationalization	nationalisation	Nationalisation	["Nationalization"]	User-directed global topic curation; reviewed corpus references identify one canonical topic
normalize-global-curation-nato-standardization	active	creation	exact	nato-standardization	nato-standardisation	NATO Standardisation	["NATO Standardization"]	User-directed global topic curation; reviewed corpus references identify one canonical topic
normalize-global-curation-naval-academy	active	creation	exact	naval-academy	naval-academies	Naval Academies	["Naval Academy"]	User-directed global topic curation; reviewed corpus references identify one canonical topic
normalize-global-curation-naval-ambushes	active	creation	exact	naval-ambushes	naval-ambush	Naval Ambush	["Naval Ambushes"]	User-directed global topic curation; reviewed corpus references identify one canonical topic
normalize-global-curation-naval-anti-aircraft-defense	active	creation	exact	naval-anti-aircraft-defense	naval-anti-aircraft-defence	Naval Anti Aircraft Defence	["Naval Anti Aircraft Defense"]	Generic English topic uses the channel's canonical UK spelling; the US spelling remains an alias.
normalize-global-curation-naval-battle	active	creation	exact	naval-battle	naval-battles	Naval Battles	["Naval Battle"]	User-directed global topic curation; reviewed corpus references identify one canonical topic
normalize-global-curation-naval-captures	active	creation	exact	naval-captures	naval-capture	Naval Capture	["Naval Captures"]	User-directed global topic curation; reviewed corpus references identify one canonical topic
review-global-curation-naval-conversion	review	creation	exact	naval-conversion	naval-conversion	Ship Conversion	[]	Naval conversion is underspecified; the reviewed corpus occurrence was routed contextually to cruiser conversions.
review-global-curation-naval-conversions	review	creation	exact	naval-conversions	naval-conversions	Ship Conversion	[]	Naval conversions is underspecified; all reviewed corpus occurrences were routed contextually to destroyer, carrier, or civilian-to-military conversions
normalize-global-curation-naval-demobilization	active	creation	exact	naval-demobilization	naval-demobilisation	Naval Demobilisation	["Naval Demobilization"]	User-directed global topic curation; reviewed corpus references identify one canonical topic
normalize-global-curation-naval-deployments	active	creation	exact	naval-deployments	naval-deployment	Naval Deployment	["Naval Deployments"]	User-directed global topic curation; reviewed corpus references identify one canonical topic
normalize-global-curation-naval-escort	active	creation	exact	naval-escort	naval-escorts	Naval Escorts	["Naval Escort"]	User-directed global topic curation; reviewed corpus references identify one canonical topic
normalize-global-curation-naval-evacuation	active	creation	exact	naval-evacuation	naval-evacuations	Naval Evacuations	["Naval Evacuation"]	User-directed global topic curation; reviewed corpus references identify one canonical topic
normalize-global-curation-naval-film	active	creation	exact	naval-film	naval-films	Naval Films	["Naval Film"]	User-directed global topic curation; reviewed corpus references identify one canonical topic
normalize-global-curation-naval-fuels	active	creation	exact	naval-fuels	naval-fuel	Naval Fuel	["Naval Fuels"]	User-directed global topic curation; reviewed corpus references identify one canonical topic
normalize-global-curation-naval-gun-caliber	active	creation	exact	naval-gun-caliber	naval-gun-calibre	Naval Gun Calibre	["Naval Gun Caliber"]	Generic English topic uses the channel's canonical UK spelling; the US spelling remains an alias.
normalize-global-curation-naval-honors	active	creation	exact	naval-honors	naval-honours	Naval Honours	["Naval Honors"]	User-directed global topic curation; reviewed corpus references identify one canonical topic
normalize-global-curation-naval-industrial-mobilization	active	creation	exact	naval-industrial-mobilization	naval-industrial-mobilisation	Naval Industrial Mobilisation	["Naval Industrial Mobilization"]	Generic English topic uses the channel's canonical UK spelling; the US spelling remains an alias.
normalize-global-curation-naval-industrialization	active	creation	exact	naval-industrialization	naval-industrialisation	Naval Industrialisation	["Naval Industrialization"]	Generic English topic uses the channel's canonical UK spelling; the US spelling remains an alias.
review-global-curation-naval-laws	review	creation	exact	naval-laws	naval-laws	German Naval Laws	[]	Current corpus references identify one entity, but the undated or shortened label is not universally unique
normalize-global-curation-naval-layered-defense	active	creation	exact	naval-layered-defense	naval-layered-defence	Naval Layered Defence	["Naval Layered Defense"]	Generic English topic uses the channel's canonical UK spelling; the US spelling remains an alias.
normalize-global-curation-naval-manoeuvres	active	creation	exact	naval-manoeuvres	naval-manoeuvre	Naval Manoeuvre	["Naval Maneuver","Naval Manoeuvres","Naval Maneuvers"]	User-directed global topic curation; reviewed corpus references identify one canonical topic
normalize-global-curation-naval-organization	active	creation	exact	naval-organization	fleet-organisation	Fleet Organisation	["Fleet Organization","naval organization"]	Fleet Organization already carries Naval Organization as an alias and is already moving to fleet-organisation.
normalize-global-curation-naval-patrol	active	creation	exact	naval-patrol	naval-patrols	Naval Patrols	["Naval Patrol"]	User-directed global topic curation; reviewed corpus references identify one canonical topic
normalize-global-curation-naval-race	active	creation	exact	naval-race	naval-races	Naval Races	["Naval Race"]	User-directed global topic curation; reviewed corpus references identify one canonical topic
normalize-global-curation-naval-reinforcements	active	creation	exact	naval-reinforcements	naval-reinforcement	Naval Reinforcement	["Naval Reinforcements"]	User-directed global topic curation; reviewed corpus references identify one canonical topic
normalize-global-curation-naval-special-landing-forces	active	creation	exact	naval-special-landing-forces	special-naval-landing-forces	Special Naval Landing Forces	["Naval Special Landing Forces","Snlf"]	User-directed global topic curation; reviewed corpus references identify one canonical topic
normalize-global-curation-naval-staff-history	active	creation	exact	naval-staff-history	naval-staff-histories	Naval Staff Histories	["Naval Staff History"]	User-directed global topic curation; reviewed corpus references identify one canonical topic
normalize-global-curation-naval-staffs	active	creation	exact	naval-staffs	naval-staff	Naval Staff	["Naval Staffs"]	User-directed global topic curation; reviewed corpus references identify one canonical topic
normalize-global-curation-naval-standardization	active	creation	exact	naval-standardization	naval-standardisation	Naval Standardisation	["Fleet Standardisation","Fleet Standardization","Naval Standardization","Ship Standardization","Warship Standardisation","Warship Standardization"]	User-directed global topic curation; reviewed corpus references identify one canonical topic
normalize-global-curation-naval-unit-organization	active	creation	exact	naval-unit-organization	naval-unit-organisation	Naval Unit Organisation	["squadron","flotilla","Naval Unit Organization"]	Generic English topic uses the channel's canonical UK spelling; the US spelling remains an alias.
normalize-global-curation-navy-royal	active	creation	exact	navy-royal	royal-navy	Royal Navy	["RN","British Navy","Navy Royal"]	User-directed global topic curation; reviewed corpus references identify one canonical topic
normalize-global-curation-ncos	active	creation	exact	ncos	non-commissioned-officers	Non-Commissioned Officers	["Noncommissioned Officers","Ncos"]	User-directed global topic curation; reviewed corpus references identify one canonical topic
normalize-global-curation-negotiations	active	creation	exact	negotiations	negotiation	Negotiation	["Negotiations"]	User-directed global topic curation; reviewed corpus references identify one canonical topic
normalize-global-curation-nelson-class	active	creation	exact	nelson-class	nelson-class-battleships	Nelson Class Battleships	["Nelson Class"]	All bare references identify the Royal Navy battleship class.
review-global-curation-neptune-class	review	creation	exact	neptune-class	neptune-class	Neptune Class Cruisers	[]	Most bare references are the unbuilt postwar cruiser design; two are the 1909 battleship class.
normalize-global-curation-netherlands-navy	active	creation	exact	netherlands-navy	royal-netherlands-navy	Royal Netherlands Navy	["Netherlands Navy"]	User-directed global topic curation; reviewed corpus references identify one canonical topic
normalize-global-curation-neutrality-patrols	active	creation	exact	neutrality-patrols	neutrality-patrol	Neutrality Patrol	["Neutrality Patrols"]	User-directed global topic curation; reviewed corpus references identify one canonical topic
normalize-global-curation-new-orleans-class	active	creation	exact	new-orleans-class	new-orleans-class-cruisers	New Orleans Class Cruisers	["New Orleans Class"]	All bare references identify the United States cruiser class.
normalize-global-curation-new-york-class	active	creation	exact	new-york-class	new-york-class-battleships	New York Class Battleships	["New York Class"]	Both bare references identify the United States battleship class.
normalize-global-curation-night-action	active	creation	exact	night-action	night-actions	Night Actions	["Night Action"]	User-directed global topic curation; reviewed corpus references identify one canonical topic
normalize-global-curation-night-attacks	active	creation	exact	night-attacks	night-attack	Night Attack	["Night Attacks"]	User-directed global topic curation; reviewed corpus references identify one canonical topic
normalize-global-curation-nimitz-class	active	creation	exact	nimitz-class	nimitz-class-aircraft-carriers	Nimitz Class Aircraft Carriers	["Nimitz Class","Nimitz Class Aircraft Carrier"]	All bare references identify the carrier class; the existing singular typed slug should be normalized to the plural class topic.
normalize-global-curation-nimitz-class-aircraft-carrier	active	creation	exact	nimitz-class-aircraft-carrier	nimitz-class-aircraft-carriers	Nimitz Class Aircraft Carriers	["Nimitz Class","Nimitz Class Aircraft Carrier"]	All bare references identify the carrier class; the existing singular typed slug should be normalized to the plural class topic.
review-global-curation-nimrod	review	creation	exact	nimrod	nimrod	Hawker Siddeley Nimrod	[]	All current bare uses identify the patrol aircraft, but Hawker Nimrod is a distinct fighter topic.
normalize-global-curation-nimrod-aircraft	active	creation	exact	nimrod-aircraft	hawker-siddeley-nimrod	Hawker Siddeley Nimrod	["Nimrod Aircraft"]	Typed name identifies the Hawker Siddeley patrol aircraft, not the Hawker fighter.
normalize-global-curation-north-american-colonization	active	creation	exact	north-american-colonization	north-american-colonisation	North American Colonisation	["North American Colonization"]	Generic English topic uses the channel's canonical UK spelling; the US spelling remains an alias.
normalize-global-curation-norwegian-coastal-defense	active	creation	exact	norwegian-coastal-defense	norwegian-coastal-defence	Norwegian Coastal Defence	["Norwegian Coastal Defense"]	Generic English topic uses the channel's canonical UK spelling; the US spelling remains an alias.
normalize-global-curation-norwegian-navy	active	creation	exact	norwegian-navy	royal-norwegian-navy	Royal Norwegian Navy	["Norwegian Navy","Norway navy","Norwegian naval history","Sjomilitaret"]	User-directed global topic curation; reviewed corpus references identify one canonical topic
normalize-global-curation-number-13-class	active	creation	exact	number-13-class	number-13-class-battleships	Number 13 Class Battleships	["Number 13 Class"]	All bare references identify the Japanese battleship design.
review-global-curation-o-class	review	creation	exact	o-class	o-class	O Class Battlecruisers	[]	The sole bare reference is explicitly the Plan Z battlecruiser proposal; the reused one-letter name requires review-only normalization.
normalize-global-curation-oahu-defense	active	creation	exact	oahu-defense	oahu-defence	Oahu Defence	["Oahu Defense"]	Generic English topic uses the channel's canonical UK spelling; the US spelling remains an alias.
normalize-global-curation-oberon-class	active	creation	exact	oberon-class	oberon-class-submarines	Oberon Class Submarines	["Oberon Class Submarine","Oberon Class"]	All 5 bare references are to Royal Navy or Commonwealth Oberon-class submarines.
review-global-curation-odin-class	review	creation	exact	odin-class	odin-class	Oden Class Coastal Defence Ships	[]	The bare slug currently conflates the Swedish Oden class, German Odin class, and British Odin-class submarines.
normalize-global-curation-offshore-patrol-cutter	active	creation	exact	offshore-patrol-cutter	offshore-patrol-cutters	Offshore Patrol Cutters	["Offshore Patrol Cutter"]	User-directed global topic curation; reviewed corpus references identify one canonical topic
normalize-global-curation-ohio-class	active	creation	exact	ohio-class	ohio-class-submarines	Ohio Class Submarines	["Ohio Class"]	All 8 bare references concern Ohio-class SSBN or SSGN submarines.
normalize-global-curation-oil-fuel	active	creation	exact	oil-fuel	fuel-oil	Fuel Oil	["Oil Fuel"]	User-directed global topic curation; reviewed corpus references identify one canonical topic
normalize-global-curation-oil-supplies	active	creation	exact	oil-supplies	oil-supply	Oil Supply	["Oil Supplies"]	User-directed global topic curation; reviewed corpus references identify one canonical topic
review-global-curation-okinawa	review	creation	exact	okinawa	okinawa	Battle Of Okinawa	[]	Okinawa can identify the island, prefecture, campaign, or battle; the geographic reference is split before current battle references are consolidated
normalize-global-curation-okinawa-campaign	active	creation	exact	okinawa-campaign	battle-of-okinawa	Battle Of Okinawa	["Okinawa","Operation Iceberg","Okinawa campaign","Okinawa Shima"]	User-directed global topic curation; reviewed corpus references identify one canonical topic
normalize-global-curation-operation-aerial	active	creation	exact	operation-aerial	operation-ariel	Operation Ariel	["Operation Aerial","evacuation from France after Dunkirk","Atlantic ports evacuation","France 1940 evacuation"]	User-directed global topic curation; reviewed corpus references identify one canonical topic
normalize-global-curation-operation-iceberg	active	creation	exact	operation-iceberg	battle-of-okinawa	Battle Of Okinawa	["Okinawa","Operation Iceberg","Okinawa campaign","Okinawa Shima"]	User-directed global topic curation; reviewed corpus references identify one canonical topic
normalize-global-curation-operational-maneuver	active	creation	exact	operational-maneuver	operational-manoeuvre	Operational Manoeuvre	["Operational Maneuver"]	User-directed global topic curation; reviewed corpus references identify one canonical topic
normalize-global-curation-opportunity-costs	active	creation	exact	opportunity-costs	opportunity-cost	Opportunity Cost	["Opportunity Costs"]	User-directed global topic curation; reviewed corpus references identify one canonical topic
normalize-global-curation-optical-landing-systems	active	creation	exact	optical-landing-systems	optical-landing-system	Optical Landing System	["Optical Landing Systems"]	User-directed global topic curation; reviewed corpus references identify one canonical topic
normalize-global-curation-orbital-defense	active	creation	exact	orbital-defense	orbital-defence	Orbital Defence	["Orbital Defense"]	Generic English topic uses the channel's canonical UK spelling; the US spelling remains an alias.
normalize-global-curation-organization	active	creation	exact	organization	organisation	Organisation	["Organization"]	Generic English topic uses the channel's canonical UK spelling; the US spelling remains an alias.
normalize-global-curation-orion-class	active	creation	exact	orion-class	orion-class-battleships	Orion Class Battleships	["Orion Class"]	All 44 bare references concern the Royal Navy Orion-class dreadnought battleships.
normalize-global-curation-osborne-royal-naval-college	active	creation	exact	osborne-royal-naval-college	royal-naval-college-osborne	Royal Naval College Osborne	["Osborne Royal Naval College"]	User-directed global topic curation; reviewed corpus references identify one canonical topic
normalize-global-curation-ottoman-military-reforms	active	creation	exact	ottoman-military-reforms	ottoman-military-reform	Ottoman Military Reform	["Ottoman Military Reforms"]	User-directed global topic curation; reviewed corpus references identify one canonical topic
normalize-global-curation-overseas-deployments	active	creation	exact	overseas-deployments	overseas-deployment	Overseas Deployment	["Overseas Deployments"]	User-directed global topic curation; reviewed corpus references identify one canonical topic
normalize-global-curation-p-3-orion	active	creation	exact	p-3-orion	lockheed-p-3-orion	Lockheed P-3 Orion	["P-3 Orion"]	Designator/name form duplicates the manufacturer-qualified topic.
normalize-global-curation-p-36-hawk	active	creation	exact	p-36-hawk	curtiss-p-36-hawk	Curtiss P-36 Hawk	["P-36 Hawk"]	Designator/name form duplicates the manufacturer-qualified topic.
normalize-global-curation-p-40	active	creation	exact	p-40	p-40-warhawk	P-40 Warhawk	["P-40"]	Bare designator duplicates the designator/nickname topic.
normalize-global-curation-pacific-theater	active	creation	exact	pacific-theater	pacific-theatre	Pacific Theatre	["Pacific Theater"]	User-directed global topic curation; reviewed corpus references identify one canonical topic
normalize-global-curation-parthian-class	active	creation	exact	parthian-class	parthian-class-submarines	Parthian Class Submarines	["Parthian Class"]	Both bare references concern Royal Navy Parthian-class submarines.
normalize-global-curation-peacetime-navy	active	creation	exact	peacetime-navy	peacetime-navies	Peacetime Navies	["Peacetime Navy"]	User-directed global topic curation; reviewed corpus references identify one canonical topic
normalize-global-curation-pearl-class	active	creation	exact	pearl-class	pearl-class-cruisers	Pearl Class Cruisers	["Pearl Class"]	All 7 bare references concern the Royal Navy Pearl-class protected cruisers.
normalize-global-curation-pearl-harbor-investigations	active	creation	exact	pearl-harbor-investigations	pearl-harbor-investigation	Pearl Harbor Investigation	["Pearl Harbor Investigations"]	User-directed global topic curation; reviewed corpus references identify one canonical topic
review-global-curation-pennsylvania-class	review	creation	exact	pennsylvania-class	pennsylvania-class	Pennsylvania Class Battleships	[]	Nine references concern the battleships; one concerns the earlier armoured-cruiser class.
normalize-global-curation-people-liberation-army-navy	active	creation	exact	people-liberation-army-navy	people-s-liberation-army-navy	People’s Liberation Army Navy	["Peoples Liberation Army Navy","People Liberation Army Navy"]	User-directed global topic curation; reviewed corpus references identify one canonical topic
review-global-curation-percival	review	creation	exact	percival	percival	Arthur Percival	[]	Current corpus references identify one entity, but the undated or shortened label is not universally unique
normalize-global-curation-percy-nelles	active	creation	exact	percy-nelles	percy-walker-nelles	Percy Walker Nelles	["Percy Nelles"]	User-directed global topic curation; reviewed corpus references identify one canonical topic
normalize-global-curation-peregrine-fighters	active	creation	exact	peregrine-fighters	fiction-star-trek-peregrine-fighters	Peregrine Fighters (Star Trek)	["Peregrine Fighters"]	User-directed global topic curation; reviewed corpus references identify one canonical topic
normalize-global-curation-perla-class	active	creation	exact	perla-class	perla-class-submarines	Perla Class Submarines	["Perla Class"]	The sole bare reference concerns an Italian Perla-class submarine transferred to Greece.
normalize-global-curation-personnel-mobilization	active	creation	exact	personnel-mobilization	personnel-mobilisation	Personnel Mobilisation	["Personnel Mobilization"]	Generic English topic uses the channel's canonical UK spelling; the US spelling remains an alias.
review-global-curation-phantom	review	creation	exact	phantom	phantom	F-4 Phantom II	[]	Phantom may identify the McDonnell FH-1 Phantom or the later F-4 Phantom II; reviewed British carrier and RAF references identify the F-4
review-global-curation-phantom-fighters	review	creation	exact	phantom-fighters	phantom-fighters	F-4 Phantom II	[]	Phantom fighter is not a unique aircraft name because both the FH-1 Phantom and F-4 Phantom II existed; reviewed British references identify the F-4
normalize-global-curation-phantom-ii	active	creation	exact	phantom-ii	f-4-phantom-ii	F-4 Phantom II	["Phantom II"]	User-directed global topic curation; reviewed corpus references identify one canonical topic
review-global-curation-plan	review	creation	exact	plan	plan	People’s Liberation Army Navy	[]	Current corpus references identify one entity, but the undated or shortened label is not universally unique
normalize-global-curation-pod-propulsion	active	creation	exact	pod-propulsion	podded-propulsion	Podded Propulsion	["Pod Propulsion"]	User-directed global topic curation; reviewed corpus references identify one canonical topic
normalize-global-curation-polaris	active	creation	exact	polaris	polaris-missile	Polaris Missile	["Polaris","Polaris Missiles"]	User-directed global topic curation; reviewed corpus references identify one canonical topic
normalize-global-curation-polaris-missiles	active	creation	exact	polaris-missiles	polaris-missile	Polaris Missile	["Polaris","Polaris Missiles"]	User-directed global topic curation; reviewed corpus references identify one canonical topic
review-global-curation-porpoise-class	review	creation	exact	porpoise-class	porpoise-class	US Porpoise Class Submarines	[]	The sole bare reference is the 1930s US fleet-submarine class. The existing porpoise-class-submarines topic is used for at least two different British classes, so merging the US reference into it would conflate distinct classes.
review-global-curation-porpoise-class-submarines	review	creation	exact	porpoise-class-submarines	porpoise-class-submarines	British Porpoise Class Submarines (1956)	[]	British Porpoise class may identify the 1932 minelaying design also called the Grampus class or the 1956 patrol-submarine class; reviewed occurrences are split by date and role
normalize-global-curation-port-defences	active	creation	exact	port-defences	port-defence	Port Defence	["Port Defense","Port Defences"]	User-directed global topic curation; reviewed corpus references identify one canonical topic
normalize-global-curation-porte-avions-nouvelle-generation	active	creation	exact	porte-avions-nouvelle-generation	pa-ng	PA-NG	["Pang","Porte Avions Nouvelle Generation"]	User-directed global topic curation; reviewed corpus references identify one canonical topic
normalize-global-curation-post-cold-war-defense	active	creation	exact	post-cold-war-defense	post-cold-war-defence	Post Cold War Defence	["Post Cold War Defense"]	Generic English topic uses the channel's canonical UK spelling; the US spelling remains an alias.
normalize-global-curation-postwar-demobilization	active	creation	exact	postwar-demobilization	postwar-demobilisation	Postwar Demobilisation	["Postwar Demobilization"]	Generic English topic uses the channel's canonical UK spelling; the US spelling remains an alias.
normalize-global-curation-postwar-navy	active	creation	exact	postwar-navy	postwar-navies	Postwar Navies	["Postwar Navy"]	User-directed global topic curation; reviewed corpus references identify one canonical topic
normalize-global-curation-postwar-settlements	active	creation	exact	postwar-settlements	postwar-settlement	Postwar Settlement	["Postwar Settlements"]	User-directed global topic curation; reviewed corpus references identify one canonical topic
normalize-global-curation-powered-armor	active	creation	exact	powered-armor	powered-armour	Powered Armour	["Powered Armor"]	Generic English topic uses the channel's canonical UK spelling; the US spelling remains an alias.
normalize-global-curation-powerful-class	active	creation	exact	powerful-class	powerful-class-cruisers	Powerful Class Cruisers	["Powerful Class"]	The sole bare reference concerns the Royal Navy Powerful-class armoured cruisers.
review-global-curation-ppa	review	creation	exact	ppa	ppa	Thaon di Revel Class	[]	PPA is a highly ambiguous acronym; the reviewed naval reference identifies Italy's Thaon di Revel class
normalize-global-curation-preemptive-strikes	active	creation	exact	preemptive-strikes	preemptive-strike	Preemptive Strike	["Preemptive Strikes"]	User-directed global topic curation; reviewed corpus references identify one canonical topic
review-global-curation-prince-heinrich	review	creation	exact	prince-heinrich	prince-heinrich	Prince Henry Of Prussia	[]	Current corpus references identify one entity, but the undated or shortened label is not universally unique
normalize-global-curation-prince-heinrich-of-prussia	active	creation	exact	prince-heinrich-of-prussia	prince-henry-of-prussia	Prince Henry Of Prussia	["Prince Heinrich Of Prussia"]	User-directed global topic curation; reviewed corpus references identify one canonical topic
normalize-global-curation-prince-louis-of-battenberg	active	creation	exact	prince-louis-of-battenberg	louis-of-battenberg	Louis Of Battenberg	["Prince Louis Of Battenberg"]	User-directed global topic curation; reviewed corpus references identify one canonical topic
normalize-global-curation-proactive-defense	active	creation	exact	proactive-defense	proactive-defence	Proactive Defence	["Proactive Defense"]	Generic English topic uses the channel's canonical UK spelling; the US spelling remains an alias.
normalize-global-curation-procurement-programs	active	creation	exact	procurement-programs	procurement-programmes	Procurement Programmes	["Procurement Programs"]	Generic English topic uses the channel's canonical UK spelling; the US spelling remains an alias.
normalize-global-curation-project-1047	active	creation	exact	project-1047	design-1047-battlecruisers	Dutch Design 1047 Battlecruisers	["Design 1047","Project 1047"]	User-directed global topic curation; reviewed corpus references identify one canonical topic
normalize-global-curation-project-1144	active	creation	exact	project-1144	kirov-class-battlecruisers	Kirov Class Battlecruisers	["Project 1144","Project 1144 Orlan","Orlan Class"]	User-directed global topic curation; reviewed corpus references identify one canonical topic
normalize-global-curation-project-21	active	creation	exact	project-21	project-21-battleship	Soviet Project 21 Battleship Design	["Project 21","Battleship B"]	User-directed global topic curation; reviewed corpus references identify one canonical topic
normalize-global-curation-project-23	active	creation	exact	project-23	sovetsky-soyuz-class	Sovetsky Soyuz Class Battleships	["Project 23","Project 23 Battleships"]	User-directed global topic curation; reviewed corpus references identify one canonical topic
normalize-global-curation-project-23-battleships	active	creation	exact	project-23-battleships	sovetsky-soyuz-class	Sovetsky Soyuz Class Battleships	["Project 23","Project 23 Battleships"]	User-directed global topic curation; reviewed corpus references identify one canonical topic
normalize-global-curation-project-23560	active	creation	exact	project-23560	lider-class	Lider Class Destroyers	["Project 23560","Project 23560 Lider","Shkval Class"]	User-directed global topic curation; reviewed corpus references identify one canonical topic
normalize-global-curation-project-23900	active	creation	exact	project-23900	ivan-rogov-class-amphibious-assault-ships	Ivan Rogov Class Amphibious Assault Ships (Project 23900)	["Project 23900","Project 23900 LHD"]	User-directed global topic curation; reviewed corpus references identify one canonical topic
normalize-global-curation-project-24	active	creation	exact	project-24	soviet-project-24-battleship-design	Soviet Project 24 Battleship Design	["Project 24"]	User-directed global topic curation; reviewed corpus references identify one canonical topic
normalize-global-curation-project-26	active	creation	exact	project-26	kirov-class-cruisers	Kirov Class Cruisers	["Project 26","Project 26 Bis","Maxim Gorky Class","Project 26 Bis2"]	User-directed global topic curation; reviewed corpus references identify one canonical topic
normalize-global-curation-project-26-bis	active	creation	exact	project-26-bis	kirov-class-cruisers	Kirov Class Cruisers	["Project 26","Project 26 Bis","Maxim Gorky Class","Project 26 Bis2"]	User-directed global topic curation; reviewed corpus references identify one canonical topic
normalize-global-curation-project-26-bis2	active	creation	exact	project-26-bis2	kirov-class-cruisers	Kirov Class Cruisers	["Project 26","Project 26 Bis","Maxim Gorky Class","Project 26 Bis2"]	User-directed global topic curation; reviewed corpus references identify one canonical topic
normalize-global-curation-project-65	active	creation	exact	project-65	soviet-project-65-light-cruiser-designs	Soviet Project 65 Light Cruiser Designs	["Project 65"]	User-directed global topic curation; reviewed corpus references identify one canonical topic
normalize-global-curation-project-66	active	creation	exact	project-66	soviet-project-66-heavy-cruiser-design	Soviet Project 66 Heavy Cruiser Design	["Project 66"]	User-directed global topic curation; reviewed corpus references identify one canonical topic
review-global-curation-project-68	review	creation	exact	project-68	project-68	Chapayev Class Cruisers	[]	Bare Project 68 may mean the formal Chapayev design or be used imprecisely for the wider Project 68 and 68-bis cruiser sequence
normalize-global-curation-project-68-bis	active	creation	exact	project-68-bis	sverdlov-class-cruisers	Sverdlov Class Cruisers	["Sverdlov Class","Project 68 Bis"]	User-directed global topic curation; reviewed corpus references identify one canonical topic
normalize-global-curation-project-68-cruisers	active	creation	exact	project-68-cruisers	chapayev-class	Chapayev Class Cruisers	["Project 68 Cruisers"]	User-directed global topic curation; reviewed corpus references identify one canonical topic
normalize-global-curation-project-68a	active	creation	exact	project-68a	sverdlov-class-project-68a-modernisation	Sverdlov Class Project 68A Modernisation	["Project 68a"]	User-directed global topic curation; reviewed corpus references identify one canonical topic
normalize-global-curation-project-69	active	creation	exact	project-69	kronshtadt-class	Kronshtadt Class Battlecruisers	["Project 69"]	User-directed global topic curation; reviewed corpus references identify one canonical topic
normalize-global-curation-project-705-alfa	active	creation	exact	project-705-alfa	alfa-class-submarines	Alfa Class Submarines	["Alfa Class","Project 705 Alfa"]	User-directed global topic curation; reviewed corpus references identify one canonical topic
normalize-global-curation-project-70e	active	creation	exact	project-70e	dzerzhinsky-missile-conversion	Dzerzhinsky Missile Conversion	["Project 70e"]	User-directed global topic curation; reviewed corpus references identify one canonical topic
normalize-global-curation-project-71	active	creation	exact	project-71	soviet-project-71-aircraft-carrier-design	Soviet Project 71 Aircraft Carrier Design	["Project 71"]	User-directed global topic curation; reviewed corpus references identify one canonical topic
normalize-global-curation-promotion	active	creation	exact	promotion	promotion-systems	Promotion Systems	["Promotion","Promotion Policy"]	User-directed global topic curation; reviewed corpus references identify one canonical topic
normalize-global-curation-promotion-policy	active	creation	exact	promotion-policy	promotion-systems	Promotion Systems	["Promotion","Promotion Policy"]	User-directed global topic curation; reviewed corpus references identify one canonical topic
normalize-global-curation-propellant	active	creation	exact	propellant	propellants	Propellants	["Propellant"]	User-directed global topic curation; reviewed corpus references identify one canonical topic
review-global-curation-protectorate	review	creation	exact	protectorate	protectorate	English Protectorate	[]	Current corpus references identify one entity, but the undated or shortened label is not universally unique
normalize-global-curation-proxy-war	active	creation	exact	proxy-war	proxy-wars	Proxy Wars	["Proxy War"]	User-directed global topic curation; reviewed corpus references identify one canonical topic
normalize-global-curation-ptsd	active	creation	exact	ptsd	post-traumatic-stress-disorder	Post Traumatic Stress Disorder	["Ptsd"]	User-directed global topic curation; reviewed corpus references identify one canonical topic
normalize-global-curation-puddle-jumpers	active	creation	exact	puddle-jumpers	fiction-stargate-puddle-jumpers	Puddle Jumpers (Stargate Fiction)	["Puddle Jumpers"]	Puddle Jumpers are specific Stargate fictional craft.
normalize-global-curation-pugliese-system	active	creation	exact	pugliese-system	pugliese-torpedo-defence-system	Pugliese Torpedo Defence System	["Pugliese Torpedo Defense System","Pugliese System"]	User-directed global topic curation; reviewed corpus references identify one canonical topic
normalize-global-curation-qf-4-5-inch-gun	active	creation	exact	qf-4-5-inch-gun	4-5-inch-guns	4.5-inch Guns	["4.5-inch Gun","Four Point Five Inch Gun","Four Point Five Inch Guns","QF 4.5-inch Gun","QF 4.5-inch Guns","QF 4.5 inch gun","QF 4 5 inch gun"]	User-directed global topic curation; reviewed corpus references identify one canonical topic
normalize-global-curation-qf-4-7-inch-gun	active	creation	exact	qf-4-7-inch-gun	4-7-inch-guns	4.7-inch Guns	["Four Point Seven Inch Guns","QF 4.7-inch Gun","4.7-inch Gun","QF 4.7-inch Guns","QF 4.7 inch gun","QF 4 7 inch gun"]	User-directed global topic curation; reviewed corpus references identify one canonical topic
normalize-global-curation-qf-5-25-inch-gun	active	creation	exact	qf-5-25-inch-gun	5-25-inch-guns	5.25-inch Guns	["Five Point Two Inch Guns","Five Point Two Five Inch Gun","Five Point Two Five Inch Guns","QF 5.25-inch Gun","5.25-inch Gun","QF 5.25-inch Guns","QF 5.25 inch gun","QF 5 25 inch gun"]	User-directed global topic curation; reviewed corpus references identify one canonical topic
normalize-global-curation-qingdao	active	creation	exact	qingdao	tsingtao	Tsingtao	["Cingtao","Qingdao","Singtao"]	User-directed global topic curation; reviewed corpus references identify one canonical topic
normalize-global-curation-quinquereme	active	creation	exact	quinquereme	quinqueremes	Quinqueremes	["Quinquereme"]	User-directed global topic curation; reviewed corpus references identify one canonical topic
review-global-curation-r-class	review	creation	exact	r-class	r-class	Revenge Class Battleships	[]	All 4 current bare references concern the Revenge or R-class battleships, but R-class is reused for destroyers, liners, and submarines.
normalize-global-curation-r-class-battleships	active	creation	exact	r-class-battleships	revenge-class-battleships	Revenge Class Battleships	["Revenge Class","R-Class Battleships","R class","Royal Sovereign class"]	User-directed global topic curation; reviewed corpus references identify one canonical topic
normalize-global-curation-race-built-galleon	active	creation	exact	race-built-galleon	race-built-galleons	Race Built Galleons	["Race Built Galleon"]	User-directed global topic curation; reviewed corpus references identify one canonical topic
normalize-global-curation-radetzky-class	active	creation	exact	radetzky-class	radetzky-class-battleships	Radetzky Class Battleships	["Radetzky Class"]	All 10 bare references concern the Austro-Hungarian Radetzky-class semi-dreadnought battleships.
normalize-global-curation-radios	active	creation	exact	radios	radio	Radio	["Radios"]	User-directed global topic curation; reviewed corpus references identify one canonical topic
normalize-global-curation-raf	active	creation	exact	raf	royal-air-force	Royal Air Force	["RAF"]	User-directed global topic curation; reviewed corpus references identify one canonical topic
normalize-global-curation-railroads	active	creation	exact	railroads	railways	Railways	["Railroads"]	User-directed global topic curation; reviewed corpus references identify one canonical topic
normalize-global-curation-railway-modernization	active	creation	exact	railway-modernization	railway-modernisation	Railway Modernisation	["Railway Modernization"]	Generic English topic uses the channel's canonical UK spelling; the US spelling remains an alias.
normalize-global-curation-railway-standardization	active	creation	exact	railway-standardization	railway-standardisation	Railway Standardisation	["Railway Standardization"]	User-directed global topic curation; reviewed corpus references identify one canonical topic
normalize-global-curation-rainbow-class	active	creation	exact	rainbow-class	rainbow-class-submarines	Rainbow Class Submarines	["Rainbow Class"]	Both bare references concern Royal Navy Rainbow-class submarines.
normalize-global-curation-ramjet	active	creation	exact	ramjet	ramjets	Ramjets	["Ramjet"]	User-directed global topic curation; reviewed corpus references identify one canonical topic
review-global-curation-ranger-class	review	creation	exact	ranger-class	ranger-class	Ranger Class Carrier (Star Trek)	[]	The bare slug conflates a fictional Star Trek class with the individual US Navy carrier USS Ranger. The existing ranger-class-carrier topic is the Star Trek referent and should also receive the fiction namespace.
normalize-global-curation-ranger-class-carrier	active	creation	exact	ranger-class-carrier	fiction-star-trek-ranger-class-carrier	Ranger Class Carrier (Star Trek)	["Ranger Class Carrier"]	User-directed global topic curation; reviewed corpus references identify one canonical topic
normalize-global-curation-ransoms	active	creation	exact	ransoms	ransom	Ransom	["Ransoms"]	User-directed global topic curation; reviewed corpus references identify one canonical topic
normalize-global-curation-rapid-reaction-force	active	creation	exact	rapid-reaction-force	rapid-reaction-forces	Rapid Reaction Forces	["Rapid Reaction Force"]	User-directed global topic curation; reviewed corpus references identify one canonical topic
normalize-global-curation-razee	active	creation	exact	razee	razees	Razees	["Razee"]	User-directed global topic curation; reviewed corpus references identify one canonical topic
review-global-curation-rear-admiral-colvin	review	creation	exact	rear-admiral-colvin	rear-admiral-colvin	Ragnar Colvin	[]	Both Invergordon references identify Ragnar Colvin; future rank-and-surname uses require evidence.
review-global-curation-rear-admiral-king	review	creation	exact	rear-admiral-king	rear-admiral-king	Edward Leigh Stuart King	[]	The sole Battle of Crete command reference identifies Edward Leigh Stuart King. It must not merge with the existing ernest-j-king topic for US Fleet Admiral Ernest J. King.
normalize-global-curation-rear-admiral-wilfred-tomkinson	active	creation	exact	rear-admiral-wilfred-tomkinson	wilfred-tomkinson	Wilfred Tomkinson	["Rear Admiral Wilfred Tomkinson"]	All current Invergordon references explicitly identify Wilfred Tomkinson.
normalize-global-curation-regencies	active	creation	exact	regencies	regency	Regency	["Regencies"]	User-directed global topic curation; reviewed corpus references identify one canonical topic
normalize-global-curation-regional-power	active	creation	exact	regional-power	regional-powers	Regional Powers	["Regional Power"]	User-directed global topic curation; reviewed corpus references identify one canonical topic
normalize-global-curation-reijiro-wakatsuki	active	creation	exact	reijiro-wakatsuki	wakatsuki-reijiro	Wakatsuki Reijiro	["Reijiro Wakatsuki"]	User-directed global topic curation; reviewed corpus references identify one canonical topic
normalize-global-curation-reinforcement	active	creation	exact	reinforcement	reinforcements	Reinforcements	["Reinforcement"]	User-directed global topic curation; reviewed corpus references identify one canonical topic
normalize-global-curation-renown-class	active	creation	exact	renown-class	renown-class-battlecruisers	Renown Class Battlecruisers	["Renown Class"]	All 121 bare references concern the Royal Navy Renown-class battlecruisers.
normalize-global-curation-repair-and-maintenance	active	creation	exact	repair-and-maintenance	maintenance-and-repair	Maintenance And Repair	["Repair And Maintenance"]	User-directed global topic curation; reviewed corpus references identify one canonical topic
normalize-global-curation-republic-of-venice	active	creation	exact	republic-of-venice	venetian-republic	Venetian Republic	["Republic of Venice","Venetian fleet"]	User-directed global topic curation; reviewed corpus references identify one canonical topic
normalize-global-curation-retreats	active	creation	exact	retreats	retreat	Retreat	["Retreats"]	User-directed global topic curation; reviewed corpus references identify one canonical topic
normalize-global-curation-rfa	active	creation	exact	rfa	royal-fleet-auxiliary	Royal Fleet Auxiliary	["Rfa"]	User-directed global topic curation; reviewed corpus references identify one canonical topic
normalize-global-curation-richard-dartmouth-thomas	active	creation	exact	richard-dartmouth-thomas	richard-darton-thomas	Richard Darton Thomas	["Richard Dartmouth Thomas"]	User-directed global topic curation; reviewed corpus references identify one canonical topic
normalize-global-curation-risk-fleets	active	creation	exact	risk-fleets	risk-fleet	Risk Fleet	["Risk Fleets"]	User-directed global topic curation; reviewed corpus references identify one canonical topic
review-global-curation-river-class	review	creation	exact	river-class	river-class	River Class Offshore Patrol Vessels	[]	Most current bare references concern modern Royal Navy OPVs; four concern older destroyer or frigate classes.
normalize-global-curation-river-class-opvs	active	creation	exact	river-class-opvs	river-class-offshore-patrol-vessels	River Class Offshore Patrol Vessels	["River Class Opvs","River Class OPV","River Class Patrol Vessels","River Class Patrol Vessel"]	User-directed global topic curation; reviewed corpus references identify one canonical topic
normalize-global-curation-river-class-patrol-vessels	active	creation	exact	river-class-patrol-vessels	river-class-offshore-patrol-vessels	River Class Offshore Patrol Vessels	["River Class Opvs","River Class OPV","River Class Patrol Vessels","River Class Patrol Vessel"]	User-directed global topic curation; reviewed corpus references identify one canonical topic
normalize-global-curation-river-crossing	active	creation	exact	river-crossing	river-crossings	River Crossings	["River Crossing"]	User-directed global topic curation; reviewed corpus references identify one canonical topic
normalize-global-curation-ro-43	active	creation	exact	ro-43	imam-ro-43	IMAM Ro.43	["Imam Ro43","Ro 43"]	Bare designator duplicates the manufacturer-qualified topic.
normalize-global-curation-roberts-class	active	creation	exact	roberts-class	roberts-class-monitors	Roberts Class Monitors	["Roberts Class Monitor","Roberts Class"]	All 6 bare references concern the Royal Navy Roberts-class monitors.
normalize-global-curation-rolls-royce-armored-car	active	creation	exact	rolls-royce-armored-car	rolls-royce-armoured-car	Rolls Royce Armoured Car	["Rolls Royce Armored Car","Rolls Royce Armored Cars"]	User-directed global topic curation; reviewed corpus references identify one canonical topic
normalize-global-curation-rolls-royce-armored-cars	active	creation	exact	rolls-royce-armored-cars	rolls-royce-armoured-car	Rolls Royce Armoured Car	["Rolls Royce Armored Car","Rolls Royce Armored Cars"]	User-directed global topic curation; reviewed corpus references identify one canonical topic
normalize-global-curation-roman-conquest	active	creation	exact	roman-conquest	roman-conquests	Roman Conquests	["Roman Conquest"]	User-directed global topic curation; reviewed corpus references identify one canonical topic
normalize-global-curation-royal-navy-traditions	active	creation	exact	royal-navy-traditions	royal-navy-tradition	Royal Navy Tradition	["Royal Navy Traditions"]	User-directed global topic curation; reviewed corpus references identify one canonical topic
review-global-curation-royal-sovereign-class	review	creation	exact	royal-sovereign-class	royal-sovereign-class	Royal Sovereign Class Pre-Dreadnought Battleships	[]	Royal Sovereign class is reused and can also be applied to the Revenge or R class; current references are split by design
normalize-global-curation-royal-yacht	active	creation	exact	royal-yacht	royal-yachts	Royal Yachts	["Royal Yacht"]	User-directed global topic curation; reviewed corpus references identify one canonical topic
normalize-global-curation-rp-3-rockets	active	creation	exact	rp-3-rockets	rp-3-rocket	Rp 3 Rocket	["Rp 3 Rockets"]	User-directed global topic curation; reviewed corpus references identify one canonical topic
normalize-global-curation-rufe	active	creation	exact	rufe	a6m2-n-rufe	A6m2 N Rufe	["Nakajima A6m2 N","Rufe"]	Allied reporting name duplicates the typed A6M2-N Rufe topic.
review-global-curation-russo-swedish-war	review	creation	exact	russo-swedish-war	russo-swedish-war	Russo-Swedish War (1788–1790)	[]	Russo-Swedish War may identify several conflicts; the reviewed singular reference identifies the war of 1788-1790
review-global-curation-russo-turkish-war	review	creation	exact	russo-turkish-war	russo-turkish-war	Russo-Turkish War (1877–1878)	[]	Russo-Turkish War may identify several conflicts; reviewed singular references identify the war of 1877-1878
normalize-global-curation-sail-rigs	active	creation	exact	sail-rigs	sail-rig	Sail Rig	["Sail Rigs"]	User-directed global topic curation; reviewed corpus references identify one canonical topic
normalize-global-curation-sailing-navies	active	creation	exact	sailing-navies	age-of-sail	Age Of Sail	["sailing navy","sail era","Sailing Navies"]	User-directed global topic curation; reviewed corpus references identify one canonical topic
normalize-global-curation-sas	active	creation	exact	sas	special-air-service	Special Air Service	["Sas"]	User-directed global topic curation; reviewed corpus references identify one canonical topic
normalize-global-curation-satsuma-class	active	creation	exact	satsuma-class	satsuma-class-battleships	Satsuma Class Battleships	["Satsuma Class"]	Both bare references concern the Japanese Satsuma-class semi-dreadnought battleships.
normalize-global-curation-saturation-attack	active	creation	exact	saturation-attack	saturation-attacks	Saturation Attacks	["Saturation Attack"]	User-directed global topic curation; reviewed corpus references identify one canonical topic
review-global-curation-scharnhorst-class	review	creation	exact	scharnhorst-class	scharnhorst-class	Scharnhorst Class Battleships	[]	The bare slug conflates the Imperial German armoured cruisers with the Kriegsmarine capital ships.
normalize-global-curation-scharnhorst-class-armored-cruisers	active	creation	exact	scharnhorst-class-armored-cruisers	scharnhorst-class-armoured-cruisers	Scharnhorst Class Armoured Cruisers	["Scharnhorst Class Armored Cruisers","Scharnhorst Class Cruisers"]	User-directed global topic curation; reviewed corpus references identify one canonical topic
normalize-global-curation-scharnhorst-class-cruisers	active	creation	exact	scharnhorst-class-cruisers	scharnhorst-class-armoured-cruisers	Scharnhorst Class Armoured Cruisers	["Scharnhorst Class Armored Cruisers","Scharnhorst Class Cruisers"]	User-directed global topic curation; reviewed corpus references identify one canonical topic
normalize-global-curation-schnellboot	active	creation	exact	schnellboot	schnellboote	Schnellboote	["Schnellboot","Schnellboots"]	User-directed global topic curation; reviewed corpus references identify one canonical topic
normalize-global-curation-schnellboots	active	creation	exact	schnellboots	schnellboote	Schnellboote	["Schnellboot","Schnellboots"]	User-directed global topic curation; reviewed corpus references identify one canonical topic
review-global-curation-scimitar	review	creation	exact	scimitar	scimitar	Supermarine Scimitar	[]	The current use identifies the Supermarine aircraft, but the bare weapon name is not future-safe.
normalize-global-curation-scottish-colonization	active	creation	exact	scottish-colonization	scottish-colonisation	Scottish Colonisation	["Scottish Colonization"]	Generic English topic uses the channel's canonical UK spelling; the US spelling remains an alias.
normalize-global-curation-scouting-forces	active	creation	exact	scouting-forces	scouting-force	Scouting Force	["Scouting Forces"]	User-directed global topic curation; reviewed corpus references identify one canonical topic
normalize-global-curation-screening-forces	active	creation	exact	screening-forces	fleet-screening	Fleet Screening	["screening forces","escort screen"]	User-directed global topic curation; reviewed corpus references identify one canonical topic
normalize-global-curation-sea-control-ships	active	creation	exact	sea-control-ships	sea-control-ship	Sea Control Ship	["Sea Control Ships"]	User-directed global topic curation; reviewed corpus references identify one canonical topic
normalize-global-curation-sea-fury	active	creation	exact	sea-fury	hawker-sea-fury	Hawker Sea Fury	["Sea Fury","Fleet Air Arm Sea Fury"]	User-directed global topic curation; reviewed corpus references identify one canonical topic
normalize-global-curation-sea-hornet	active	creation	exact	sea-hornet	de-havilland-sea-hornet	De Havilland Sea Hornet	["Sea Hornet"]	Aircraft name duplicates the manufacturer-qualified topic.
normalize-global-curation-sea-hurricane	active	creation	exact	sea-hurricane	hawker-sea-hurricane	Hawker Sea Hurricane	["Sea Hurricane"]	Aircraft name duplicates the manufacturer-qualified topic.
normalize-global-curation-sea-king	active	creation	exact	sea-king	sea-king-helicopters	Sea King Helicopters	["Sea King","Sea King Helicopter","Sea Kings","Westland Sea King"]	User-directed global topic curation; reviewed corpus references identify one canonical topic
normalize-global-curation-sea-king-helicopter	active	creation	exact	sea-king-helicopter	sea-king-helicopters	Sea King Helicopters	["Sea King","Sea King Helicopter","Sea Kings","Westland Sea King"]	User-directed global topic curation; reviewed corpus references identify one canonical topic
normalize-global-curation-sea-kings	active	creation	exact	sea-kings	sea-king-helicopters	Sea King Helicopters	["Sea King","Sea King Helicopter","Sea Kings","Westland Sea King"]	User-directed global topic curation; reviewed corpus references identify one canonical topic
normalize-global-curation-sea-lanes-of-communication	active	creation	exact	sea-lanes-of-communication	sea-lines-of-communication	Sea Lines Of Communication	["Sea Lanes Of Communication"]	User-directed global topic curation; reviewed corpus references identify one canonical topic
normalize-global-curation-sea-mines	active	creation	exact	sea-mines	naval-mines	Naval Mines	["sea mines","mine handling","shipboard mines"]	User-directed global topic curation; reviewed corpus references identify one canonical topic
normalize-global-curation-sea-sled	active	creation	exact	sea-sled	sea-sleds	Sea Sleds	["Sea Sled"]	User-directed global topic curation; reviewed corpus references identify one canonical topic
normalize-global-curation-sea-states	active	creation	exact	sea-states	sea-state	Sea State	["Sea States"]	User-directed global topic curation; reviewed corpus references identify one canonical topic
normalize-global-curation-sea-vampire	active	creation	exact	sea-vampire	de-havilland-sea-vampire	De Havilland Sea Vampire	["Sea Vampire"]	Aircraft name duplicates the manufacturer-qualified topic.
normalize-global-curation-sea-venom	active	creation	exact	sea-venom	de-havilland-sea-venom	De Havilland Sea Venom	["Sea Venom"]	Aircraft name duplicates the manufacturer-qualified topic.
normalize-global-curation-sea-vixen	active	creation	exact	sea-vixen	de-havilland-sea-vixen	De Havilland Sea Vixen	["Sea Vixen"]	Aircraft name duplicates the manufacturer-qualified topic.
normalize-global-curation-seafire	active	creation	exact	seafire	supermarine-seafire	Supermarine Seafire	["Seafire"]	Aircraft name duplicates the manufacturer-qualified topic.
review-global-curation-seaford	review	creation	exact	seaford	seaford	Short Seaford	[]	The current use identifies the Short aircraft, but the bare place/name token is not future-safe.
review-global-curation-seahawk	review	creation	exact	seahawk	seahawk	Hawker Sea Hawk	[]	Seahawk may identify the Hawker Sea Hawk or an SH-60-family helicopter; the reviewed reference identifies the Hawker jet
normalize-global-curation-seahawk-helicopter	active	creation	exact	seahawk-helicopter	sh-60-seahawk	SH-60 Seahawk	["Seahawk Helicopter","Seahawk Helicopters"]	Builder override: resolve the singular typed helicopter topic directly to SH-60 Seahawk.
normalize-global-curation-seahawk-helicopters	active	creation	exact	seahawk-helicopters	sh-60-seahawk	SH-60 Seahawk	["Seahawk Helicopter","Seahawk Helicopters"]	Typed plural still duplicates the precise SH-60 family topic.
normalize-global-curation-seawolf-class	active	creation	exact	seawolf-class	seawolf-class-submarines	Seawolf Class Submarines	["Seawolf Class"]	All 13 bare references concern US Navy Seawolf-class attack submarines.
normalize-global-curation-seiran-aircraft	active	creation	exact	seiran-aircraft	aichi-m6a-seiran	Aichi M6a Seiran	["Seiran Aircraft"]	Typed name duplicates the manufacturer/designator/name topic.
normalize-global-curation-self-defense	active	creation	exact	self-defense	self-defence	Self Defence	["Self Defense"]	User-directed global topic curation; reviewed corpus references identify one canonical topic
normalize-global-curation-sendai-class	active	creation	exact	sendai-class	sendai-class-cruisers	Sendai Class Cruisers	["Sendai Class"]	All 3 bare references concern Imperial Japanese Navy Sendai-class light cruisers.
normalize-global-curation-ship-defense	active	creation	exact	ship-defense	ship-defence	Ship Defence	["Ship Defense"]	Generic English topic uses the channel's canonical UK spelling; the US spelling remains an alias.
normalize-global-curation-ship-life-cycle	active	creation	exact	ship-life-cycle	ship-life-cycles	Ship Life Cycles	["Ship Lifecycles","Ship Life Cycle"]	User-directed global topic curation; reviewed corpus references identify one canonical topic
normalize-global-curation-ship-maneuver	active	creation	exact	ship-maneuver	ship-manoeuvre	Ship Manoeuvre	["Ship Maneuver"]	Generic English topic uses the channel's canonical UK spelling; the US spelling remains an alias.
normalize-global-curation-ship-maneuverability	active	creation	exact	ship-maneuverability	ship-manoeuvrability	Ship Manoeuvrability	["Ship Maneuverability"]	User-directed global topic curation; reviewed corpus references identify one canonical topic
normalize-global-curation-ship-modifications	active	creation	exact	ship-modifications	ship-modification	Ship Modification	["Ship Modifications"]	User-directed global topic curation; reviewed corpus references identify one canonical topic
normalize-global-curation-ship-organization	active	creation	exact	ship-organization	ship-organisation	Ship Organisation	["Ship Organization"]	Generic English topic uses the channel's canonical UK spelling; the US spelling remains an alias.
normalize-global-curation-ship-retirements	active	creation	exact	ship-retirements	ship-retirement	Ship Retirement	["Ship Retirements"]	User-directed global topic curation; reviewed corpus references identify one canonical topic
normalize-global-curation-ship-standardization	active	creation	exact	ship-standardization	naval-standardisation	Naval Standardisation	["Fleet Standardisation","Fleet Standardization","Naval Standardization","Ship Standardization","Warship Standardisation","Warship Standardization"]	User-directed global topic curation; reviewed corpus references identify one canonical topic
normalize-global-curation-ship-structures	active	creation	exact	ship-structures	ship-structure	Ship Structure	["Ship Structures"]	User-directed global topic curation; reviewed corpus references identify one canonical topic
normalize-global-curation-ship-surveys	active	creation	exact	ship-surveys	ship-survey	Ship Survey	["Ship Surveys"]	User-directed global topic curation; reviewed corpus references identify one canonical topic
normalize-global-curation-shipboard-air-defense	active	creation	exact	shipboard-air-defense	shipboard-air-defence	Shipboard Air Defence	["Shipboard Air Defense"]	Generic English topic uses the channel's canonical UK spelling; the US spelling remains an alias.
normalize-global-curation-shipboard-fires	active	creation	exact	shipboard-fires	shipboard-fire	Shipboard Fire	["Shipboard Fires"]	User-directed global topic curation; reviewed corpus references identify one canonical topic
normalize-global-curation-shipboard-organization	active	creation	exact	shipboard-organization	shipboard-organisation	Shipboard Organisation	["Shipboard Organization"]	Generic English topic uses the channel's canonical UK spelling; the US spelling remains an alias.
normalize-global-curation-shipbuilding-programs	active	creation	exact	shipbuilding-programs	shipbuilding-programmes	Shipbuilding Programmes	["Shipbuilding Programs"]	Generic English topic uses the channel's canonical UK spelling; the US spelling remains an alias.
normalize-global-curation-shipyard-modernization	active	creation	exact	shipyard-modernization	shipyard-modernisation	Shipyard Modernisation	["Shipyard Modernization"]	Generic English topic uses the channel's canonical UK spelling; the US spelling remains an alias.
normalize-global-curation-shokaku-class	active	creation	exact	shokaku-class	shokaku-class-aircraft-carriers	Shokaku Class Aircraft Carriers	["Shokaku Class"]	All 12 bare references concern the Imperial Japanese Navy Shokaku-class aircraft carriers.
normalize-global-curation-shoreham-class	active	creation	exact	shoreham-class	shoreham-class-sloops	Shoreham Class Sloops	["Shoreham Class"]	All 4 bare references concern Royal Navy Shoreham-class sloops.
normalize-global-curation-sidewinder	active	creation	exact	sidewinder	aim-9-sidewinder	Aim 9 Sidewinder	["Sidewinder","Sidewinder Missile","Sidewinder Missiles"]	User-directed global topic curation; reviewed corpus references identify one canonical topic
normalize-global-curation-sidewinder-missile	active	creation	exact	sidewinder-missile	aim-9-sidewinder	Aim 9 Sidewinder	["Sidewinder","Sidewinder Missile","Sidewinder Missiles"]	User-directed global topic curation; reviewed corpus references identify one canonical topic
normalize-global-curation-sidewinder-missiles	active	creation	exact	sidewinder-missiles	aim-9-sidewinder	Aim 9 Sidewinder	["Sidewinder","Sidewinder Missile","Sidewinder Missiles"]	User-directed global topic curation; reviewed corpus references identify one canonical topic
normalize-global-curation-sidney-smith	active	creation	exact	sidney-smith	william-sidney-smith	William Sidney Smith	["Sidney Smith"]	User-directed global topic curation; reviewed corpus references identify one canonical topic
normalize-global-curation-siege-of-gibraltar	active	creation	exact	siege-of-gibraltar	great-siege-of-gibraltar	Great Siege Of Gibraltar	["Gibraltar 1779-1783","Siege of Gibraltar","Gibraltar siege"]	User-directed global topic curation; reviewed corpus references identify one canonical topic
normalize-global-curation-singtao	active	creation	exact	singtao	tsingtao	Tsingtao	["Cingtao","Qingdao","Singtao"]	User-directed global topic curation; reviewed corpus references identify one canonical topic
normalize-global-curation-sir-john-borlase-warren	active	creation	exact	sir-john-borlase-warren	john-borlase-warren	John Borlase Warren	["Sir John Borlase Warren"]	The Pulo Aura reversal context explicitly identifies Sir John Borlase Warren.
normalize-global-curation-sir-john-french	active	creation	exact	sir-john-french	john-french	John French	["Sir John French"]	The Dover Patrol deception context explicitly identifies British commander John French.
normalize-global-curation-sir-john-moore	review	creation	exact	sir-john-moore	john-moore	John Moore	["Sir John Moore"]	The monitor-namesake context explicitly identifies Peninsular War general John Moore.; safety audit: Can identify John Moore or the namesake HMS Sir John Moore.
normalize-global-curation-ski-jump	active	creation	exact	ski-jump	ski-jumps	Ski Jumps	["Ski Jump"]	User-directed global topic curation; reviewed corpus references identify one canonical topic
normalize-global-curation-skua-aircraft	active	creation	exact	skua-aircraft	blackburn-skua	Blackburn Skua	["Skua Aircraft"]	Typed name duplicates the manufacturer-qualified topic.
review-global-curation-skyhawk	review	creation	exact	skyhawk	skyhawk	A-4 Skyhawk	[]	The current use identifies the A-4, but the bare nickname should remain review-gated.
review-global-curation-skyraider	review	creation	exact	skyraider	skyraider	A-1 Skyraider	[]	All current uses identify the A-1 family, but the bare nickname should remain review-gated.
normalize-global-curation-slava-class	active	creation	exact	slava-class	slava-class-cruisers	Slava Class Cruisers	["Slava Class","Slava-class cruisers","Varyag","Ukraina","Project 1164"]	All 43 bare references concern the Soviet or Russian Slava-class missile cruisers.
normalize-global-curation-small-boat-defense	active	creation	exact	small-boat-defense	small-boat-defence	Small Boat Defence	["Small Boat Defense"]	Generic English topic uses the channel's canonical UK spelling; the US spelling remains an alias.
normalize-global-curation-snlf	active	creation	exact	snlf	special-naval-landing-forces	Special Naval Landing Forces	["Naval Special Landing Forces","Snlf"]	User-directed global topic curation; reviewed corpus references identify one canonical topic
normalize-global-curation-snorkel	active	creation	exact	snorkel	snorkels	Snorkels	["Snorkel"]	User-directed global topic curation; reviewed corpus references identify one canonical topic
normalize-global-curation-sopwith	active	creation	exact	sopwith	sopwith-aviation-company	Sopwith Aviation Company	["Sopwith","Sopwith Aviation"]	Short company name duplicates the full corporate topic.
normalize-global-curation-sopwith-aviation	active	creation	exact	sopwith-aviation	sopwith-aviation-company	Sopwith Aviation Company	["Sopwith","Sopwith Aviation"]	Short corporate form duplicates the full company topic.
normalize-global-curation-south-carolina-class	active	creation	exact	south-carolina-class	south-carolina-class-battleships	South Carolina Class Battleships	["South Carolina Class"]	All 12 bare references concern the US Navy South Carolina-class dreadnought battleships.
review-global-curation-south-dakota-class	review	creation	exact	south-dakota-class	south-dakota-class	South Dakota Class Battleships	[]	The bare slug conflates the cancelled 1920 class with the 1939 class.
normalize-global-curation-south-dakota-class-1920	active	creation	exact	south-dakota-class-1920	south-dakota-class-battleships-1920	South Dakota Class Battleships 1920	["South Dakota Class 1920"]	User-directed global topic curation; reviewed corpus references identify one canonical topic
normalize-global-curation-south-korean-navy	active	creation	exact	south-korean-navy	republic-of-korea-navy	Republic of Korea Navy	["ROKN","South Korean Navy"]	User-directed global topic curation; reviewed corpus references identify one canonical topic
normalize-global-curation-southampton-class	active	creation	exact	southampton-class	southampton-class-cruisers	Southampton Class Cruisers	["Southampton Class"]	The sole bare reference and the typed reference concern the 1936 Southampton subclass of Town-class cruisers.
normalize-global-curation-southwest-pacific-theater	active	creation	exact	southwest-pacific-theater	southwest-pacific-theatre	Southwest Pacific Theatre	["Southwest Pacific Theater"]	Generic English topic uses the channel's canonical UK spelling; the US spelling remains an alias.
normalize-global-curation-soviet-german-relations	active	creation	exact	soviet-german-relations	german-soviet-relations	German Soviet Relations	["Soviet German Relations"]	User-directed global topic curation; reviewed corpus references identify one canonical topic
normalize-global-curation-soviet-industrialization	active	creation	exact	soviet-industrialization	soviet-industrialisation	Soviet Industrialisation	["Soviet Industrialization"]	Generic English topic uses the channel's canonical UK spelling; the US spelling remains an alias.
normalize-global-curation-space-industrialization	active	creation	exact	space-industrialization	space-industrialisation	Space Industrialisation	["Space Industrialization"]	Generic English topic uses the channel's canonical UK spelling; the US spelling remains an alias.
normalize-global-curation-spanish-treasure-fleet	active	creation	exact	spanish-treasure-fleet	spanish-treasure-fleets	Spanish Treasure Fleets	["Spanish Treasure Fleet"]	User-directed global topic curation; reviewed corpus references identify one canonical topic
normalize-global-curation-speaker-class	active	creation	exact	speaker-class	speaker-class-frigates	Speaker Class Frigates	["Speaker Class"]	Both bare references concern the seventeenth-century Speaker-class frigate-built warships.
review-global-curation-spearfish	review	creation	exact	spearfish	spearfish	Fairey Spearfish	[]	Current bare uses identify the Fairey aircraft, but Spearfish also names submarines and a torpedo.
review-global-curation-spitfire	review	creation	exact	spitfire	spitfire	Supermarine Spitfire	[]	All current uses identify the Supermarine aircraft, but the bare name should remain review-gated.
normalize-global-curation-spitfire-aircraft	active	creation	exact	spitfire-aircraft	supermarine-spitfire	Supermarine Spitfire	["Spitfire Aircraft"]	Typed name duplicates the manufacturer-qualified topic.
normalize-global-curation-spruance-class	active	creation	exact	spruance-class	spruance-class-destroyers	Spruance Class Destroyers	["Spruance Class"]	All 14 bare references concern US Navy Spruance-class destroyers.
normalize-global-curation-squadron-organization	active	creation	exact	squadron-organization	squadron-organisation	Squadron Organisation	["Squadron Organization"]	Generic English topic uses the channel's canonical UK spelling; the US spelling remains an alias.
normalize-global-curation-sra-1	active	creation	exact	sra-1	saunders-roe-sr-a-1	Saunders-Roe SR.A/1	["Saunders Roe Sr A1","Saunders Roe Sra1","Sra 1"]	Compressed designator duplicates the manufacturer-qualified SR.A/1 topic.
normalize-global-curation-ssbns	active	creation	exact	ssbns	ssbn	SSBN	["Ssbns"]	User-directed global topic curation; reviewed corpus references identify one canonical topic
normalize-global-curation-ssgns	active	creation	exact	ssgns	ssgn	Ssgn	["Ssgns"]	User-directed global topic curation; reviewed corpus references identify one canonical topic
normalize-global-curation-st-petersburg	active	creation	exact	st-petersburg	saint-petersburg	Saint Petersburg	["Leningrad","Petrograd","St Petersburg","St. Petersburg"]	User-directed global topic curation; reviewed corpus references identify one canonical topic
normalize-global-curation-staff-colleges	active	creation	exact	staff-colleges	staff-college	Staff College	["Staff Colleges"]	User-directed global topic curation; reviewed corpus references identify one canonical topic
normalize-global-curation-staff-organization	active	creation	exact	staff-organization	staff-organisation	Staff Organisation	["Staff Organization"]	Generic English topic uses the channel's canonical UK spelling; the US spelling remains an alias.
normalize-global-curation-standard-missiles	active	creation	exact	standard-missiles	standard-missile	Standard Missile	["Standard Missiles"]	User-directed global topic curation; reviewed corpus references identify one canonical topic
normalize-global-curation-star-shells	active	creation	exact	star-shells	star-shell	Star Shell	["Starshell","Star Shells"]	User-directed global topic curation; reviewed corpus references identify one canonical topic
normalize-global-curation-starfighters	active	creation	exact	starfighters	space-fighters	Space Fighters	["Starfighters"]	All current uses are generic fictional space fighters, not the real F-104 Starfighter.
normalize-global-curation-steam-and-sail-warships	active	creation	exact	steam-and-sail-warships	sail-and-steam-warships	Sail And Steam Warships	["Steam And Sail Warships"]	User-directed global topic curation; reviewed corpus references identify one canonical topic
normalize-global-curation-steam-navies	active	creation	exact	steam-navies	steam-navy	Steam Navy	["Steam Navies"]	User-directed global topic curation; reviewed corpus references identify one canonical topic
normalize-global-curation-strategic-communication	active	creation	exact	strategic-communication	strategic-communications	Strategic Communications	["Strategic Communication"]	User-directed global topic curation; reviewed corpus references identify one canonical topic
normalize-global-curation-strategic-defence-reviews	active	creation	exact	strategic-defence-reviews	strategic-defence-review	Strategic Defence Review	["Strategic Defence Reviews"]	User-directed global topic curation; reviewed corpus references identify one canonical topic
normalize-global-curation-strategy-theory	active	creation	exact	strategy-theory	strategic-theory	Strategic Theory	["strategy theory"]	User-directed global topic curation; reviewed corpus references identify one canonical topic
normalize-global-curation-strike-cruisers	active	creation	exact	strike-cruisers	strike-cruiser	Strike Cruiser	["Strike Cruisers"]	User-directed global topic curation; reviewed corpus references identify one canonical topic
review-global-curation-stuka	review	creation	exact	stuka	stuka	Junkers Ju 87	[]	Every current occurrence means the Ju 87, but Stuka can be a generic German abbreviation for dive bomber.
normalize-global-curation-submarine-air-defense	active	creation	exact	submarine-air-defense	submarine-air-defence	Submarine Air Defence	["Submarine Air Defense"]	Generic English topic uses the channel's canonical UK spelling; the US spelling remains an alias.
normalize-global-curation-submarine-cruisers	active	creation	exact	submarine-cruisers	cruiser-submarines	Cruiser Submarines	["submarine cruisers","gun submarines"]	User-directed global topic curation; reviewed corpus references identify one canonical topic
normalize-global-curation-submarine-forces	active	creation	exact	submarine-forces	submarine-force	Submarine Force	["Submarine Forces"]	User-directed global topic curation; reviewed corpus references identify one canonical topic
normalize-global-curation-submarine-modernization	active	creation	exact	submarine-modernization	submarine-modernisation	Submarine Modernisation	["Submarine Modernization"]	Generic English topic uses the channel's canonical UK spelling; the US spelling remains an alias.
review-global-curation-sunderland	review	creation	exact	sunderland	sunderland	Short Sunderland	[]	All current uses identify the Short flying boat, but Sunderland is also a place and ship-name token.
normalize-global-curation-sunderland-flying-boat	active	creation	exact	sunderland-flying-boat	short-sunderland	Short Sunderland	["Sunderland Flying Boat"]	Typed name duplicates the manufacturer-qualified topic.
normalize-global-curation-super-hornet	active	creation	exact	super-hornet	fa-18e-f-super-hornet	F/A-18E/F Super Hornet	["Super Hornet"]	Nickname duplicates the precise F/A-18E/F topic.
normalize-global-curation-surface-actions	active	creation	exact	surface-actions	surface-action	Surface Action	["Surface Actions"]	User-directed global topic curation; reviewed corpus references identify one canonical topic
normalize-global-curation-surprise-attacks	active	creation	exact	surprise-attacks	surprise-attack	Surprise Attack	["Surprise Attacks"]	User-directed global topic curation; reviewed corpus references identify one canonical topic
normalize-global-curation-surrey-class	active	creation	exact	surrey-class	surrey-class-cruisers	Surrey Class Cruisers	["Surrey Class"]	All 6 bare references concern the Royal Navy Surrey-class heavy-cruiser design.
review-global-curation-swordfish	review	creation	exact	swordfish	swordfish	Fairey Swordfish	[]	All current uses identify the Fairey aircraft, but the bare animal name should remain review-gated.
normalize-global-curation-swordfish-aircraft	active	creation	exact	swordfish-aircraft	fairey-swordfish	Fairey Swordfish	["Fairy Swordfish","Swordfish Aircraft"]	Typed name duplicates the manufacturer-qualified topic.
normalize-global-curation-synthetic-fuels	active	creation	exact	synthetic-fuels	synthetic-fuel	Synthetic Fuel	["Synthetic Fuels"]	User-directed global topic curation; reviewed corpus references identify one canonical topic
normalize-global-curation-tacoma-class	active	creation	exact	tacoma-class	tacoma-class-frigates	Tacoma Class Frigates	["Tacoma Class"]	The sole bare reference concerns the US Navy Tacoma-class patrol frigates.
normalize-global-curation-takao-class	active	creation	exact	takao-class	takao-class-cruisers	Takao Class Cruisers	["Takao Class"]	All 12 bare references concern Imperial Japanese Navy Takao-class heavy cruisers.
normalize-global-curation-tank-landing-craft	active	creation	exact	tank-landing-craft	landing-craft-tank	Landing Craft Tank	["Tank Landing Craft"]	User-directed global topic curation; reviewed corpus references identify one canonical topic
normalize-global-curation-target-prioritization	active	creation	exact	target-prioritization	target-prioritisation	Target Prioritisation	["Target Prioritization"]	User-directed global topic curation; reviewed corpus references identify one canonical topic
normalize-global-curation-tartar-missiles	active	creation	exact	tartar-missiles	tartar-missile	Tartar Missile	["Tartar Missiles"]	User-directed global topic curation; reviewed corpus references identify one canonical topic
normalize-global-curation-task-force-organization	active	creation	exact	task-force-organization	task-force-organisation	Task Force Organisation	["Task Force Organization"]	Generic English topic uses the channel's canonical UK spelling; the US spelling remains an alias.
normalize-global-curation-task-prioritization	active	creation	exact	task-prioritization	task-prioritisation	Task Prioritisation	["Task Prioritization"]	Generic English topic uses the channel's canonical UK spelling; the US spelling remains an alias.
normalize-global-curation-tbd-devastator	active	creation	exact	tbd-devastator	douglas-tbd-devastator	Douglas TBD Devastator	["TBD Devastator"]	Designator/name form duplicates the manufacturer-qualified topic.
normalize-global-curation-tbf-avenger	active	creation	exact	tbf-avenger	grumman-tbf-avenger	Grumman TBF Avenger	["Avenger Aircraft","Grumman Avenger","TBF Avenger"]	Designator/name form duplicates the manufacturer-qualified topic.
normalize-global-curation-teaching-history	active	creation	exact	teaching-history	history-teaching	History Teaching	["Teaching History"]	User-directed global topic curation; reviewed corpus references identify one canonical topic
normalize-global-curation-teardrop-hulls	active	creation	exact	teardrop-hulls	teardrop-hull	Teardrop Hull	["Teardrop Hulls"]	User-directed global topic curation; reviewed corpus references identify one canonical topic
normalize-global-curation-technology-race	active	creation	exact	technology-race	technology-races	Technology Races	["Technology Race"]	User-directed global topic curation; reviewed corpus references identify one canonical topic
normalize-global-curation-technology-transitions	active	creation	exact	technology-transitions	technology-transition	Technology Transition	["Technology Transitions"]	User-directed global topic curation; reviewed corpus references identify one canonical topic
review-global-curation-tempest	review	creation	exact	tempest	tempest	Tempest (GCAP Combat Aircraft)	[]	Tempest may identify the Hawker Tempest, the modern UK name for the GCAP combat aircraft, or a non-aircraft subject; reviewed references identify the GCAP aircraft
review-global-curation-tempest-aircraft	review	creation	exact	tempest-aircraft	tempest-aircraft	Tempest (GCAP Combat Aircraft)	[]	Tempest aircraft may identify the Second World War Hawker type or the modern GCAP combat aircraft; the reviewed reference identifies GCAP
review-global-curation-tempest-fighter	review	creation	exact	tempest-fighter	tempest-fighter	Tempest (GCAP Combat Aircraft)	[]	Tempest fighter may identify the Hawker Tempest or the modern UK name for the GCAP combat aircraft; reviewed references identify GCAP
review-global-curation-tennessee-class	review	creation	exact	tennessee-class	tennessee-class	Tennessee Class Battleships	[]	Three references concern the battleships; one concerns the earlier armoured-cruiser class.
normalize-global-curation-territorial-defense	active	creation	exact	territorial-defense	territorial-defence	Territorial Defence	["Territorial Defense"]	Generic English topic uses the channel's canonical UK spelling; the US spelling remains an alias.
normalize-global-curation-theater-command	active	creation	exact	theater-command	theatre-command	Theatre Command	["Theater Command"]	User-directed global topic curation; reviewed corpus references identify one canonical topic
normalize-global-curation-theater-logistics	active	creation	exact	theater-logistics	theatre-logistics	Theatre Logistics	["Theater Logistics"]	Generic English topic uses the channel's canonical UK spelling; the US spelling remains an alias.
normalize-global-curation-third-french-republic	active	creation	exact	third-french-republic	french-third-republic	French Third Republic	["Third French Republic"]	User-directed global topic curation; reviewed corpus references identify one canonical topic
normalize-global-curation-thomas-kinkaid	active	creation	exact	thomas-kinkaid	thomas-c-kinkaid	Thomas C Kinkaid	["Thomas Kinkaid"]	User-directed global topic curation; reviewed corpus references identify one canonical topic
review-global-curation-ticonderoga-class	review	creation	exact	ticonderoga-class	ticonderoga-class	Ticonderoga Class Cruisers	[]	Seventy-five references concern the Aegis cruisers; one concerns the long-hull Essex aircraft carriers.
normalize-global-curation-tie-fighters	active	creation	exact	tie-fighters	fiction-star-wars-tie-fighters	TIE Fighters (Star Wars Fiction)	["Tie Fighters"]	TIE fighters are specific Star Wars fictional craft.
review-global-curation-tiger-class	review	creation	exact	tiger-class	tiger-class	Tiger Class Cruisers	[]	The bare slug conflates the First World War battlecruiser class with the postwar cruiser class.
normalize-global-curation-tiger-cub	active	creation	exact	tiger-cub	tiger-cub-cruisers	Tiger Cub Cruisers	["Tiger Cub","Tiger Cub Cruiser","Tiger Cubs"]	User-directed global topic curation; reviewed corpus references identify one canonical topic
normalize-global-curation-tiger-cub-cruiser	active	creation	exact	tiger-cub-cruiser	tiger-cub-cruisers	Tiger Cub Cruisers	["Tiger Cub","Tiger Cub Cruiser","Tiger Cubs"]	User-directed global topic curation; reviewed corpus references identify one canonical topic
normalize-global-curation-tiger-cubs	active	creation	exact	tiger-cubs	tiger-cub-cruisers	Tiger Cub Cruisers	["Tiger Cub","Tiger Cub Cruiser","Tiger Cubs"]	User-directed global topic curation; reviewed corpus references identify one canonical topic
normalize-global-curation-tog-tank	active	creation	exact	tog-tank	tog-tanks	Tog Tanks	["Tog Tank"]	User-directed global topic curation; reviewed corpus references identify one canonical topic
normalize-global-curation-tomahawk	active	creation	exact	tomahawk	tomahawk-missile	Tomahawk Missile	["Tomahawk","Tomahawk Cruise Missile","Tomahawk Cruise Missiles","Tomahawk Missiles"]	User-directed global topic curation; reviewed corpus references identify one canonical topic
normalize-global-curation-tomahawk-cruise-missile	active	creation	exact	tomahawk-cruise-missile	tomahawk-missile	Tomahawk Missile	["Tomahawk","Tomahawk Cruise Missile","Tomahawk Cruise Missiles","Tomahawk Missiles"]	User-directed global topic curation; reviewed corpus references identify one canonical topic
normalize-global-curation-tomahawk-cruise-missiles	active	creation	exact	tomahawk-cruise-missiles	tomahawk-missile	Tomahawk Missile	["Tomahawk","Tomahawk Cruise Missile","Tomahawk Cruise Missiles","Tomahawk Missiles"]	User-directed global topic curation; reviewed corpus references identify one canonical topic
normalize-global-curation-tomahawk-missiles	active	creation	exact	tomahawk-missiles	tomahawk-missile	Tomahawk Missile	["Tomahawk","Tomahawk Cruise Missile","Tomahawk Cruise Missiles","Tomahawk Missiles"]	User-directed global topic curation; reviewed corpus references identify one canonical topic
review-global-curation-tomcat	review	creation	exact	tomcat	tomcat	F-14 Tomcat	[]	Every current occurrence means the F-14, but the bare common noun should remain a review rule.
normalize-global-curation-tone-class	active	creation	exact	tone-class	tone-class-cruisers	Tone Class Cruisers	["Tone Class"]	All 16 bare references concern Imperial Japanese Navy Tone-class heavy cruisers.
review-global-curation-tornado	review	creation	exact	tornado	tornado	Panavia Tornado	[]	All current uses identify the Panavia aircraft, but the bare weather term is not future-safe.
normalize-global-curation-tornado-aircraft	active	creation	exact	tornado-aircraft	panavia-tornado	Panavia Tornado	["Tornado Aircraft"]	Typed name duplicates the manufacturer-qualified topic.
normalize-global-curation-torpedo-attack	active	creation	exact	torpedo-attack	torpedo-attacks	Torpedo Attacks	["Torpedo Attack"]	User-directed global topic curation; reviewed corpus references identify one canonical topic
normalize-global-curation-total-defense	active	creation	exact	total-defense	total-defence	Total Defence	["Total Defense"]	Generic English topic uses the channel's canonical UK spelling; the US spelling remains an alias.
review-global-curation-town-class	review	creation	exact	town-class	town-class	Town-Class Cruisers	[]	Thirty-eight bare references concern the 1936 Town-class cruisers; one concerns the 1910 class.
review-global-curation-trafalgar	review	creation	exact	trafalgar	trafalgar	Battle Of Trafalgar	[]	Trafalgar can identify a place, campaign, or battle; current references concern the 1805 battle
normalize-global-curation-trafalgar-class	active	creation	exact	trafalgar-class	trafalgar-class-submarines	Trafalgar Class Submarines	["Trafalgar Class"]	All 7 bare references concern Royal Navy Trafalgar-class attack submarines.
normalize-global-curation-training-pipelines	active	creation	exact	training-pipelines	training-pipeline	Training Pipeline	["Training Pipelines"]	User-directed global topic curation; reviewed corpus references identify one canonical topic
normalize-global-curation-treasure-fleet	active	creation	exact	treasure-fleet	treasure-fleets	Treasure Fleets	["Treasure Fleet"]	User-directed global topic curation; reviewed corpus references identify one canonical topic
normalize-global-curation-treasury-class	active	creation	exact	treasury-class	treasury-class-cutters	Treasury Class Cutters	["Treasury Class"]	Both bare references concern US Coast Guard Treasury-class cutters.
normalize-global-curation-treaty-negotiation	active	creation	exact	treaty-negotiation	treaty-negotiations	Treaty Negotiations	["Treaty Negotiation"]	User-directed global topic curation; reviewed corpus references identify one canonical topic
normalize-global-curation-treaty-systems	active	creation	exact	treaty-systems	treaty-system	Treaty System	["Treaty Systems"]	User-directed global topic curation; reviewed corpus references identify one canonical topic
normalize-global-curation-trento-class	active	creation	exact	trento-class	trento-class-cruisers	Trento Class Cruisers	["Trento Class"]	All 9 bare references concern Italian Navy Trento-class heavy cruisers.
review-global-curation-tribal-class	review	creation	exact	tribal-class	tribal-class	Tribal-Class Destroyers	[]	All but one bare reference concern the 1936 destroyer class; one concerns the early Tribal or F class.
normalize-global-curation-trident	active	creation	exact	trident	trident-missile	Trident Missile	["Trident","Trident Missiles"]	User-directed global topic curation; reviewed corpus references identify one canonical topic
normalize-global-curation-trident-missiles	active	creation	exact	trident-missiles	trident-missile	Trident Missile	["Trident","Trident Missiles"]	User-directed global topic curation; reviewed corpus references identify one canonical topic
normalize-global-curation-trimaran	active	creation	exact	trimaran	trimarans	Trimarans	["Trimaran"]	User-directed global topic curation; reviewed corpus references identify one canonical topic
normalize-global-curation-troop-transports	active	creation	exact	troop-transports	troop-transport	Troop Transport	["Troop Transports"]	User-directed global topic curation; reviewed corpus references identify one canonical topic
normalize-global-curation-trotsky	active	creation	exact	trotsky	leon-trotsky	Leon Trotsky	["Trotsky"]	User-directed global topic curation; reviewed corpus references identify one canonical topic
normalize-global-curation-tsar-nicholas-ii	active	creation	exact	tsar-nicholas-ii	nicholas-ii	Nicholas II	["Tsar Nicholas II"]	User-directed global topic curation; reviewed corpus references identify one canonical topic
normalize-global-curation-tsar-paul-i	active	creation	exact	tsar-paul-i	paul-i	Paul I	["Tsar Paul I"]	User-directed global topic curation; reviewed corpus references identify one canonical topic
normalize-global-curation-tumblehome-hull	active	creation	exact	tumblehome-hull	tumblehome-hulls	Tumblehome Hulls	["Tumblehome Hull"]	User-directed global topic curation; reviewed corpus references identify one canonical topic
normalize-global-curation-turbine-class	active	creation	exact	turbine-class	turbine-class-destroyers	Turbine Class Destroyers	["Turbine Class"]	The sole bare reference concerns Italian Navy Turbine-class destroyers.
normalize-global-curation-turret-armor	active	creation	exact	turret-armor	turret-armour	Turret Armour	["Turret Armor"]	User-directed global topic curation; reviewed corpus references identify one canonical topic
normalize-global-curation-turreted-fighters	active	creation	exact	turreted-fighters	turret-fighters	Turret Fighters	["Turreted Fighters","turret fighter","fighter turret"]	User-directed global topic curation; reviewed corpus references identify one canonical topic
review-global-curation-typhoon	review	creation	exact	typhoon	typhoon	Eurofighter Typhoon	[]	Current corpus references identify one entity, but the undated or shortened label is not universally unique
normalize-global-curation-uk-defense-policy	active	creation	exact	uk-defense-policy	british-defence-policy	British Defence Policy	["British Defense Policy","uk defence policy","UK Defense Policy"]	British Defence Policy already carries UK Defence Policy as an alias.
normalize-global-curation-ulethi-atoll	active	creation	exact	ulethi-atoll	ulithi-atoll	Ulithi Atoll	["Ulethi Atoll"]	User-directed global topic curation; reviewed corpus references identify one canonical topic
normalize-global-curation-ultimatums	active	creation	exact	ultimatums	ultimatum	Ultimatum	["Ultimatums"]	User-directed global topic curation; reviewed corpus references identify one canonical topic
normalize-global-curation-unit-organization	active	creation	exact	unit-organization	unit-organisation	Unit Organisation	["Unit Organization"]	Generic English topic uses the channel's canonical UK spelling; the US spelling remains an alias.
normalize-global-curation-unmanned-combat-aerial-vehicles	active	creation	exact	unmanned-combat-aerial-vehicles	ucav	UCAV	["UCAVs","Uncrewed Combat Air Vehicle","Unmanned Combat Air Vehicle","Uncrewed Combat Aircraft","Unmanned Combat Aerial Vehicles"]	User-directed global topic curation; reviewed corpus references identify one canonical topic
normalize-global-curation-upholder-class	active	creation	exact	upholder-class	upholder-class-submarine	Upholder Class Submarine	["Upholder Class"]	All 5 bare references concern the modern British or Canadian Upholder/Victoria-class conventional submarines.
normalize-global-curation-us-canada-relations	active	creation	exact	us-canada-relations	canada-us-relations	Canada US Relations	["US Canada Relations"]	User-directed global topic curation; reviewed corpus references identify one canonical topic
normalize-global-curation-us-civil-war	active	creation	exact	us-civil-war	american-civil-war	American Civil War	["US Civil War"]	User-directed global topic curation; reviewed corpus references identify one canonical topic
normalize-global-curation-us-defense-policy	active	creation	exact	us-defense-policy	us-defence-policy	US Defence Policy	["US Defense Policy"]	Generic English topic uses the channel's canonical UK spelling; the US spelling remains an alias.
normalize-global-curation-us-home-defense	active	creation	exact	us-home-defense	us-home-defence	US Home Defence	["US Home Defense"]	Generic English topic uses the channel's canonical UK spelling; the US spelling remains an alias.
normalize-global-curation-us-uk-defence-cooperation	active	creation	exact	us-uk-defence-cooperation	uk-us-defence-cooperation	UK US Defence Cooperation	["US UK Defence Cooperation"]	User-directed global topic curation; reviewed corpus references identify one canonical topic
review-global-curation-uss-america	review	creation	exact	uss-america	uss-america	USS America (1782)	[]	USS America is a reused ship name; the reviewed reference identifies the 74-gun ship launched in 1782
normalize-global-curation-uss-truxton	active	creation	exact	uss-truxton	uss-truxtun	USS Truxtun	["USS Truxton"]	User-directed global topic curation; reviewed corpus references identify one canonical topic
normalize-global-curation-valiant-class	active	creation	exact	valiant-class	valiant-class-submarine	Valiant Class Submarine	["Valiant Class"]	Both bare references concern Royal Navy Valiant-class nuclear attack submarines.
review-global-curation-vanguard-class	review	creation	exact	vanguard-class	vanguard-class	Vanguard Class Battleships	[]	The bare slug conflates HMS Vanguard-derived battleship proposals with Vanguard-class SSBNs.
normalize-global-curation-variable-incidence-wings	active	creation	exact	variable-incidence-wings	variable-incidence-wing	Variable Incidence Wing	["Variable Incidence Wings"]	User-directed global topic curation; reviewed corpus references identify one canonical topic
review-global-curation-varyag	review	creation	exact	varyag	varyag	Varyag (Aircraft Carrier)	[]	Varyag is a reused Russian and Soviet ship name; the current bare reference identifies the unfinished Kuznetsov-class carrier later completed as Liaoning
normalize-global-curation-venator-class	active	creation	exact	venator-class	fiction-venator-class-star-destroyer	Venator Class Star Destroyer (Star Wars)	["Venator Class","Venator Class Star Destroyer"]	All 12 bare references concern the fictional Star Wars Venator-class Star Destroyer; the fiction namespace is required.
normalize-global-curation-venator-class-star-destroyer	active	creation	exact	venator-class-star-destroyer	fiction-venator-class-star-destroyer	Venator Class Star Destroyer (Star Wars)	["Venator Class","Venator Class Star Destroyer"]	User-directed global topic curation; reviewed corpus references identify one canonical topic
normalize-global-curation-vera-cruz	active	creation	exact	vera-cruz	veracruz	Veracruz	["Vera Cruz"]	User-directed global topic curation; reviewed corpus references identify one canonical topic
normalize-global-curation-vertical-launching-system	active	creation	exact	vertical-launching-system	vertical-launch-systems	Vertical Launch Systems	["Vertical Launch System","Vertical Launching System","VLS"]	User-directed global topic curation; reviewed corpus references identify one canonical topic
normalize-global-curation-vice-admiral	active	creation	exact	vice-admiral	vice-admirals	Vice Admirals	["Vice Admiral"]	User-directed global topic curation; reviewed corpus references identify one canonical topic
normalize-global-curation-vice-admiral-george-tryon	active	creation	exact	vice-admiral-george-tryon	george-tryon	George Tryon	["Admiral George Tryon","Vice Admiral George Tryon"]	The rank-prefixed slug already contains the person's full identifying name.
normalize-global-curation-vice-admiral-lancelot-holland	active	creation	exact	vice-admiral-lancelot-holland	lancelot-holland	Lancelot Holland	["Vice Admiral Lancelot Holland"]	The rank-prefixed slug already contains the person's full identifying name.
normalize-global-curation-vickers-armstrong	active	creation	exact	vickers-armstrong	vickers-armstrongs	Vickers-Armstrongs	["Vickers Armstrong"]	User-directed global topic curation; reviewed corpus references identify one canonical topic
review-global-curation-victoria-class	review	creation	exact	victoria-class	victoria-class	Victoria Class Battleships	[]	Both current bare references concern the Royal Navy Victoria-class battleships, but Victoria class is also reused for Canadian submarines.
review-global-curation-victory-class	review	creation	exact	victory-class	victory-class	Victory Class Carrier Battleships (Warhammer 40,000)	[]	The bare slug conflates Warhammer 40,000 and Star Wars classes. The existing victory-class-destroyer topic is a third, Babylon 5 referent and should separately become fiction-babylon-5-victory-class-destroyer.
review-global-curation-victory-class-destroyer	review	creation	exact	victory-class-destroyer	victory-class-destroyer	Victory Class Destroyer (Babylon 5)	[]	Victory-class destroyer is universe-dependent; the reviewed occurrence identifies the Babylon 5 design
normalize-global-curation-vipers	active	creation	exact	vipers	fiction-battlestar-galactica-vipers	Vipers (Battlestar Galactica Fiction)	["Vipers"]	All current uses identify Battlestar Galactica's fictional Vipers.
review-global-curation-virginia-class	review	creation	exact	virginia-class	virginia-class	Virginia Class Submarines	[]	The bare slug conflates US Navy submarines, nuclear cruisers, and pre-dreadnought battleships.
normalize-global-curation-vls	active	creation	exact	vls	vertical-launch-systems	Vertical Launch Systems	["Vertical Launch System","Vertical Launching System","VLS"]	User-directed global topic curation; reviewed corpus references identify one canonical topic
normalize-global-curation-vought-corsair	active	creation	exact	vought-corsair	f4u-corsair	F4U Corsair	["Vought Corsair"]	Manufacturer/name form duplicates the F4U family topic.
normalize-global-curation-vulcan-bomber	active	creation	exact	vulcan-bomber	avro-vulcan	Avro Vulcan	["Vulcan Bomber","Vulcan Bombers"]	User-directed global topic curation; reviewed corpus references identify one canonical topic
normalize-global-curation-vulcan-bombers	active	creation	exact	vulcan-bombers	avro-vulcan	Avro Vulcan	["Vulcan Bomber","Vulcan Bombers"]	User-directed global topic curation; reviewed corpus references identify one canonical topic
normalize-global-curation-war-debts	active	creation	exact	war-debts	war-debt	War Debt	["War Debts"]	User-directed global topic curation; reviewed corpus references identify one canonical topic
normalize-global-curation-war-emergency-programmes	active	creation	exact	war-emergency-programmes	war-emergency-programme	War Emergency Programme	["War Emergency Programmes"]	User-directed global topic curation; reviewed corpus references identify one canonical topic
review-global-curation-war-in-afghanistan	review	creation	exact	war-in-afghanistan	war-in-afghanistan	War in Afghanistan (2001-2021)	[]	An undated Afghanistan war label is ambiguous; current references identify the 2001-2021 conflict
normalize-global-curation-war-materials	active	creation	exact	war-materials	war-material	War Material	["War Materials"]	User-directed global topic curation; reviewed corpus references identify one canonical topic
normalize-global-curation-war-mobilization	active	creation	exact	war-mobilization	war-mobilisation	War Mobilisation	["War Mobilization"]	Generic English topic uses the channel's canonical UK spelling; the US spelling remains an alias.
normalize-global-curation-war-of-austrian-succession	active	creation	exact	war-of-austrian-succession	war-of-the-austrian-succession	War Of The Austrian Succession	["War Of Austrian Succession"]	User-directed global topic curation; reviewed corpus references identify one canonical topic
normalize-global-curation-war-of-spanish-succession	active	creation	exact	war-of-spanish-succession	war-of-the-spanish-succession	War Of The Spanish Succession	["War Of Spanish Succession"]	User-directed global topic curation; reviewed corpus references identify one canonical topic
normalize-global-curation-warhead-modernization	active	creation	exact	warhead-modernization	warhead-modernisation	Warhead Modernisation	["Warhead Modernization"]	Generic English topic uses the channel's canonical UK spelling; the US spelling remains an alias.
review-global-curation-warrior	review	creation	exact	warrior	warrior	HMS Warrior	[]	Warrior is a reused ship name and also identifies an armoured vehicle; the current bare reference identifies HMS Warrior launched in 1860
review-global-curation-warrior-class	review	creation	exact	warrior-class	warrior-class	Warrior Class Ironclads	[]	The bare slug conflates the 1860 ironclads with the later armoured-cruiser class.
normalize-global-curation-warship-comparisons	active	creation	exact	warship-comparisons	warship-comparison	Warship Comparison	["Warship Comparisons"]	User-directed global topic curation; reviewed corpus references identify one canonical topic
normalize-global-curation-warship-maneuverability	active	creation	exact	warship-maneuverability	warship-manoeuvrability	Warship Manoeuvrability	["Warship Maneuverability"]	Generic English topic uses the channel's canonical UK spelling; the US spelling remains an alias.
normalize-global-curation-warship-service-lives	active	creation	exact	warship-service-lives	warship-service-life	Warship Service Life	["Warship Service Lives"]	User-directed global topic curation; reviewed corpus references identify one canonical topic
normalize-global-curation-warship-standardisation	active	creation	exact	warship-standardisation	naval-standardisation	Naval Standardisation	["Fleet Standardisation","Fleet Standardization","Naval Standardization","Ship Standardization","Warship Standardisation","Warship Standardization"]	User-directed global topic curation; reviewed corpus references identify one canonical topic
normalize-global-curation-warship-standardization	active	creation	exact	warship-standardization	naval-standardisation	Naval Standardisation	["Fleet Standardisation","Fleet Standardization","Naval Standardization","Ship Standardization","Warship Standardisation","Warship Standardization"]	User-directed global topic curation; reviewed corpus references identify one canonical topic
normalize-global-curation-warship-structures	active	creation	exact	warship-structures	warship-structure	Warship Structure	["Warship Structures"]	User-directed global topic curation; reviewed corpus references identify one canonical topic
review-global-curation-wartime-conversion	review	creation	exact	wartime-conversion	wartime-conversion	Ship Conversion	[]	Wartime conversion is underspecified; the reviewed corpus occurrence was routed contextually to civilian-to-military ship conversions.
normalize-global-curation-wartime-economies	active	creation	exact	wartime-economies	wartime-economy	Wartime Economy	["Wartime Economies"]	User-directed global topic curation; reviewed corpus references identify one canonical topic
normalize-global-curation-wartime-mobilization	active	creation	exact	wartime-mobilization	wartime-mobilisation	Wartime Mobilisation	["Wartime Mobilization"]	User-directed global topic curation; reviewed corpus references identify one canonical topic
normalize-global-curation-wartime-modernization	active	creation	exact	wartime-modernization	wartime-modernisation	Wartime Modernisation	["Wartime Modernization"]	Generic English topic uses the channel's canonical UK spelling; the US spelling remains an alias.
normalize-global-curation-wasp-class	active	creation	exact	wasp-class	wasp-class-amphibious-assault-ships	Wasp Class Amphibious Assault Ships	["Wasp Class"]	Both bare references concern US Navy Wasp-class amphibious assault ships.
normalize-global-curation-wave-class	active	creation	exact	wave-class	wave-class-oilers	Wave Class Oilers	["Wave Class"]	The sole bare reference concerns Royal Fleet Auxiliary Wave-class oilers.
normalize-global-curation-weapon-class	active	creation	exact	weapon-class	weapon-class-destroyers	Weapon Class Destroyers	["Weapon Class Destroyer","Weapon Class"]	All 4 bare references concern Royal Navy Weapon-class destroyers.
normalize-global-curation-weapon-standardization	active	creation	exact	weapon-standardization	weapon-standardisation	Weapon Standardisation	["Weapon Standardization","Weapons Standardization","Armament Standardization","Gun Standardization"]	User-directed global topic curation; reviewed corpus references identify one canonical topic
normalize-global-curation-weapons-modernization	active	creation	exact	weapons-modernization	weapons-modernisation	Weapons Modernisation	["Weapons Modernization"]	Generic English topic uses the channel's canonical UK spelling; the US spelling remains an alias.
normalize-global-curation-weapons-standardization	active	creation	exact	weapons-standardization	weapon-standardisation	Weapon Standardisation	["Weapon Standardization","Weapons Standardization","Armament Standardization","Gun Standardization"]	User-directed global topic curation; reviewed corpus references identify one canonical topic
normalize-global-curation-well-decks	active	creation	exact	well-decks	well-deck	Well Deck	["Well Decks"]	User-directed global topic curation; reviewed corpus references identify one canonical topic
normalize-global-curation-wellington-bomber	active	creation	exact	wellington-bomber	vickers-wellington	Vickers Wellington	["Wellington Bomber"]	Typed name duplicates the manufacturer-qualified bomber topic.
normalize-global-curation-western-theater	active	creation	exact	western-theater	western-theatre	Western Theatre	["Western Theater"]	Generic English topic uses the channel's canonical UK spelling; the US spelling remains an alias.
normalize-global-curation-westland-sea-king	active	creation	exact	westland-sea-king	sea-king-helicopters	Sea King Helicopters	["Sea King","Sea King Helicopter","Sea Kings","Westland Sea King"]	Manufacturer-qualified form duplicates the plan's Sea King family topic.
review-global-curation-wildcat	review	creation	exact	wildcat	wildcat	F4F Wildcat	[]	Wildcat may identify the F4F fighter or the modern Wildcat helicopter; reviewed bare references identify the fighter
normalize-global-curation-wildcat-fighters	active	creation	exact	wildcat-fighters	f4f-wildcat	Grumman F4F Wildcat	["Grumman Martlet","Grumman Wildcat","Wildcat Fighters","F4F Wildcat"]	User-directed global topic curation; reviewed corpus references identify one canonical topic
normalize-global-curation-wildcat-helicopters	active	creation	exact	wildcat-helicopters	wildcat-helicopter	Wildcat Helicopter	["Wildcat Helicopters"]	User-directed global topic curation; reviewed corpus references identify one canonical topic
normalize-global-curation-william-t-sherman	active	creation	exact	william-t-sherman	william-tecumseh-sherman	William Tecumseh Sherman	["William T Sherman"]	User-directed global topic curation; reviewed corpus references identify one canonical topic
normalize-global-curation-worcester-class	active	creation	exact	worcester-class	worcester-class-cruisers	Worcester Class Cruisers	["Worcester Class"]	All 4 bare references concern US Navy Worcester-class light cruisers.
normalize-global-curation-workforce-mobilization	active	creation	exact	workforce-mobilization	workforce-mobilisation	Workforce Mobilisation	["Workforce Mobilization"]	Generic English topic uses the channel's canonical UK spelling; the US spelling remains an alias.
normalize-global-curation-wraith-darts	active	creation	exact	wraith-darts	fiction-stargate-wraith-darts	Wraith Darts (Stargate Fiction)	["Wraith Darts"]	Wraith darts are specific Stargate fictional craft.
normalize-global-curation-wyoming-class	active	creation	exact	wyoming-class	wyoming-class-battleships	Wyoming Class Battleships	["Wyoming Class"]	All 5 bare references concern US Navy Wyoming-class battleships.
normalize-global-curation-yak-38	active	creation	exact	yak-38	yak-38-forger	Yak 38 Forger	["Yak 38"]	Bare designator duplicates the designator/reporting-name topic.
normalize-global-curation-york-class	active	creation	exact	york-class	york-class-cruisers	York Class Cruisers	["York Class Cruiser","York Class"]	All 16 bare references concern Royal Navy York-class heavy cruisers.
normalize-global-curation-yorktown-class	active	creation	exact	yorktown-class	yorktown-class-aircraft-carriers	Yorktown Class Aircraft Carriers	["Yorktown Class"]	All 48 bare references concern US Navy Yorktown-class aircraft carriers.
normalize-global-curation-zeppelin	active	creation	exact	zeppelin	zeppelins	Zeppelins	["Zeppelin"]	User-directed global topic curation; reviewed corpus references identify one canonical topic
normalize-global-curation-zero-fighter	active	creation	exact	zero-fighter	mitsubishi-a6m-zero	Mitsubishi A6M Zero	["A6m Zero","Japanese Zero","Mitsubishi Zero","Zero Fighter","Mitsubishi Navy Type 0 Carrier Fighter"]	User-directed global topic curation; reviewed corpus references identify one canonical topic
normalize-global-curation-academic-labor	active	creation	exact	academic-labor	academic-labour	Academic Labour	["Academic Labor"]	UK house-style normalization; retain the US spelling through the canonical topic aliases
normalize-global-curation-admiralty-board	active	creation	exact	admiralty-board	board-of-admiralty	Board Of Admiralty	["Admiralty Board"]	Corpus-wide similar-topic and potential-duplicate review; current references identify one canonical topic
normalize-global-curation-air-to-air-combat	active	creation	exact	air-to-air-combat	air-combat	Air Combat	["Air To Air Combat"]	Corpus-wide similar-topic and potential-duplicate review; current references identify one canonical topic
normalize-global-curation-aircraft-carrier-design	active	creation	exact	aircraft-carrier-design	carrier-design	Carrier Design	["Aircraft Carrier Design"]	Corpus-wide similar-topic and potential-duplicate review; current references identify one canonical topic
normalize-global-curation-aircraft-carrier-development	active	creation	exact	aircraft-carrier-development	carrier-development	Carrier Development	["Aircraft Carrier Development"]	Corpus-wide similar-topic and potential-duplicate review; current references identify one canonical topic
normalize-global-curation-aircraft-carrier-maintenance	active	creation	exact	aircraft-carrier-maintenance	carrier-maintenance	Carrier Maintenance	["Aircraft Carrier Maintenance"]	Corpus-wide similar-topic and potential-duplicate review; current references identify one canonical topic
normalize-global-curation-aircraft-cruisers	active	creation	exact	aircraft-cruisers	aviation-cruisers	Aviation Cruisers	["Aircraft Cruisers"]	Corpus-wide similar-topic and potential-duplicate review; current references identify one canonical topic
normalize-global-curation-aircraft-prototypes	active	creation	exact	aircraft-prototypes	prototype-aircraft	Prototype Aircraft	["Aircraft Prototypes"]	Corpus-wide similar-topic and potential-duplicate review; current references identify one canonical topic
normalize-global-curation-aircraft-reserves	active	creation	exact	aircraft-reserves	reserve-aircraft	Reserve Aircraft	["Aircraft Reserves"]	Corpus-wide similar-topic and potential-duplicate review; current references identify one canonical topic
normalize-global-curation-aircraft-spares	active	creation	exact	aircraft-spares	spare-aircraft	Spare Aircraft	["Aircraft Spares"]	Corpus-wide similar-topic and potential-duplicate review; current references identify one canonical topic
normalize-global-curation-ajax	active	creation	exact	ajax	ajax-armoured-vehicle	Ajax Armoured Vehicle	["Ajax Armored Vehicle","Ajax"]	Corpus-wide similar-topic and potential-duplicate review; current references identify one canonical topic
normalize-global-curation-alexandria-raid	active	creation	exact	alexandria-raid	raid-on-alexandria	Raid On Alexandria	["Alexandria Raid"]	Corpus-wide similar-topic and potential-duplicate review; current references identify one canonical topic
normalize-global-curation-an-spy-1	active	creation	exact	an-spy-1	spy-1-radar	AN/SPY-1 Radar	["An Spy 1","Spy 1","AN/SPY-1","SPY-1"]	Corpus-wide similar-topic and potential-duplicate review; current references identify one canonical topic
normalize-global-curation-apollo-program	disabled	creation	exact	apollo-program	apollo-program	Apollo Program	[]	Disabled after review confirmed this is the official US programme name
normalize-global-curation-armour-decks	active	creation	exact	armour-decks	deck-armour	Deck Armour	["Deck Armor","Armour Decks","Armor Decks"]	Corpus-wide similar-topic and potential-duplicate review; current references identify one canonical topic
normalize-global-curation-atlantic-battle	active	creation	exact	atlantic-battle	battle-of-the-atlantic	Battle of the Atlantic	["Atlantic campaign","Battle of Atlantic","Atlantic Campaigns","Atlantic Battle"]	Corpus-wide similar-topic and potential-duplicate review; current references identify one canonical topic
normalize-global-curation-attack-on-taranto	active	creation	exact	attack-on-taranto	battle-of-taranto	Battle Of Taranto	["Attack On Taranto","Operation Taranto","Raid On Taranto","Taranto Raid"]	Corpus-wide similar-topic and potential-duplicate review; current references identify one canonical topic
review-global-curation-azov	review	creation	exact	azov	azov	Russian Ship Azov (1826)	[]	Context-dependent bare topic; current references were reviewed individually and future uses require evidence before selecting a typed canonical topic
normalize-global-curation-balloon-barrages	active	creation	exact	balloon-barrages	barrage-balloons	Barrage Balloons	["Balloon Barrages"]	Corpus-wide similar-topic and potential-duplicate review; current references identify one canonical topic
normalize-global-curation-battle-line	active	creation	exact	battle-line	line-of-battle	Line Of Battle	["Line Of Battle Tactics","Battle Line","Battle Lines","Battle Line Tactics"]	Corpus-wide similar-topic and potential-duplicate review; current references identify one canonical topic
normalize-global-curation-battle-line-tactics	active	creation	exact	battle-line-tactics	line-of-battle	Line Of Battle	["Line Of Battle Tactics","Battle Line","Battle Lines","Battle Line Tactics"]	Corpus-wide similar-topic and potential-duplicate review; current references identify one canonical topic
review-global-curation-battle-of-algeciras	review	creation	exact	battle-of-algeciras	battle-of-algeciras	First Battle Of Algeciras	[]	Context-dependent bare topic; current references were reviewed individually and future uses require evidence before selecting a typed canonical topic
normalize-global-curation-battle-of-cape-engano	active	creation	exact	battle-of-cape-engano	battle-off-cape-engano	Battle off Cape Engaño	["Battle Of Cape Engano","Battle off Cape Engano"]	Corpus-wide similar-topic and potential-duplicate review; current references identify one canonical topic
normalize-global-curation-battle-of-cape-espartel	active	creation	exact	battle-of-cape-espartel	battle-of-cape-spartel	Battle Of Cape Spartel	["Battle Of Cape Espartel"]	Corpus-wide similar-topic and potential-duplicate review; current references identify one canonical topic
review-global-curation-battle-of-dogger-bank	review	creation	exact	battle-of-dogger-bank	battle-of-dogger-bank	Dogger Bank Battles	[]	Context-dependent bare topic; current references were reviewed individually and future uses require evidence before selecting a typed canonical topic
review-global-curation-battle-of-narvik	review	creation	exact	battle-of-narvik	battle-of-narvik	Battles Of Narvik	[]	Context-dependent bare topic; current references were reviewed individually and future uses require evidence before selecting a typed canonical topic
normalize-global-curation-battle-of-otranto-strait	active	creation	exact	battle-of-otranto-strait	battle-of-the-strait-of-otranto	Battle of the Strait of Otranto	["Battle Of Otranto Strait","Battle Of The Otranto Straits"]	Corpus-wide similar-topic and potential-duplicate review; current references identify one canonical topic
normalize-global-curation-battle-of-portobelo	active	creation	exact	battle-of-portobelo	battle-of-porto-bello	Battle Of Porto Bello	["Battle Of Portobelo"]	Corpus-wide similar-topic and potential-duplicate review; current references identify one canonical topic
normalize-global-curation-battle-of-samar	active	creation	exact	battle-of-samar	battle-off-samar	Battle Off Samar	["Battle Of Samar"]	Corpus-wide similar-topic and potential-duplicate review; current references identify one canonical topic
review-global-curation-battle-of-sirte	review	creation	exact	battle-of-sirte	battle-of-sirte	Battles Of Sirte	[]	Context-dependent bare topic; current references were reviewed individually and future uses require evidence before selecting a typed canonical topic
normalize-global-curation-battle-of-the-otranto-straits	active	creation	exact	battle-of-the-otranto-straits	battle-of-the-strait-of-otranto	Battle of the Strait of Otranto	["Battle Of Otranto Strait","Battle Of The Otranto Straits"]	Corpus-wide similar-topic and potential-duplicate review; current references identify one canonical topic
normalize-global-curation-battlefleet-tactics	active	creation	exact	battlefleet-tactics	battle-fleet-tactics	Battle Fleet Tactics	["Battlefleet Tactics"]	Corpus-wide similar-topic and potential-duplicate review; current references identify one canonical topic
normalize-global-curation-belgrano	active	creation	exact	belgrano	ara-general-belgrano	Ara General Belgrano	["Belgrano","General Belgrano"]	Corpus-wide similar-topic and potential-duplicate review; current references identify one canonical topic
normalize-global-curation-belt-armour	active	creation	exact	belt-armour	armour-belts	Armour Belts	["Armor Belts","Belt Armour","Belt Armor"]	Corpus-wide similar-topic and potential-duplicate review; current references identify one canonical topic
normalize-global-curation-blockade	active	creation	exact	blockade	naval-blockade	Naval Blockade	["Naval Blockades","Blockade","Blockades","maritime blockade","commerce blockade"]	Corpus-wide similar-topic and potential-duplicate review; current references identify one canonical topic
normalize-global-curation-blohm-voss-bv-222	active	creation	exact	blohm-voss-bv-222	blohm-and-voss-bv-222	Blohm & Voss BV 222	["Blohm Voss Bv 222"]	Corpus-wide similar-topic and potential-duplicate review; current references identify one canonical topic
normalize-global-curation-blohm-voss-bv-238	active	creation	exact	blohm-voss-bv-238	blohm-and-voss-bv-238	Blohm & Voss BV 238	["Blohm Voss Bv 238"]	Corpus-wide similar-topic and potential-duplicate review; current references identify one canonical topic
normalize-global-curation-boston-siege	active	creation	exact	boston-siege	siege-of-boston	Siege Of Boston	["Boston Siege"]	Corpus-wide similar-topic and potential-duplicate review; current references identify one canonical topic
normalize-global-curation-british-nuclear-program	active	creation	exact	british-nuclear-program	british-nuclear-programme	British Nuclear Programme	["British Nuclear Program"]	UK house-style normalization; retain the US spelling through the canonical topic aliases
normalize-global-curation-concentration-of-force	active	creation	exact	concentration-of-force	force-concentration	Force Concentration	["Concentration Of Force"]	Corpus-wide similar-topic and potential-duplicate review; current references identify one canonical topic
normalize-global-curation-construction-labor	active	creation	exact	construction-labor	construction-labour	Construction Labour	["Construction Labor"]	UK house-style normalization; retain the US spelling through the canonical topic aliases
review-global-curation-conte-di-cavour	review	creation	exact	conte-di-cavour	conte-di-cavour	Conte di Cavour (Battleship)	[]	Context-dependent bare topic; current references were reviewed individually and future uses require evidence before selecting a typed canonical topic
normalize-global-curation-convoy-war	active	creation	exact	convoy-war	convoy-warfare	Convoy Warfare	["Convoy War"]	Corpus-wide similar-topic and potential-duplicate review; current references identify one canonical topic
normalize-global-curation-court-martial	active	creation	exact	court-martial	courts-martial	Courts Martial	["Court Martial"]	Corpus-wide similar-topic and potential-duplicate review; current references identify one canonical topic
normalize-global-curation-curtis-brown	active	creation	exact	curtis-brown	brown-curtis	Brown-Curtis	["Curtis Brown"]	Corpus-wide similar-topic and potential-duplicate review; current references identify one canonical topic
normalize-global-curation-damage-modeling	active	creation	exact	damage-modeling	damage-modelling	Damage Modelling	["Damage Modeling"]	Corpus-wide similar-topic and potential-duplicate review; current references identify one canonical topic
normalize-global-curation-deterrence-signaling	active	creation	exact	deterrence-signaling	deterrence-signalling	Deterrence Signalling	["Deterrence Signaling"]	UK house-style normalization; retain the US spelling through the canonical topic aliases
normalize-global-curation-diplomatic-signaling	active	creation	exact	diplomatic-signaling	diplomatic-signalling	Diplomatic Signalling	["Diplomatic Signaling"]	UK house-style normalization; retain the US spelling through the canonical topic aliases
normalize-global-curation-division-of-labor	active	creation	exact	division-of-labor	division-of-labour	Division of Labour	["Division Of Labor"]	UK house-style normalization; retain the US spelling through the canonical topic aliases
normalize-global-curation-draft	active	creation	exact	draft	ship-draught	Ship Draught	["Draft","Ship Draft","Warship Draft"]	UK house-style normalization; retain the US spelling through the canonical topic aliases
normalize-global-curation-eight-eight-fleet-program	active	creation	exact	eight-eight-fleet-program	eight-eight-fleet-programme	Eight-Eight Fleet Programme	["Eight Eight Fleet Program"]	UK house-style normalization; retain the US spelling through the canonical topic aliases
normalize-global-curation-engineering-history	active	creation	exact	engineering-history	history-of-engineering	History Of Engineering	["Engineering History"]	Corpus-wide similar-topic and potential-duplicate review; current references identify one canonical topic
normalize-global-curation-environmental-modeling	active	creation	exact	environmental-modeling	environmental-modelling	Environmental Modelling	["Environmental Modeling"]	UK house-style normalization; retain the US spelling through the canonical topic aliases
normalize-global-curation-export-warships	active	creation	exact	export-warships	warship-exports	Warship Exports	["Export Warships"]	Corpus-wide similar-topic and potential-duplicate review; current references identify one canonical topic
normalize-global-curation-f-35-program	disabled	creation	exact	f-35-program	f-35-program	F-35 Program	[]	Disabled after review confirmed this is the official US programme name
normalize-global-curation-falklands-islands	active	creation	exact	falklands-islands	falkland-islands	Falkland Islands	["Falklands Islands"]	Corpus-wide similar-topic and potential-duplicate review; current references identify one canonical topic
normalize-global-curation-fire-control-radar	active	creation	exact	fire-control-radar	radar-fire-control	Radar Fire Control	["Fire Control Radar"]	Corpus-wide similar-topic and potential-duplicate review; current references identify one canonical topic
normalize-global-curation-first-in-class	active	creation	exact	first-in-class	first-of-class	First Of Class	["First In Class"]	Corpus-wide similar-topic and potential-duplicate review; current references identify one canonical topic
normalize-global-curation-first-lords-of-the-admiralty	active	creation	exact	first-lords-of-the-admiralty	first-lord-of-the-admiralty	First Lord Of The Admiralty	["First Lords Of The Admiralty"]	Corpus-wide similar-topic and potential-duplicate review; current references identify one canonical topic
normalize-global-curation-fishery-protection	active	creation	exact	fishery-protection	fisheries-protection	Fisheries Protection	["Fishery Protection"]	Corpus-wide similar-topic and potential-duplicate review; current references identify one canonical topic
normalize-global-curation-flag-signaling	active	creation	exact	flag-signaling	flag-signalling	Flag Signalling	["Flag Signaling"]	UK house-style normalization; retain the US spelling through the canonical topic aliases
normalize-global-curation-flags-of-convenience	active	creation	exact	flags-of-convenience	flag-of-convenience	Flag Of Convenience	["Flags Of Convenience"]	Corpus-wide similar-topic and potential-duplicate review; current references identify one canonical topic
normalize-global-curation-fleet-doctrine	active	creation	exact	fleet-doctrine	naval-doctrine	Naval Doctrine	["fleet doctrine","operational doctrine","naval concepts"]	Corpus-wide similar-topic and potential-duplicate review; current references identify one canonical topic
normalize-global-curation-fleet-force-structure	active	creation	exact	fleet-force-structure	naval-force-structure	Naval Force Structure	["Fleet Force Structure","Fleet Structure"]	Corpus-wide similar-topic and potential-duplicate review; current references identify one canonical topic
normalize-global-curation-fleet-structure	active	creation	exact	fleet-structure	naval-force-structure	Naval Force Structure	["Fleet Force Structure","Fleet Structure"]	Corpus-wide similar-topic and potential-duplicate review; current references identify one canonical topic
normalize-global-curation-fleet-support	active	creation	exact	fleet-support	naval-logistics	Naval Logistics	["fleet support"]	Corpus-wide similar-topic and potential-duplicate review; current references identify one canonical topic
normalize-global-curation-force-economy	active	creation	exact	force-economy	economy-of-force	Economy Of Force	["Force Economy"]	Corpus-wide similar-topic and potential-duplicate review; current references identify one canonical topic
normalize-global-curation-forced-labor	active	creation	exact	forced-labor	forced-labour	Forced Labour	["Forced Labor"]	UK house-style normalization; retain the US spelling through the canonical topic aliases
normalize-global-curation-fram-program	disabled	creation	exact	fram-program	fram-program	FRAM Program	[]	Disabled after review confirmed this is the official US programme name
normalize-global-curation-general-belgrano	review	creation	exact	general-belgrano	ara-general-belgrano	Ara General Belgrano	["Belgrano","General Belgrano"]	Corpus-wide similar-topic and potential-duplicate review; current references identify one canonical topic; safety audit: Can identify Manuel Belgrano or the namesake cruiser.
normalize-global-curation-government-in-exile	active	creation	exact	government-in-exile	governments-in-exile	Governments In Exile	["Government In Exile"]	Corpus-wide similar-topic and potential-duplicate review; current references identify one canonical topic
normalize-global-curation-graf-spee	review	creation	exact	graf-spee	admiral-graf-spee	Admiral Graf Spee	["Graf Spee"]	Corpus-wide similar-topic and potential-duplicate review; current references identify one canonical topic; safety audit: Can identify Maximilian von Spee or Admiral Graf Spee.
normalize-global-curation-grand-alliances	active	creation	exact	grand-alliances	grand-alliance	Grand Alliance	["Grand Alliances"]	Corpus-wide similar-topic and potential-duplicate review; current references identify one canonical topic
normalize-global-curation-guided-missiles	active	creation	exact	guided-missiles	missiles	Missiles	["guided missiles"]	Corpus-wide similar-topic and potential-duplicate review; current references identify one canonical topic
normalize-global-curation-guppy-program	disabled	creation	exact	guppy-program	guppy-program	GUPPY Program	[]	Disabled after review confirmed this is the official US programme name
normalize-global-curation-harbor-attack	active	creation	exact	harbor-attack	harbour-attacks	Harbour Attacks	["Harbor Attack","Harbor Attacks"]	UK house-style normalization; retain the US spelling through the canonical topic aliases
normalize-global-curation-harbor-attack-tactics	active	creation	exact	harbor-attack-tactics	harbour-attack-tactics	Harbour Attack Tactics	["Harbor Attack Tactics"]	UK house-style normalization; retain the US spelling through the canonical topic aliases
normalize-global-curation-harbor-pilotage	active	creation	exact	harbor-pilotage	harbour-pilotage	Harbour Pilotage	["Harbor Pilotage"]	UK house-style normalization; retain the US spelling through the canonical topic aliases
normalize-global-curation-harbor-raids	active	creation	exact	harbor-raids	harbour-raids	Harbour Raids	["Harbor Raids"]	UK house-style normalization; retain the US spelling through the canonical topic aliases
normalize-global-curation-helicopter-asw	active	creation	exact	helicopter-asw	asw-helicopters	ASW Helicopters	["Helicopter ASW"]	Corpus-wide similar-topic and potential-duplicate review; current references identify one canonical topic
normalize-global-curation-historical-skepticism	active	creation	exact	historical-skepticism	historical-scepticism	Historical Scepticism	["Historical Skepticism"]	UK house-style normalization; retain the US spelling through the canonical topic aliases
normalize-global-curation-home-island-defence	active	creation	exact	home-island-defence	home-islands-defence	Home Islands Defence	["Home Islands Defense","Home Island Defence","Home Island Defense"]	Corpus-wide similar-topic and potential-duplicate review; current references identify one canonical topic
review-global-curation-indian-ocean-raid	review	creation	exact	indian-ocean-raid	indian-ocean-raid	Indian Ocean Raid (1942)	[]	Context-dependent bare topic; current references were reviewed individually and future uses require evidence before selecting a typed canonical topic
review-global-curation-indian-ocean-raids	review	creation	exact	indian-ocean-raids	indian-ocean-raids	Indian Ocean Raid (1944)	[]	Context-dependent bare topic; current references were reviewed individually and future uses require evidence before selecting a typed canonical topic
normalize-global-curation-insect-class	active	creation	exact	insect-class	insect-class-gunboats	Insect-Class Gunboats	["Insect Class"]	Corpus-wide similar-topic and potential-duplicate review; current references identify one canonical topic
normalize-global-curation-intelligence-surveillance-reconnaissance	active	creation	exact	intelligence-surveillance-reconnaissance	intelligence-surveillance-and-reconnaissance	Intelligence Surveillance And Reconnaissance	["Intelligence Surveillance Reconnaissance"]	Corpus-wide similar-topic and potential-duplicate review; current references identify one canonical topic
normalize-global-curation-japanese-atomic-bomb-program	active	creation	exact	japanese-atomic-bomb-program	japanese-atomic-bomb-programme	Japanese Atomic Bomb Programme	["Japanese Atomic Bomb Program"]	UK house-style normalization; retain the US spelling through the canonical topic aliases
normalize-global-curation-kara-class	active	creation	exact	kara-class	kara-class-cruisers	Kara-Class Cruisers	["Kara Class","Project 1134B","Nikolayev","Kiev-class escorts"]	Corpus-wide similar-topic and potential-duplicate review; current references identify one canonical topic
normalize-global-curation-labor-history	active	creation	exact	labor-history	labour-history	Labour History	["Labor History"]	UK house-style normalization; retain the US spelling through the canonical topic aliases
normalize-global-curation-labor-relations	active	creation	exact	labor-relations	labour-relations	Labour Relations	["Labor Relations"]	UK house-style normalization; retain the US spelling through the canonical topic aliases
normalize-global-curation-library-catalogs	active	creation	exact	library-catalogs	catalogues	Catalogues	["Library Catalogs"]	UK house-style normalization; retain the US spelling through the canonical topic aliases
normalize-global-curation-lieutenants-examination	active	creation	exact	lieutenants-examination	lieutenant-examinations	Lieutenant Examinations	["Lieutenants Examination"]	Corpus-wide similar-topic and potential-duplicate review; current references identify one canonical topic
normalize-global-curation-line-breaking	active	creation	exact	line-breaking	breaking-the-line	Breaking The Line	["Line Breaking"]	Corpus-wide similar-topic and potential-duplicate review; current references identify one canonical topic
normalize-global-curation-logistics	active	creation	exact	logistics	military-logistics	Military Logistics	["logistics","transport vehicles","vehicle shortage"]	Corpus-wide similar-topic and potential-duplicate review; current references identify one canonical topic
normalize-global-curation-malacca-strait	active	creation	exact	malacca-strait	strait-of-malacca	Strait Of Malacca	["Malacca Strait"]	Corpus-wide similar-topic and potential-duplicate review; current references identify one canonical topic
review-global-curation-malta-siege	review	creation	exact	malta-siege	malta-siege	Siege of Malta (1798–1800)	[]	Context-dependent bare topic; current references were reviewed individually and future uses require evidence before selecting a typed canonical topic
normalize-global-curation-maritime-blockade	active	creation	exact	maritime-blockade	naval-blockade	Naval Blockade	["Naval Blockades","Blockade","Blockades","maritime blockade","commerce blockade"]	Corpus-wide similar-topic and potential-duplicate review; current references identify one canonical topic
normalize-global-curation-material-science	active	creation	exact	material-science	materials-science	Materials Science	["Material Science"]	Corpus-wide similar-topic and potential-duplicate review; current references identify one canonical topic
normalize-global-curation-medway-raid	active	creation	exact	medway-raid	raid-on-the-medway	Raid On The Medway	["Medway Raid"]	Corpus-wide similar-topic and potential-duplicate review; current references identify one canonical topic
normalize-global-curation-military-labor	active	creation	exact	military-labor	military-labour	Military Labour	["Military Labor"]	UK house-style normalization; retain the US spelling through the canonical topic aliases
normalize-global-curation-military-labor-history	active	creation	exact	military-labor-history	military-labour-history	Military Labour History	["Military Labor History"]	UK house-style normalization; retain the US spelling through the canonical topic aliases
review-global-curation-military-modeling	review	creation	exact	military-modeling	military-modeling	Military Analytical Modelling	[]	Context-dependent bare topic; current references were reviewed individually and future uses require evidence before selecting a typed canonical topic
review-global-curation-military-modelling	review	creation	exact	military-modelling	military-modelling	Military Scale Modelling	[]	Context-dependent bare topic; current references were reviewed individually and future uses require evidence before selecting a typed canonical topic
normalize-global-curation-military-signaling	active	creation	exact	military-signaling	military-signalling	Military Signalling	["Military Signaling"]	UK house-style normalization; retain the US spelling through the canonical topic aliases
review-global-curation-moskva	review	creation	exact	moskva	moskva	Russian Cruiser Moskva	[]	Context-dependent bare topic; current references were reviewed individually and future uses require evidence before selecting a typed canonical topic
normalize-global-curation-naval-concepts	active	creation	exact	naval-concepts	naval-doctrine	Naval Doctrine	["fleet doctrine","operational doctrine","naval concepts"]	Corpus-wide similar-topic and potential-duplicate review; current references identify one canonical topic
normalize-global-curation-naval-honour	active	creation	exact	naval-honour	naval-honours	Naval Honours	["Naval Honors","Naval Honour"]	Corpus-wide similar-topic and potential-duplicate review; current references identify one canonical topic
normalize-global-curation-naval-labor	active	creation	exact	naval-labor	naval-labour	Naval Labour	["Naval Labor"]	UK house-style normalization; retain the US spelling through the canonical topic aliases
normalize-global-curation-naval-manpower	active	creation	exact	naval-manpower	naval-personnel	Naval Personnel	["naval manpower","crews"]	Corpus-wide similar-topic and potential-duplicate review; current references identify one canonical topic
normalize-global-curation-naval-modeling	active	creation	exact	naval-modeling	naval-modelling	Naval Modelling	["Naval Modeling"]	Corpus-wide similar-topic and potential-duplicate review; current references identify one canonical topic
normalize-global-curation-naval-order-of-battle	active	creation	exact	naval-order-of-battle	naval-orders-of-battle	Naval Orders Of Battle	["Naval Order Of Battle"]	Corpus-wide similar-topic and potential-duplicate review; current references identify one canonical topic
normalize-global-curation-naval-signaling	active	creation	exact	naval-signaling	naval-signalling	Naval Signalling	["Naval Signaling"]	Corpus-wide similar-topic and potential-duplicate review; current references identify one canonical topic
normalize-global-curation-naval-weapon-development	active	creation	exact	naval-weapon-development	naval-weapons-development	Naval Weapons Development	["Naval Weapon Development"]	Corpus-wide similar-topic and potential-duplicate review; current references identify one canonical topic
normalize-global-curation-nuclear-cruisers	active	creation	exact	nuclear-cruisers	nuclear-powered-cruisers	Nuclear Powered Cruisers	["Nuclear Cruisers"]	Corpus-wide similar-topic and potential-duplicate review; current references identify one canonical topic
normalize-global-curation-ocean-modeling	active	creation	exact	ocean-modeling	ocean-modelling	Ocean Modelling	["Ocean Modeling"]	UK house-style normalization; retain the US spelling through the canonical topic aliases
review-global-curation-operation-c	review	creation	exact	operation-c	operation-c	Indian Ocean Raid (1942)	[]	Context-dependent bare topic; current references were reviewed individually and future uses require evidence before selecting a typed canonical topic
normalize-global-curation-operation-taranto	active	creation	exact	operation-taranto	battle-of-taranto	Battle Of Taranto	["Attack On Taranto","Operation Taranto","Raid On Taranto","Taranto Raid"]	Corpus-wide similar-topic and potential-duplicate review; current references identify one canonical topic
normalize-global-curation-order-of-battle	active	creation	exact	order-of-battle	orders-of-battle	Orders Of Battle	["Order Of Battle"]	Corpus-wide similar-topic and potential-duplicate review; current references identify one canonical topic
normalize-global-curation-ottoman-venetian-wars	active	creation	exact	ottoman-venetian-wars	second-ottoman-venetian-war	Second Ottoman-Venetian War	["Ottoman-Venetian War 1499","Ottoman Venetian War","Battle of Sapienza","Battle of Modon","Ottoman Venetian Wars"]	Corpus-wide similar-topic and potential-duplicate review; current references identify one canonical topic
normalize-global-curation-pearl-harbor-attack	active	creation	exact	pearl-harbor-attack	attack-on-pearl-harbor	Attack On Pearl Harbor	["Pearl Harbor Attack"]	Corpus-wide similar-topic and potential-duplicate review; current references identify one canonical topic
normalize-global-curation-penal-labor	active	creation	exact	penal-labor	penal-labour	Penal Labour	["Penal Labor"]	UK house-style normalization; retain the US spelling through the canonical topic aliases
normalize-global-curation-plate-armour	active	creation	exact	plate-armour	armour-plate	Armour Plate	["Armor Plate","Plate Armour"]	Corpus-wide similar-topic and potential-duplicate review; current references identify one canonical topic
normalize-global-curation-polaris-program	disabled	creation	exact	polaris-program	polaris-program	Polaris Program	[]	Disabled after review confirmed this is the official US programme name
normalize-global-curation-ports-and-harbors	active	creation	exact	ports-and-harbors	ports-and-harbours	Ports And Harbours	["Ports And Harbors"]	UK house-style normalization; retain the US spelling through the canonical topic aliases
normalize-global-curation-program-costs	active	creation	exact	program-costs	programme-costs	Programme Costs	["Program Costs"]	UK house-style normalization; retain the US spelling through the canonical topic aliases
normalize-global-curation-program-management	active	creation	exact	program-management	programme-management	Programme Management	["Program Management"]	UK house-style normalization; retain the US spelling through the canonical topic aliases
normalize-global-curation-raid-on-taranto	active	creation	exact	raid-on-taranto	battle-of-taranto	Battle Of Taranto	["Attack On Taranto","Operation Taranto","Raid On Taranto","Taranto Raid"]	Corpus-wide similar-topic and potential-duplicate review; current references identify one canonical topic
normalize-global-curation-rail-transport	active	creation	exact	rail-transport	railways	Railways	["Railroads","Rail Transport"]	Corpus-wide similar-topic and potential-duplicate review; current references identify one canonical topic
normalize-global-curation-requirement-creep	active	creation	exact	requirement-creep	requirements-creep	Requirements Creep	["Requirement Creep"]	Corpus-wide similar-topic and potential-duplicate review; current references identify one canonical topic
review-global-curation-revolutionary-wars	review	creation	exact	revolutionary-wars	revolutionary-wars	French Revolutionary Wars	[]	Context-dependent bare topic; current references were reviewed individually and future uses require evidence before selecting a typed canonical topic
normalize-global-curation-russia-ukraine-war	active	creation	exact	russia-ukraine-war	russo-ukrainian-war	Russo-Ukrainian War	["Russia Ukraine War","Ukraine War","War In Ukraine","Russia–Ukraine War"]	Corpus-wide similar-topic and potential-duplicate review; current references identify one canonical topic
normalize-global-curation-sailing-navy	active	creation	exact	sailing-navy	age-of-sail	Age Of Sail	["sailing navy","sail era","Sailing Navies"]	Corpus-wide similar-topic and potential-duplicate review; current references identify one canonical topic
normalize-global-curation-sailors-life	active	creation	exact	sailors-life	sailor-life	Sailor Life	["Sailors Life"]	Corpus-wide similar-topic and potential-duplicate review; current references identify one canonical topic
normalize-global-curation-sailors-pay	active	creation	exact	sailors-pay	sailor-pay	Sailor Pay	["Sailors Pay"]	Corpus-wide similar-topic and potential-duplicate review; current references identify one canonical topic
normalize-global-curation-science-history	active	creation	exact	science-history	history-of-science	History Of Science	["Science History"]	Corpus-wide similar-topic and potential-duplicate review; current references identify one canonical topic
normalize-global-curation-sea-replenishment	active	creation	exact	sea-replenishment	replenishment-at-sea	Replenishment At Sea	["Sea Replenishment"]	Corpus-wide similar-topic and potential-duplicate review; current references identify one canonical topic
normalize-global-curation-sea-rescue	active	creation	exact	sea-rescue	rescue-at-sea	Rescue At Sea	["Sea Rescue"]	Corpus-wide similar-topic and potential-duplicate review; current references identify one canonical topic
normalize-global-curation-second-rate-ship-of-the-line	active	creation	exact	second-rate-ship-of-the-line	second-rate-ships-of-the-line	Second Rate Ships Of The Line	["Second Rate Ship Of The Line"]	Corpus-wide similar-topic and potential-duplicate review; current references identify one canonical topic
normalize-global-curation-shallow-draft	active	creation	exact	shallow-draft	shallow-draught	Shallow Draught	["Shallow Draft","Shallow Draft Ships","Shallow Draft Vessels"]	UK house-style normalization; retain the US spelling through the canonical topic aliases
normalize-global-curation-shallow-draft-ships	active	creation	exact	shallow-draft-ships	shallow-draught	Shallow Draught	["Shallow Draft","Shallow Draft Ships","Shallow Draft Vessels"]	UK house-style normalization; retain the US spelling through the canonical topic aliases
normalize-global-curation-shallow-draft-vessels	active	creation	exact	shallow-draft-vessels	shallow-draught	Shallow Draught	["Shallow Draft","Shallow Draft Ships","Shallow Draft Vessels"]	UK house-style normalization; retain the US spelling through the canonical topic aliases
normalize-global-curation-ship-boats	active	creation	exact	ship-boats	ships-boats	Ships' Boats	["Ship Boats","Ship's Boats"]	Corpus-wide similar-topic and potential-duplicate review; current references identify one canonical topic
normalize-global-curation-ship-draft	active	creation	exact	ship-draft	ship-draught	Ship Draught	["Draft","Ship Draft","Warship Draft"]	UK house-style normalization; retain the US spelling through the canonical topic aliases
normalize-global-curation-ship-engines	active	creation	exact	ship-engines	ship-propulsion	Ship Propulsion	["marine propulsion","ship engines"]	Corpus-wide similar-topic and potential-duplicate review; current references identify one canonical topic
normalize-global-curation-ship-modeling	active	creation	exact	ship-modeling	ship-modelling	Ship Modelling	["Ship Modeling"]	UK house-style normalization; retain the US spelling through the canonical topic aliases
normalize-global-curation-shipboard-labor	active	creation	exact	shipboard-labor	shipboard-labour	Shipboard Labour	["Shipboard Labor"]	UK house-style normalization; retain the US spelling through the canonical topic aliases
normalize-global-curation-ships-cats	active	creation	exact	ships-cats	ship-cats	Ship's Cats	["Ships Cats","Ships' Cats"]	Corpus-wide similar-topic and potential-duplicate review; current references identify one canonical topic
normalize-global-curation-shipyard-labor	active	creation	exact	shipyard-labor	shipyard-labour	Shipyard Labour	["Shipyard Labor"]	UK house-style normalization; retain the US spelling through the canonical topic aliases
review-global-curation-siege-of-malta	review	creation	exact	siege-of-malta	siege-of-malta	Siege of Malta (1940–1942)	[]	Context-dependent bare topic; current references were reviewed individually and future uses require evidence before selecting a typed canonical topic
normalize-global-curation-signaling	active	creation	exact	signaling	signalling	Signalling	["Signaling"]	UK house-style normalization; retain the US spelling through the canonical topic aliases
normalize-global-curation-simulation-modeling	active	creation	exact	simulation-modeling	simulation-modelling	Simulation Modelling	["Simulation Modeling"]	UK house-style normalization; retain the US spelling through the canonical topic aliases
normalize-global-curation-singtao-incident	active	creation	exact	singtao-incident	tsingtao-incident	Tsingtao Incident	["Singtao Incident"]	Corpus-wide similar-topic and potential-duplicate review; current references identify one canonical topic
normalize-global-curation-six-six-fleet-program	active	creation	exact	six-six-fleet-program	six-six-fleet-programme	Six-Six Fleet Programme	["Six Six Fleet Program"]	UK house-style normalization; retain the US spelling through the canonical topic aliases
normalize-global-curation-skilled-labor	active	creation	exact	skilled-labor	skilled-labour	Skilled Labour	["Skilled Labor"]	UK house-style normalization; retain the US spelling through the canonical topic aliases
normalize-global-curation-slave-labor	active	creation	exact	slave-labor	slave-labour	Slave Labour	["Slave Labor"]	UK house-style normalization; retain the US spelling through the canonical topic aliases
normalize-global-curation-soviet-nuclear-program	active	creation	exact	soviet-nuclear-program	soviet-nuclear-programme	Soviet Nuclear Programme	["Soviet Nuclear Program"]	UK house-style normalization; retain the US spelling through the canonical topic aliases
normalize-global-curation-spheres-of-influence	active	creation	exact	spheres-of-influence	sphere-of-influence	Sphere Of Influence	["Spheres Of Influence"]	Corpus-wide similar-topic and potential-duplicate review; current references identify one canonical topic
normalize-global-curation-spy-1	active	creation	exact	spy-1	spy-1-radar	AN/SPY-1 Radar	["An Spy 1","Spy 1","AN/SPY-1","SPY-1"]	Corpus-wide similar-topic and potential-duplicate review; current references identify one canonical topic
normalize-global-curation-stealth-warships	active	creation	exact	stealth-warships	warship-stealth	Warship Stealth	["Stealth Warships"]	Corpus-wide similar-topic and potential-duplicate review; current references identify one canonical topic
normalize-global-curation-strait-of-taiwan	active	creation	exact	strait-of-taiwan	taiwan-strait	Taiwan Strait	["Strait Of Taiwan"]	Corpus-wide similar-topic and potential-duplicate review; current references identify one canonical topic
normalize-global-curation-strategic-signaling	active	creation	exact	strategic-signaling	strategic-signalling	Strategic Signalling	["Strategic Signaling"]	UK house-style normalization; retain the US spelling through the canonical topic aliases
normalize-global-curation-taranto-raid	active	creation	exact	taranto-raid	battle-of-taranto	Battle Of Taranto	["Attack On Taranto","Operation Taranto","Raid On Taranto","Taranto Raid"]	Corpus-wide similar-topic and potential-duplicate review; current references identify one canonical topic
normalize-global-curation-technology-history	active	creation	exact	technology-history	history-of-technology	History Of Technology	["Technology History"]	Corpus-wide similar-topic and potential-duplicate review; current references identify one canonical topic
normalize-global-curation-the-pacific	active	creation	exact	the-pacific	the-pacific-miniseries	The Pacific (Miniseries)	["The Pacific"]	Corpus-wide similar-topic and potential-duplicate review; current references identify one canonical topic
normalize-global-curation-toulon-scuttling	active	creation	exact	toulon-scuttling	scuttling-at-toulon	Scuttling At Toulon	["Toulon Scuttling"]	Corpus-wide similar-topic and potential-duplicate review; current references identify one canonical topic
normalize-global-curation-tribunes-of-the-plebs	active	creation	exact	tribunes-of-the-plebs	tribune-of-the-plebs	Tribune Of The Plebs	["Tribunes Of The Plebs"]	Corpus-wide similar-topic and potential-duplicate review; current references identify one canonical topic
normalize-global-curation-ukraine-war	active	creation	exact	ukraine-war	russo-ukrainian-war	Russo-Ukrainian War	["Russia Ukraine War","Ukraine War","War In Ukraine","Russia–Ukraine War"]	Corpus-wide similar-topic and potential-duplicate review; current references identify one canonical topic
normalize-global-curation-united-states-defence-organization	active	creation	exact	united-states-defence-organization	united-states-defence-organisation	United States Defence Organisation	["United States Defence Organization"]	UK house-style normalization; retain the US spelling through the canonical topic aliases
review-global-curation-vandal	review	creation	exact	vandal	vandal	SS Vandal	[]	Context-dependent bare topic; current references were reviewed individually and future uses require evidence before selecting a typed canonical topic
normalize-global-curation-versailles-treaty	active	creation	exact	versailles-treaty	treaty-of-versailles	Treaty Of Versailles	["Versailles Treaty"]	Corpus-wide similar-topic and potential-duplicate review; current references identify one canonical topic
normalize-global-curation-war-in-the-pacific	active	creation	exact	war-in-the-pacific	pacific-war	Pacific War	["Pacific campaign","Pacific island campaign","War In The Pacific"]	Corpus-wide similar-topic and potential-duplicate review; current references identify one canonical topic
normalize-global-curation-war-in-ukraine	active	creation	exact	war-in-ukraine	russo-ukrainian-war	Russo-Ukrainian War	["Russia Ukraine War","Ukraine War","War In Ukraine","Russia–Ukraine War"]	Corpus-wide similar-topic and potential-duplicate review; current references identify one canonical topic
normalize-global-curation-warship-draft	active	creation	exact	warship-draft	ship-draught	Ship Draught	["Draft","Ship Draft","Warship Draft"]	UK house-style normalization; retain the US spelling through the canonical topic aliases
normalize-global-curation-warship-modeling	active	creation	exact	warship-modeling	warship-modelling	Warship Modelling	["Warship Modeling"]	Corpus-wide similar-topic and potential-duplicate review; current references identify one canonical topic
normalize-global-curation-weapon-development	active	creation	exact	weapon-development	weapons-development	Weapons Development	["Weapon Development"]	Corpus-wide similar-topic and potential-duplicate review; current references identify one canonical topic
normalize-global-curation-weapon-integration	active	creation	exact	weapon-integration	weapons-integration	Weapons Integration	["Weapon Integration"]	Corpus-wide similar-topic and potential-duplicate review; current references identify one canonical topic
normalize-global-curation-weapon-testing	active	creation	exact	weapon-testing	weapons-testing	Weapons Testing	["Weapon Testing"]	Corpus-wide similar-topic and potential-duplicate review; current references identify one canonical topic
normalize-global-curation-weapons-design	active	creation	exact	weapons-design	weapon-design	Weapon Design	["Weapons Design"]	Corpus-wide similar-topic and potential-duplicate review; current references identify one canonical topic
normalize-global-curation-weapons-employment	active	creation	exact	weapons-employment	weapon-employment	Weapon Employment	["Weapons Employment"]	Corpus-wide similar-topic and potential-duplicate review; current references identify one canonical topic
normalize-global-curation-weapons-modeling	active	creation	exact	weapons-modeling	weapons-modelling	Weapons Modelling	["Weapons Modeling"]	UK house-style normalization; retain the US spelling through the canonical topic aliases
normalize-global-curation-weapons-reliability	active	creation	exact	weapons-reliability	weapon-reliability	Weapon Reliability	["Weapons Reliability"]	Corpus-wide similar-topic and potential-duplicate review; current references identify one canonical topic
normalize-global-curation-weapons-systems	active	creation	exact	weapons-systems	weapon-systems	Weapon Systems	["Weapons Systems"]	Corpus-wide similar-topic and potential-duplicate review; current references identify one canonical topic
normalize-global-curation-west-coast-of-the-united-states	active	creation	exact	west-coast-of-the-united-states	united-states-west-coast	United States West Coast	["West Coast Of The United States"]	Corpus-wide similar-topic and potential-duplicate review; current references identify one canonical topic
normalize-global-curation-womens-naval-service	active	creation	exact	womens-naval-service	women-in-naval-service	Women in Naval Service	["Womens Naval Service"]	Corpus-wide similar-topic and potential-duplicate review; current references identify one canonical topic
normalize-global-curation-40-millimeter-bofors	active	creation	exact	40-millimeter-bofors	bofors-40-mm	Bofors 40 mm	["40 Millimeter Bofors"]	UK spelling plus reviewed semantic consolidation.
normalize-global-curation-blank-check	active	creation	exact	blank-check	blank-cheque	Blank Cheque	["Blank Check"]	Generic financial/political idiom; UK cheque spelling is canonical.
normalize-global-curation-evasive-maneuvering	active	creation	exact	evasive-maneuvering	evasive-manoeuvre	Evasive Manoeuvre	["Evasive Maneuvering"]	UK spelling plus reviewed semantic consolidation.
normalize-global-curation-maneuvering	active	creation	exact	maneuvering	ship-manoeuvring	Ship Manoeuvring	["Maneuvering"]	UK spelling plus reviewed semantic consolidation.
normalize-global-curation-naval-defenses	active	creation	exact	naval-defenses	naval-defence	Naval Defence	["Naval Defenses"]	UK spelling plus reviewed semantic consolidation.
normalize-global-curation-specialized-warships	active	creation	exact	specialized-warships	specialist-warships	Specialist Warships	["Specialized Warships"]	UK spelling plus reviewed semantic consolidation.
normalize-global-curation-warship-maneuvering	active	creation	exact	warship-maneuvering	warship-manoeuvre	Warship Manoeuvre	["Warship Maneuvering"]	UK spelling plus reviewed semantic consolidation.
normalize-global-curation-african-theaters	active	creation	exact	african-theaters	african-theatres	African Theatres	["African Theaters"]	UK house-style normalization; retain the US spelling through the canonical topic aliases
normalize-global-curation-aircraft-navalization	active	creation	exact	aircraft-navalization	aircraft-navalisation	Aircraft Navalisation	["Aircraft Navalization"]	UK house-style normalization; retain the US spelling through the canonical topic aliases
normalize-global-curation-analog-computers	active	creation	exact	analog-computers	analogue-computers	Analogue Computers	["Analog Computers"]	UK house-style normalization; retain the US spelling through the canonical topic aliases
normalize-global-curation-analog-computing	active	creation	exact	analog-computing	analogue-computing	Analogue Computing	["Analog Computing"]	UK house-style normalization; retain the US spelling through the canonical topic aliases
normalize-global-curation-centerline-turrets	active	creation	exact	centerline-turrets	centreline-turrets	Centreline Turrets	["Centerline Turrets"]	UK house-style normalization; retain the US spelling through the canonical topic aliases
normalize-global-curation-civilizational-collapse	active	creation	exact	civilizational-collapse	civilisational-collapse	Civilisational Collapse	["Civilizational Collapse"]	UK house-style normalization; retain the US spelling through the canonical topic aliases
normalize-global-curation-coast-guard-recapitalization	active	creation	exact	coast-guard-recapitalization	coast-guard-recapitalisation	Coast Guard Recapitalisation	["Coast Guard Recapitalization"]	UK house-style normalization; retain the US spelling through the canonical topic aliases
normalize-global-curation-command-information-centers	active	creation	exact	command-information-centers	command-information-centres	Command Information Centres	["Command Information Centers"]	UK house-style normalization; retain the US spelling through the canonical topic aliases
normalize-global-curation-command-judgment	active	creation	exact	command-judgment	command-judgement	Command Judgement	["Command Judgment"]	UK house-style normalization; retain the US spelling through the canonical topic aliases
normalize-global-curation-compartmentalization	active	creation	exact	compartmentalization	compartmentalisation	Compartmentalisation	["Compartmentalization"]	UK house-style normalization; retain the US spelling through the canonical topic aliases
normalize-global-curation-conflict-stabilization	active	creation	exact	conflict-stabilization	conflict-stabilisation	Conflict Stabilisation	["Conflict Stabilization"]	UK house-style normalization; retain the US spelling through the canonical topic aliases
normalize-global-curation-decarbonization	active	creation	exact	decarbonization	decarbonisation	Decarbonisation	["Decarbonization"]	UK house-style normalization; retain the US spelling through the canonical topic aliases
normalize-global-curation-deindustrialization	active	creation	exact	deindustrialization	deindustrialisation	Deindustrialisation	["Deindustrialization"]	UK house-style normalization; retain the US spelling through the canonical topic aliases
normalize-global-curation-demilitarization	active	creation	exact	demilitarization	demilitarisation	Demilitarisation	["Demilitarization"]	UK house-style normalization; retain the US spelling through the canonical topic aliases
normalize-global-curation-denny-brown-stabilizer	active	creation	exact	denny-brown-stabilizer	denny-brown-stabiliser	Denny Brown Stabiliser	["Denny Brown Stabilizer"]	UK house-style normalization; retain the US spelling through the canonical topic aliases
normalize-global-curation-digitization	active	creation	exact	digitization	digitisation	Digitisation	["Digitization"]	UK house-style normalization; retain the US spelling through the canonical topic aliases
normalize-global-curation-emergency-maneuvering	active	creation	exact	emergency-maneuvering	emergency-manoeuvring	Emergency Manoeuvring	["Emergency Maneuvering"]	UK house-style normalization; retain the US spelling through the canonical topic aliases
normalize-global-curation-false-colors	active	creation	exact	false-colors	false-colours	False Colours	["False Colors"]	UK house-style normalization; retain the US spelling through the canonical topic aliases
normalize-global-curation-fiber-optics	active	creation	exact	fiber-optics	fibre-optics	Fibre Optics	["Fiber Optics"]	UK house-style normalization; retain the US spelling through the canonical topic aliases
normalize-global-curation-fiberglass-boats	active	creation	exact	fiberglass-boats	fibreglass-boats	Fibreglass Boats	["Fiberglass Boats"]	UK house-style normalization; retain the US spelling through the canonical topic aliases
normalize-global-curation-fiberglass-hulls	active	creation	exact	fiberglass-hulls	fibreglass-hulls	Fibreglass Hulls	["Fiberglass Hulls"]	UK house-style normalization; retain the US spelling through the canonical topic aliases
normalize-global-curation-fleet-recapitalization	active	creation	exact	fleet-recapitalization	fleet-recapitalisation	Fleet Recapitalisation	["Fleet Recapitalization"]	UK house-style normalization; retain the US spelling through the canonical topic aliases
normalize-global-curation-fleet-specialization	active	creation	exact	fleet-specialization	fleet-specialisation	Fleet Specialisation	["Fleet Specialization"]	UK house-style normalization; retain the US spelling through the canonical topic aliases
normalize-global-curation-fleet-utilization	active	creation	exact	fleet-utilization	fleet-utilisation	Fleet Utilisation	["Fleet Utilization"]	UK house-style normalization; retain the US spelling through the canonical topic aliases
normalize-global-curation-french-military-advisors	active	creation	exact	french-military-advisors	french-military-advisers	French Military Advisers	["French Military Advisors"]	UK house-style normalization; retain the US spelling through the canonical topic aliases
normalize-global-curation-globalization	active	creation	exact	globalization	globalisation	Globalisation	["Globalization"]	UK house-style normalization; retain the US spelling through the canonical topic aliases
normalize-global-curation-gun-stabilization	active	creation	exact	gun-stabilization	gun-stabilisation	Gun Stabilisation	["Gun Stabilization"]	UK house-style normalization; retain the US spelling through the canonical topic aliases
normalize-global-curation-historical-dramatization	active	creation	exact	historical-dramatization	historical-dramatisation	Historical Dramatisation	["Historical Dramatization"]	UK house-style normalization; retain the US spelling through the canonical topic aliases
normalize-global-curation-historical-periodization	active	creation	exact	historical-periodization	historical-periodisation	Historical Periodisation	["Historical Periodization"]	UK house-style normalization; retain the US spelling through the canonical topic aliases
normalize-global-curation-humanitarian-organizations	active	creation	exact	humanitarian-organizations	humanitarian-organisations	Humanitarian Organisations	["Humanitarian Organizations"]	UK house-style normalization; retain the US spelling through the canonical topic aliases
normalize-global-curation-industrial-specialization	active	creation	exact	industrial-specialization	industrial-specialisation	Industrial Specialisation	["Industrial Specialization"]	UK house-style normalization; retain the US spelling through the canonical topic aliases
normalize-global-curation-international-organizations	active	creation	exact	international-organizations	international-organisations	International Organisations	["International Organizations"]	UK house-style normalization; retain the US spelling through the canonical topic aliases
normalize-global-curation-large-organizations	active	creation	exact	large-organizations	large-organisations	Large Organisations	["Large Organizations"]	UK house-style normalization; retain the US spelling through the canonical topic aliases
normalize-global-curation-low-speed-maneuvering	active	creation	exact	low-speed-maneuvering	low-speed-manoeuvring	Low Speed Manoeuvring	["Low Speed Maneuvering"]	UK house-style normalization; retain the US spelling through the canonical topic aliases
normalize-global-curation-marinization	active	creation	exact	marinization	marinisation	Marinisation	["Marinization"]	UK house-style normalization; retain the US spelling through the canonical topic aliases
normalize-global-curation-material-aging	active	creation	exact	material-aging	material-ageing	Material Ageing	["Material Aging"]	UK house-style normalization; retain the US spelling through the canonical topic aliases
normalize-global-curation-mechanized-infantry	active	creation	exact	mechanized-infantry	mechanised-infantry	Mechanised Infantry	["Mechanized Infantry"]	UK house-style normalization; retain the US spelling through the canonical topic aliases
normalize-global-curation-mechanized-warfare	active	creation	exact	mechanized-warfare	mechanised-warfare	Mechanised Warfare	["Mechanized Warfare"]	UK house-style normalization; retain the US spelling through the canonical topic aliases
normalize-global-curation-military-artifacts	active	creation	exact	military-artifacts	military-artefacts	Military Artefacts	["Military Artifacts"]	UK house-style normalization; retain the US spelling through the canonical topic aliases
normalize-global-curation-military-organizational-culture	active	creation	exact	military-organizational-culture	military-organisational-culture	Military Organisational Culture	["Military Organizational Culture"]	UK house-style normalization; retain the US spelling through the canonical topic aliases
normalize-global-curation-military-professionalization	active	creation	exact	military-professionalization	military-professionalisation	Military Professionalisation	["Military Professionalization"]	UK house-style normalization; retain the US spelling through the canonical topic aliases
normalize-global-curation-military-specialization	active	creation	exact	military-specialization	military-specialisation	Military Specialisation	["Military Specialization"]	UK house-style normalization; retain the US spelling through the canonical topic aliases
normalize-global-curation-miniaturization	active	creation	exact	miniaturization	miniaturisation	Miniaturisation	["Miniaturization"]	UK house-style normalization; retain the US spelling through the canonical topic aliases
normalize-global-curation-mission-specialization	active	creation	exact	mission-specialization	mission-specialisation	Mission Specialisation	["Mission Specialization"]	UK house-style normalization; retain the US spelling through the canonical topic aliases
normalize-global-curation-motorization	active	creation	exact	motorization	motorisation	Motorisation	["Motorization"]	UK house-style normalization; retain the US spelling through the canonical topic aliases
normalize-global-curation-motorized-infantry	active	creation	exact	motorized-infantry	motorised-infantry	Motorised Infantry	["Motorized Infantry"]	UK house-style normalization; retain the US spelling through the canonical topic aliases
normalize-global-curation-nato-specialization	active	creation	exact	nato-specialization	nato-specialisation	NATO Specialisation	["NATO Specialization"]	UK house-style normalization; retain the US spelling through the canonical topic aliases
normalize-global-curation-naval-artifacts	active	creation	exact	naval-artifacts	naval-artefacts	Naval Artefacts	["Naval Artifacts"]	UK house-style normalization; retain the US spelling through the canonical topic aliases
normalize-global-curation-naval-judgment	active	creation	exact	naval-judgment	naval-judgement	Naval Judgement	["Naval Judgment"]	UK house-style normalization; retain the US spelling through the canonical topic aliases
normalize-global-curation-naval-professionalization	active	creation	exact	naval-professionalization	naval-professionalisation	Naval Professionalisation	["Naval Professionalization"]	UK house-style normalization; retain the US spelling through the canonical topic aliases
normalize-global-curation-naval-specialization	active	creation	exact	naval-specialization	naval-specialisation	Naval Specialisation	["Naval Specialization"]	UK house-style normalization; retain the US spelling through the canonical topic aliases
normalize-global-curation-navalized-aircraft	active	creation	exact	navalized-aircraft	navalised-aircraft	Navalised Aircraft	["Navalized Aircraft"]	UK house-style normalization; retain the US spelling through the canonical topic aliases
normalize-global-curation-neutral-harbors	active	creation	exact	neutral-harbors	neutral-harbours	Neutral Harbours	["Neutral Harbors"]	UK house-style normalization; retain the US spelling through the canonical topic aliases
normalize-global-curation-operation-judgment	active	creation	exact	operation-judgment	operation-judgement	Operation Judgement	["Operation Judgment"]	UK house-style normalization; retain the US spelling through the canonical topic aliases
normalize-global-curation-organizational-change	active	creation	exact	organizational-change	organisational-change	Organisational Change	["Organizational Change"]	UK house-style normalization; retain the US spelling through the canonical topic aliases
normalize-global-curation-organizational-culture	active	creation	exact	organizational-culture	organisational-culture	Organisational Culture	["Organizational Culture"]	UK house-style normalization; retain the US spelling through the canonical topic aliases
normalize-global-curation-organizational-history	active	creation	exact	organizational-history	organisational-history	Organisational History	["Organizational History"]	UK house-style normalization; retain the US spelling through the canonical topic aliases
normalize-global-curation-organizational-leadership	active	creation	exact	organizational-leadership	organisational-leadership	Organisational Leadership	["Organizational Leadership"]	UK house-style normalization; retain the US spelling through the canonical topic aliases
normalize-global-curation-organizational-learning	active	creation	exact	organizational-learning	organisational-learning	Organisational Learning	["Organizational Learning"]	UK house-style normalization; retain the US spelling through the canonical topic aliases
normalize-global-curation-organizational-resilience	active	creation	exact	organizational-resilience	organisational-resilience	Organisational Resilience	["Organizational Resilience"]	UK house-style normalization; retain the US spelling through the canonical topic aliases
normalize-global-curation-organized-crime	active	creation	exact	organized-crime	organised-crime	Organised Crime	["Organized Crime"]	UK house-style normalization; retain the US spelling through the canonical topic aliases
normalize-global-curation-oxidizers	active	creation	exact	oxidizers	oxidisers	Oxidisers	["Oxidizers"]	UK house-style normalization; retain the US spelling through the canonical topic aliases
normalize-global-curation-palletization	active	creation	exact	palletization	palletisation	Palletisation	["Palletization"]	UK house-style normalization; retain the US spelling through the canonical topic aliases
normalize-global-curation-periodization	active	creation	exact	periodization	periodisation	Periodisation	["Periodization"]	UK house-style normalization; retain the US spelling through the canonical topic aliases
normalize-global-curation-political-polarization	active	creation	exact	political-polarization	political-polarisation	Political Polarisation	["Political Polarization"]	UK house-style normalization; retain the US spelling through the canonical topic aliases
normalize-global-curation-politicization-of-history	active	creation	exact	politicization-of-history	politicisation-of-history	Politicisation Of History	["Politicization Of History"]	UK house-style normalization; retain the US spelling through the canonical topic aliases
normalize-global-curation-pressurized-water-reactors	active	creation	exact	pressurized-water-reactors	pressurised-water-reactors	Pressurised Water Reactors	["Pressurized Water Reactors"]	UK house-style normalization; retain the US spelling through the canonical topic aliases
normalize-global-curation-privatization	active	creation	exact	privatization	privatisation	Privatisation	["Privatization"]	UK house-style normalization; retain the US spelling through the canonical topic aliases
normalize-global-curation-professional-judgment	active	creation	exact	professional-judgment	professional-judgement	Professional Judgement	["Professional Judgment"]	UK house-style normalization; retain the US spelling through the canonical topic aliases
normalize-global-curation-professionalization	active	creation	exact	professionalization	professionalisation	Professionalisation	["Professionalization"]	UK house-style normalization; retain the US spelling through the canonical topic aliases
normalize-global-curation-rail-privatization	active	creation	exact	rail-privatization	rail-privatisation	Rail Privatisation	["Rail Privatization"]	UK house-style normalization; retain the US spelling through the canonical topic aliases
normalize-global-curation-rhineland-remilitarization	active	creation	exact	rhineland-remilitarization	rhineland-remilitarisation	Rhineland Remilitarisation	["Rhineland Remilitarization","Remilitarization of the Rhineland"]	UK house-style normalization; retain the US spelling through the canonical topic aliases
normalize-global-curation-role-specialization	active	creation	exact	role-specialization	role-specialisation	Role Specialisation	["Role Specialization"]	UK house-style normalization; retain the US spelling through the canonical topic aliases
normalize-global-curation-romanization	active	creation	exact	romanization	romanisation	Romanisation	["Romanization"]	UK house-style normalization; retain the US spelling through the canonical topic aliases
normalize-global-curation-secondary-theaters	active	creation	exact	secondary-theaters	secondary-theatres	Secondary Theatres	["Secondary Theaters"]	UK house-style normalization; retain the US spelling through the canonical topic aliases
normalize-global-curation-sectionalization	active	creation	exact	sectionalization	sectionalisation	Sectionalisation	["Sectionalization"]	UK house-style normalization; retain the US spelling through the canonical topic aliases
normalize-global-curation-service-specialization	active	creation	exact	service-specialization	service-specialisation	Service Specialisation	["Service Specialization"]	UK house-style normalization; retain the US spelling through the canonical topic aliases
normalize-global-curation-ship-customization	active	creation	exact	ship-customization	ship-customisation	Ship Customisation	["Ship Customization"]	UK house-style normalization; retain the US spelling through the canonical topic aliases
normalize-global-curation-ship-stabilization	active	creation	exact	ship-stabilization	ship-stabilisation	Ship Stabilisation	["Ship Stabilization"]	UK house-style normalization; retain the US spelling through the canonical topic aliases
normalize-global-curation-ship-stabilizers	active	creation	exact	ship-stabilizers	ship-stabilisers	Ship Stabilisers	["Ship Stabilizers"]	UK house-style normalization; retain the US spelling through the canonical topic aliases
normalize-global-curation-shipyard-rationalization	active	creation	exact	shipyard-rationalization	shipyard-rationalisation	Shipyard Rationalisation	["Shipyard Rationalization"]	UK house-style normalization; retain the US spelling through the canonical topic aliases
normalize-global-curation-shipyard-specialization	active	creation	exact	shipyard-specialization	shipyard-specialisation	Shipyard Specialisation	["Shipyard Specialization"]	UK house-style normalization; retain the US spelling through the canonical topic aliases
normalize-global-curation-space-resource-utilization	active	creation	exact	space-resource-utilization	space-resource-utilisation	Space Resource Utilisation	["Space Resource Utilization"]	UK house-style normalization; retain the US spelling through the canonical topic aliases
normalize-global-curation-stabilization	active	creation	exact	stabilization	stabilisation	Stabilisation	["Stabilization"]	UK house-style normalization; retain the US spelling through the canonical topic aliases
normalize-global-curation-submarine-maneuvering	active	creation	exact	submarine-maneuvering	submarine-manoeuvring	Submarine Manoeuvring	["Submarine Maneuvering"]	UK house-style normalization; retain the US spelling through the canonical topic aliases
normalize-global-curation-suppression-of-enemy-defenses	active	creation	exact	suppression-of-enemy-defenses	suppression-of-enemy-defences	Suppression Of Enemy Defences	["Suppression Of Enemy Defenses"]	UK house-style normalization; retain the US spelling through the canonical topic aliases
normalize-global-curation-transnational-organized-crime	active	creation	exact	transnational-organized-crime	transnational-organised-crime	Transnational Organised Crime	["Transnational Organized Crime"]	UK house-style normalization; retain the US spelling through the canonical topic aliases
normalize-global-curation-volunteer-organizations	active	creation	exact	volunteer-organizations	volunteer-organisations	Volunteer Organisations	["Volunteer Organizations"]	UK house-style normalization; retain the US spelling through the canonical topic aliases
normalize-global-curation-warhead-miniaturization	active	creation	exact	warhead-miniaturization	warhead-miniaturisation	Warhead Miniaturisation	["Warhead Miniaturization"]	UK house-style normalization; retain the US spelling through the canonical topic aliases
normalize-global-curation-warship-artifacts	active	creation	exact	warship-artifacts	warship-artefacts	Warship Artefacts	["Warship Artifacts","Ship Artifacts"]	UK house-style normalization; retain the US spelling through the canonical topic aliases
normalize-global-curation-apollo-programme	active	creation	exact	apollo-programme	apollo-program	Apollo Program	["Apollo Programme"]	Official US programme name retained as canonical; UK spelling retained as an alias
normalize-global-curation-f-35-programme	active	creation	exact	f-35-programme	f-35-program	F-35 Program	["F-35 Programme","Joint Strike Fighter","JSF"]	Official US programme name retained as canonical; UK spelling retained as an alias
normalize-global-curation-fram-programme	active	creation	exact	fram-programme	fram-program	FRAM Program	["FRAM Programme"]	Official US programme name retained as canonical; UK spelling retained as an alias
normalize-global-curation-guppy-programme	active	creation	exact	guppy-programme	guppy-program	GUPPY Program	["GUPPY Programme"]	Official US programme name retained as canonical; UK spelling retained as an alias
normalize-global-curation-polaris-programme	active	creation	exact	polaris-programme	polaris-program	Polaris Program	["Polaris Programme"]	Official US programme name retained as canonical; UK spelling retained as an alias
review-global-curation-national-archives	review	creation	exact	national-archives	national-archives	The National Archives	[]	All current references identify the UK institution at Kew; future bare uses require context because other countries also have national archives
normalize-global-curation-law-of-war	active	creation	exact	law-of-war	laws-of-war	Laws Of War	["Law of War"]	Singular/plural duplicate; all reviewed uses concern the same body of wartime legal rules.
normalize-global-curation-long-lance-torpedoes	active	creation	exact	long-lance-torpedoes	long-lance-torpedo	Long Lance Torpedo	["Long Lance Torpedoes"]	Singular/plural duplicate of the same named Japanese torpedo type; retain the singular named-model topic.
normalize-global-curation-whitehead-torpedoes	active	creation	exact	whitehead-torpedoes	whitehead-torpedo	Whitehead Torpedo	["Whitehead Torpedoes"]	Singular/plural duplicate of the same named self-propelled torpedo design; retain the singular named-model topic.
review-global-curation-man-of-war	review	creation	exact	man-of-war	man-of-war	Man of War Series (H. Paul Honsinger)	[]	Man of War can denote a historical fighting ship or a titled fictional work; the sole reviewed current use identifies H. Paul Honsinger's science-fiction series, but future bare uses require contextual evidence.
normalize-global-curation-italian-aircraft-carrier-aquila	active	creation	exact	italian-aircraft-carrier-aquila	aquila-aircraft-carrier	Aquila Aircraft Carrier	["Italian Aircraft Carrier Aquila"]	All reviewed uses identify the incomplete Italian aircraft carrier Aquila.
normalize-global-curation-british-admiralty	active	creation	exact	british-admiralty	admiralty	Admiralty	["British Admiralty"]	The unqualified Admiralty topic is the British institution; Dutch and other admiralties remain separately qualified.
normalize-global-curation-canberra-class-lhd	active	creation	exact	canberra-class-lhd	canberra-class-landing-helicopter-docks	Canberra Class Landing Helicopter Docks	["Canberra Class","Canberra-class LHD","Canberra-class LHDs","Canberra Class LHD"]	LHD expands to landing helicopter dock; all reviewed uses identify the same Canberra class.
normalize-global-curation-trieste-lhd	active	creation	exact	trieste-lhd	trieste-l9890	Italian Amphibious Assault Ship Trieste (L9890)	["Italian LHD Trieste","Trieste LHD"]	Both typed labels identify the individual Italian amphibious assault ship Trieste (L9890).
review-global-curation-western-allies	review	creation	exact	western-allies	western-allies	Western Allies of World War II	[]	Western Allies can identify different coalitions and periods; the reviewed current use identifies the Western Allies of World War II.
normalize-global-curation-aluminium-superstructure	active	creation	exact	aluminium-superstructure	aluminium-superstructures	Aluminium Superstructures	["Aluminium Superstructure","Aluminum Superstructure","Aluminum Superstructures"]	UK house-style singular input normalization; retain US spellings through the canonical topic aliases
review-global-curation-trieste	review	creation	exact	trieste	trieste	Trieste	[]	Trieste may identify the Italian city and port, the modern amphibious assault ship, or its design family; reviewed current references were split and future bare uses require context
review-global-curation-admiral-allison	review	creation	exact	admiral-allison	admiral-allison	Admiral Allison	[]	The sole transcript-backed context gives only the uncertain surname Allison or Alison and does not support a full identity; future uses require contextual review
review-global-curation-black-prince	review	creation	exact	black-prince	black-prince	Edward of Woodstock	[]	All three current contexts identify Edward of Woodstock; the nickname is not a separate person. Future uses of the bare rank/title form require contextual evidence.
review-global-curation-crown-prince-frederick	review	creation	exact	crown-prince-frederick	crown-prince-frederick	Frederick VI of Denmark	[]	The Copenhagen-era context identifies the Danish crown prince who became Frederick VI. Future uses of the bare rank/title form require contextual evidence.
review-global-curation-duke-of-marlborough	review	creation	exact	duke-of-marlborough	duke-of-marlborough	John Churchill	[]	The sole context is Prince Eugene's contemporary John Churchill, 1st Duke of Marlborough. Future uses of the bare rank/title form require contextual evidence.
review-global-curation-duke-of-medina-sidonia	review	creation	exact	duke-of-medina-sidonia	duke-of-medina-sidonia	Alonso Pérez de Guzmán	[]	Both contexts identify the 1588 Armada commander Alonso Pérez de Guzmán. Future uses of the bare rank/title form require contextual evidence.
review-global-curation-duke-of-parma	review	creation	exact	duke-of-parma	duke-of-parma	Alexander Farnese	[]	All seven contexts identify Alexander Farnese as Parma and the Armada invasion commander. Future uses of the bare rank/title form require contextual evidence.
review-global-curation-duke-of-wellington	review	creation	exact	duke-of-wellington	duke-of-wellington	Arthur Wellesley Duke Of Wellington	[]	Fifteen references concern Arthur Wellesley; one concerns the steam line-of-battle ship. Future uses must be routed by referent.
review-global-curation-duke-of-york	review	creation	exact	duke-of-york	duke-of-york	HMS Duke Of York	[]	All three current contexts concern the King George V-class battleship, not a holder of the dukedom. Future uses of the bare rank/title form require contextual evidence.
review-global-curation-earl-of-essex	review	creation	exact	earl-of-essex	earl-of-essex	Robert Devereux	[]	The Islands Voyage context identifies Robert Devereux, 2nd Earl of Essex. Future uses of the bare rank/title form require contextual evidence.
review-global-curation-earl-of-orford	review	creation	exact	earl-of-orford	earl-of-orford	Edward Russell	[]	The sole context explicitly identifies Edward Russell. Future uses of the bare rank/title form require contextual evidence.
review-global-curation-earl-st-vincent	review	creation	exact	earl-st-vincent	earl-st-vincent	John Jervis	[]	All three contexts concern John Jervis in Admiralty and promotion policy. Future uses of the bare rank/title form require contextual evidence.
review-global-curation-empress-elizabeth	review	creation	exact	empress-elizabeth	empress-elizabeth	Elizabeth Of Russia	[]	Both contexts concern Empress Elizabeth of Russia. Future uses of the bare rank/title form require contextual evidence.
review-global-curation-lady-meux	review	creation	exact	lady-meux	lady-meux	Mildred Cecilia Harriet Sturt	[]	The launch-sponsor context identifies Cecilia Meux, wife of Hedworth Meux; future title-only uses still require review. Future uses of the bare rank/title form require contextual evidence.
review-global-curation-marquess-of-montrose	review	creation	exact	marquess-of-montrose	marquess-of-montrose	James Graham, 1st Marquess of Montrose	[]	The Wars of the Three Kingdoms context identifies James Graham. Future uses of the bare rank/title form require contextual evidence.
review-global-curation-marquis-of-santa-cruz	review	creation	exact	marquis-of-santa-cruz	marquis-of-santa-cruz	Alvaro De Bazan	[]	Both command contexts identify Álvaro de Bazán. Future uses of the bare rank/title form require contextual evidence.
review-global-curation-medina-sidonia	review	creation	exact	medina-sidonia	medina-sidonia	Alonso Pérez de Guzmán	[]	All current bare-title contexts identify Alonso Pérez de Guzmán, but future title-only uses require review. Future uses of the bare rank/title form require contextual evidence.
normalize-global-curation-prince-charles-duke-of-sodermanland	active	creation	exact	prince-charles-duke-of-sodermanland	charles-xiii	Charles Xiii	["Prince Charles Duke Of Sodermanland"]	The Krasnaya Gorka context identifies the future Charles XIII of Sweden.
review-global-curation-prince-of-wales	review	creation	exact	prince-of-wales	prince-of-wales	Edward VII	[]	Three occurrences concern the future Edward VII, two concern the First Fleet transport, and the remaining twenty-nine concern HMS Prince of Wales. Future uses must be routed by referent.
review-global-curation-prince-rupert	review	creation	exact	prince-rupert	prince-rupert	Rupert of the Rhine	[]	Five occurrences concern Rupert of the Rhine; the drydock occurrence concerns Prince Rupert, British Columbia. Future uses must be routed by referent.
review-global-curation-princess-beatrix	review	creation	exact	princess-beatrix	princess-beatrix	HMS Princess Beatrix	[]	The sole current context is the landing ship used in Operation Claymore. Future uses of the bare rank/title form require contextual evidence.
review-global-curation-princess-royal	review	creation	exact	princess-royal	princess-royal	Princess Royal (Title)	[]	One occurrence is HMS Princess Royal; the other discusses the hereditary title and naming tradition generically. Future uses must be routed by referent.
review-global-curation-queen-emma	review	creation	exact	queen-emma	queen-emma	Emma of Hawaii	[]	One occurrence is HMS Queen Emma; the Hawaii context is Queen Emma of Hawaii. Future uses must be routed by referent.
review-global-curation-queen-mary	review	creation	exact	queen-mary	queen-mary	Mary of Teck	[]	Seven occurrences are HMS Queen Mary, one is Mary of Teck, and one is RMS Queen Mary. Future uses must be routed by referent.
review-global-curation-red-baron	review	creation	exact	red-baron	red-baron	Manfred von Richthofen	[]	The sole context explicitly names Manfred von Richthofen and discusses his nickname. Future uses of the bare rank/title form require contextual evidence.
review-global-curation-sergeant-york	review	creation	exact	sergeant-york	sergeant-york	M247 Sergeant York	[]	The sole current context is the M247 anti-aircraft weapon system. Future uses of the bare rank/title form require contextual evidence.
review-global-curation-st-vincent	review	creation	exact	st-vincent	st-vincent	John Jervis	[]	The sole current use co-occurs with John Jervis and refers to his title; the bare form remains globally ambiguous. Future uses of the bare rank/title form require contextual evidence.
review-global-curation-william-v	review	creation	exact	william-v	william-v	William V Of Orange	[]	The Vlieter Incident context identifies William V of Orange; the numeral-only form is not globally unique. Future uses of the bare rank/title form require contextual evidence.
normalize-global-curation-william-v-prince-of-orange	active	creation	exact	william-v-prince-of-orange	william-v-of-orange	William V Of Orange	["William V Prince Of Orange"]	This is the same person as the existing William V of Orange topic.
normalize-global-curation-enterprise-d	active	creation	exact	enterprise-d	fiction-star-trek-uss-enterprise-d	USS Enterprise-D (Star Trek Fiction)	["Enterprise-D","Enterprise D","USS Enterprise D","NCC-1701-D","USS Enterprise (NCC-1701-D)","USS Enterprise-D"]	Both reviewed labels identify the fictional Galaxy-class USS Enterprise NCC-1701-D.
normalize-global-curation-uss-enterprise-d	active	creation	exact	uss-enterprise-d	fiction-star-trek-uss-enterprise-d	USS Enterprise-D (Star Trek Fiction)	["Enterprise-D","Enterprise D","USS Enterprise D","NCC-1701-D","USS Enterprise (NCC-1701-D)","USS Enterprise-D"]	Both reviewed labels identify the fictional Galaxy-class USS Enterprise NCC-1701-D.
normalize-global-curation-confederate-army-of-tennessee	active	creation	exact	confederate-army-of-tennessee	army-of-tennessee	Army of Tennessee (Confederate)	["Confederate Army Of Tennessee"]	Both labels identify the Confederate Army of Tennessee; the Union Army of the Tennessee remains distinct.
normalize-global-curation-british-east-india-company	active	creation	exact	british-east-india-company	east-india-company	East India Company	["EIC","East India Company merchantmen","Indiamen","British East India Company","English East India Company"]	The conventional East India Company topic is the English and later British institution; Dutch and French companies remain separately qualified.
normalize-global-curation-english-east-india-company	active	creation	exact	english-east-india-company	east-india-company	East India Company	["EIC","East India Company merchantmen","Indiamen","British East India Company","English East India Company"]	The conventional East India Company topic is the English and later British institution; Dutch and French companies remain separately qualified.
normalize-global-curation-fleet-aircraft-carriers	active	creation	exact	fleet-aircraft-carriers	fleet-carriers	Fleet Carriers	["large carriers","Fleet Aircraft Carriers"]	Fleet aircraft carrier and fleet carrier are full and shortened names for the same ship type.
normalize-global-curation-carrier-air-strike	active	creation	exact	carrier-air-strike	carrier-strike	Carrier Strike	["Carrier Strikes","Carrier Air Strike","Carrier Air Strikes"]	All reviewed uses identify the same carrier-launched strike concept; doctrine and planning topics remain distinct.
